timestamp,accX,accY,accZ
167251037,-0.29,0.87,0.36
167252975,-0.29,0.87,0.36
167254978,-0.29,0.87,0.36
167256972,-0.29,0.86,0.37
167258971,-0.29,0.86,0.37
167260973,-0.29,0.86,0.37
167262978,-0.29,0.86,0.37
167265050,-0.29,0.86,0.37
167266977,-0.29,0.86,0.38
167268976,-0.29,0.86,0.38
167270975,-0.29,0.86,0.38
167272980,-0.29,0.86,0.38
167274982,-0.29,0.86,0.38
167277005,-0.29,0.86,0.38
167278978,-0.29,0.88,0.37
167280979,-0.29,0.88,0.37
167282974,-0.29,0.88,0.37
167284974,-0.29,0.88,0.37
167286975,-0.29,0.88,0.37
167288975,-0.29,0.87,0.36
167291048,-0.29,0.87,0.36
167292986,-0.29,0.87,0.36
167294997,-0.29,0.87,0.36
167296974,-0.29,0.87,0.36
167298978,-0.29,0.87,0.37
167357045,-0.29,0.86,0.38
167359021,-0.29,0.86,0.38
167361020,-0.29,0.87,0.37
167363021,-0.29,0.87,0.37
167365116,-0.29,0.87,0.37
167367021,-0.29,0.87,0.37
167369022,-0.29,0.87,0.37
167371023,-0.29,0.86,0.38
167373012,-0.29,0.86,0.38
167374987,-0.29,0.86,0.38
167377022,-0.29,0.86,0.38
167379000,-0.29,0.86,0.38
167380975,-0.29,0.87,0.38
167382980,-0.29,0.87,0.38
167384975,-0.29,0.87,0.38
167386979,-0.29,0.87,0.38
167388973,-0.29,0.87,0.38
167391063,-0.29,0.86,0.38
167392983,-0.29,0.86,0.38
167395021,-0.29,0.86,0.38
167397145,-0.29,0.86,0.38
167399039,-0.29,0.86,0.38
167401022,-0.29,0.87,0.37
167403022,-0.29,0.87,0.37
167405020,-0.29,0.87,0.37
167407022,-0.29,0.87,0.37
167409025,-0.29,0.87,0.37
167411051,-0.29,0.87,0.38
167413030,-0.29,0.87,0.38
167415123,-0.29,0.87,0.38
167416988,-0.29,0.87,0.38
167418985,-0.29,0.87,0.38
167420992,-0.29,0.86,0.38
167423073,-0.29,0.86,0.38
167425007,-0.29,0.86,0.38
167426978,-0.29,0.86,0.38
167428980,-0.29,0.86,0.38
167430990,-0.29,0.86,0.38
167433025,-0.29,0.87,0.38
167434975,-0.29,0.87,0.38
167436974,-0.29,0.87,0.38
167439045,-0.29,0.87,0.38
167441134,-0.29,0.87,0.38
167443019,-0.29,0.87,0.37
167445031,-0.29,0.87,0.37
167447083,-0.29,0.87,0.37
167449036,-0.29,0.87,0.37
167451019,-0.29,0.87,0.37
167453018,-0.29,0.87,0.37
167455056,-0.29,0.87,0.37
167457043,-0.29,0.87,0.37
167459003,-0.29,0.87,0.37
167460978,-0.29,0.87,0.37
167462985,-0.29,0.86,0.39
167465110,-0.29,0.86,0.39
167467056,-0.29,0.86,0.39
167469000,-0.29,0.86,0.39
167470978,-0.29,0.86,0.39
167472988,-0.29,0.86,0.38
167475025,-0.29,0.86,0.38
167477015,-0.29,0.86,0.38
167479047,-0.29,0.86,0.38
167481022,-0.29,0.86,0.38
167483018,-0.29,0.86,0.39
167485023,-0.29,0.86,0.39
167487055,-0.29,0.86,0.39
167489025,-0.29,0.86,0.39
167491130,-0.29,0.86,0.39
167493020,-0.28,0.86,0.38
167495024,-0.28,0.86,0.38
167497074,-0.28,0.86,0.38
167499006,-0.28,0.86,0.38
167500977,-0.28,0.86,0.38
167502979,-0.28,0.86,0.39
167504989,-0.28,0.86,0.39
167507020,-0.28,0.86,0.39
167508979,-0.28,0.86,0.39
167510991,-0.28,0.86,0.39
167512979,-0.28,0.86,0.39
167515069,-0.29,0.86,0.38
167516993,-0.29,0.86,0.38
167519044,-0.29,0.86,0.38
167521024,-0.29,0.86,0.38
167523021,-0.29,0.86,0.38
167525018,-0.28,0.87,0.38
167527021,-0.28,0.87,0.38
167529019,-0.28,0.87,0.38
167531023,-0.28,0.87,0.38
167532980,-0.28,0.87,0.38
167534993,-0.29,0.86,0.39
167537018,-0.29,0.86,0.39
167538979,-0.29,0.86,0.39
167541073,-0.29,0.86,0.39
167542978,-0.29,0.86,0.39
167544975,-0.29,0.86,0.39
167546975,-0.29,0.86,0.39
167548974,-0.29,0.86,0.39
167551005,-0.29,0.86,0.39
167553084,-0.29,0.86,0.39
167555003,-0.29,0.87,0.38
167556985,-0.29,0.87,0.38
167559031,-0.29,0.87,0.38
167561019,-0.29,0.87,0.38
167563018,-0.29,0.87,0.38
167565123,-0.29,0.86,0.38
167567019,-0.29,0.86,0.38
167569023,-0.29,0.86,0.38
167571053,-0.29,0.86,0.38
167573026,-0.29,0.86,0.38
167574998,-0.29,0.86,0.39
167577012,-0.29,0.86,0.39
167578981,-0.29,0.86,0.39
167580990,-0.29,0.86,0.39
167583090,-0.29,0.86,0.39
167585010,-0.29,0.86,0.39
167586998,-0.29,0.86,0.39
167588973,-0.29,0.86,0.39
167591106,-0.29,0.86,0.39
167593026,-0.29,0.86,0.39
167594994,-0.29,0.86,0.39
167596983,-0.29,0.86,0.38
167599043,-0.29,0.86,0.38
167601022,-0.29,0.86,0.38
167603022,-0.29,0.86,0.38
167605035,-0.29,0.86,0.38
167607070,-0.30,0.86,0.39
167609035,-0.30,0.86,0.39
167611018,-0.30,0.86,0.39
167613020,-0.30,0.86,0.39
167615123,-0.30,0.86,0.39
167616986,-0.29,0.86,0.38
167618979,-0.29,0.86,0.38
167620978,-0.29,0.86,0.38
167622983,-0.29,0.86,0.38
167625069,-0.29,0.86,0.38
167627012,-0.30,0.86,0.38
167628984,-0.30,0.86,0.38
167630979,-0.30,0.86,0.38
167632983,-0.30,0.86,0.38
167634983,-0.30,0.86,0.38
167636984,-0.29,0.87,0.38
167639031,-0.29,0.87,0.38
167641148,-0.29,0.87,0.38
167643022,-0.29,0.87,0.38
167645022,-0.29,0.87,0.38
167647024,-0.30,0.87,0.38
167649020,-0.30,0.87,0.38
167651010,-0.30,0.87,0.38
167652990,-0.30,0.87,0.38
167655079,-0.30,0.87,0.38
167657003,-0.26,0.86,0.43
167658975,-0.26,0.86,0.43
167660984,-0.26,0.86,0.43
167662987,-0.26,0.86,0.43
167665100,-0.26,0.86,0.43
167667024,-0.26,0.86,0.43
167668978,-0.31,0.87,0.39
167670978,-0.31,0.87,0.39
167672974,-0.31,0.87,0.39
167674977,-0.31,0.87,0.39
167677013,-0.31,0.87,0.39
167679043,-0.29,0.85,0.38
167681019,-0.29,0.85,0.38
167683017,-0.29,0.85,0.38
167685043,-0.29,0.85,0.38
167687059,-0.29,0.85,0.38
167689022,-0.29,0.85,0.40
167691130,-0.29,0.85,0.40
167693021,-0.29,0.85,0.40
167695038,-0.29,0.85,0.40
167697052,-0.29,0.85,0.40
167699005,-0.29,0.86,0.41
167700979,-0.29,0.86,0.41
167702976,-0.29,0.86,0.41
167705004,-0.29,0.86,0.41
167707028,-0.29,0.86,0.41
167708986,-0.28,0.85,0.39
167710979,-0.28,0.85,0.39
167712975,-0.28,0.85,0.39
167715070,-0.28,0.85,0.39
167716985,-0.28,0.85,0.39
167719047,-0.29,0.86,0.39
167721022,-0.29,0.86,0.39
167723023,-0.29,0.86,0.39
167725039,-0.29,0.86,0.39
167727056,-0.29,0.86,0.39
167729021,-0.29,0.86,0.39
167731020,-0.29,0.86,0.39
167733022,-0.29,0.86,0.39
167735041,-0.29,0.86,0.39
167737047,-0.29,0.86,0.39
167739030,-0.29,0.86,0.39
167741099,-0.29,0.86,0.40
167742975,-0.29,0.86,0.40
167744978,-0.29,0.86,0.40
167747031,-0.29,0.86,0.40
167749012,-0.29,0.86,0.40
167750980,-0.29,0.86,0.39
167752982,-0.29,0.86,0.39
167754974,-0.29,0.86,0.39
167756976,-0.29,0.86,0.39
167759041,-0.29,0.86,0.39
167761021,-0.29,0.86,0.40
167763020,-0.29,0.86,0.40
167765144,-0.29,0.86,0.40
167767074,-0.29,0.86,0.40
167769038,-0.29,0.86,0.40
167771019,-0.29,0.85,0.42
167773024,-0.29,0.85,0.42
167775012,-0.29,0.85,0.42
167777011,-0.29,0.85,0.42
167778973,-0.29,0.85,0.42
167780979,-0.29,0.85,0.43
167782975,-0.29,0.85,0.43
167784980,-0.29,0.85,0.43
167787004,-0.29,0.85,0.43
167789058,-0.29,0.85,0.43
167791102,-0.28,0.85,0.44
167792985,-0.28,0.85,0.44
167794996,-0.28,0.85,0.44
167797029,-0.28,0.85,0.44
167799041,-0.28,0.85,0.44
167801022,-0.28,0.86,0.44
167803018,-0.28,0.86,0.44
167805037,-0.28,0.86,0.44
167807052,-0.28,0.86,0.44
167809022,-0.28,0.86,0.44
167811022,-0.28,0.86,0.45
167813015,-0.28,0.86,0.45
167815088,-0.28,0.86,0.45
167816988,-0.28,0.86,0.45
167818979,-0.28,0.86,0.45
167820992,-0.28,0.86,0.45
167823091,-0.29,0.84,0.44
167825001,-0.29,0.84,0.44
167826979,-0.29,0.84,0.44
167828979,-0.29,0.84,0.44
167830976,-0.29,0.84,0.44
167832980,-0.28,0.86,0.45
167834980,-0.28,0.86,0.45
167837023,-0.28,0.86,0.45
167839058,-0.28,0.86,0.45
167841161,-0.28,0.86,0.45
167843038,-0.25,0.84,0.50
167845022,-0.25,0.84,0.50
167847018,-0.25,0.84,0.50
167849067,-0.25,0.84,0.50
167851027,-0.25,0.84,0.50
167853020,-0.25,0.85,0.50
167855021,-0.25,0.85,0.50
167857014,-0.25,0.85,0.50
167859058,-0.25,0.85,0.50
167860993,-0.25,0.85,0.50
167862978,-0.25,0.84,0.48
167865075,-0.25,0.84,0.48
167866983,-0.25,0.84,0.48
167868989,-0.25,0.84,0.48
167871022,-0.25,0.84,0.48
167872974,-0.27,0.80,0.46
167874974,-0.27,0.80,0.46
167877018,-0.27,0.80,0.46
167879046,-0.27,0.80,0.46
167881019,-0.27,0.80,0.46
167883020,-0.27,0.78,0.46
167885045,-0.27,0.78,0.46
167887051,-0.27,0.78,0.46
167889026,-0.27,0.78,0.46
167891128,-0.27,0.78,0.46
167893021,-0.27,0.78,0.46
167895044,-0.27,0.80,0.49
167897056,-0.27,0.80,0.49
167898979,-0.27,0.80,0.49
167900979,-0.27,0.80,0.49
167902979,-0.27,0.80,0.49
167904980,-0.27,0.84,0.49
167906982,-0.27,0.84,0.49
167908979,-0.27,0.84,0.49
167910978,-0.27,0.84,0.49
167913000,-0.27,0.84,0.49
167915123,-0.27,0.88,0.50
167916984,-0.27,0.88,0.50
167919042,-0.27,0.88,0.50
167921018,-0.27,0.88,0.50
167923021,-0.27,0.88,0.50
167925020,-0.27,0.84,0.54
167927035,-0.27,0.84,0.54
167929052,-0.27,0.84,0.54
167931025,-0.27,0.84,0.54
167933020,-0.27,0.84,0.54
167935004,-0.28,0.81,0.53
167936985,-0.28,0.81,0.53
167938984,-0.28,0.81,0.53
167941086,-0.28,0.81,0.53
167942986,-0.28,0.81,0.53
167944986,-0.29,0.81,0.50
167946984,-0.29,0.81,0.50
167948978,-0.29,0.81,0.50
167950975,-0.29,0.81,0.50
167952984,-0.29,0.81,0.50
167954987,-0.29,0.78,0.50
167956978,-0.29,0.78,0.50
167959049,-0.29,0.78,0.50
167961052,-0.29,0.78,0.50
167963021,-0.29,0.78,0.50
167965121,-0.28,0.75,0.52
167967021,-0.28,0.75,0.52
167969069,-0.28,0.75,0.52
167971038,-0.28,0.75,0.52
167973020,-0.28,0.75,0.52
167975020,-0.28,0.75,0.52
167977016,-0.26,0.78,0.55
167978978,-0.26,0.78,0.55
167980973,-0.26,0.78,0.55
167982975,-0.26,0.78,0.55
167984978,-0.26,0.78,0.55
167986979,-0.26,0.77,0.56
167988980,-0.26,0.77,0.56
167991083,-0.26,0.77,0.56
167992983,-0.26,0.77,0.56
167994997,-0.26,0.77,0.56
167997001,-0.26,0.78,0.57
167999068,-0.26,0.78,0.57
168001032,-0.26,0.78,0.57
168003020,-0.26,0.78,0.57
168005021,-0.26,0.78,0.57
168007066,-0.27,0.77,0.57
168009046,-0.27,0.77,0.57
168011018,-0.27,0.77,0.57
168013019,-0.27,0.77,0.57
168015117,-0.27,0.77,0.57
168017124,-0.27,0.75,0.56
168019007,-0.27,0.75,0.56
168020979,-0.27,0.75,0.56
168022976,-0.27,0.75,0.56
168024983,-0.27,0.75,0.56
168027022,-0.27,0.75,0.58
168028974,-0.27,0.75,0.58
168030978,-0.27,0.75,0.58
168032973,-0.27,0.75,0.58
168034984,-0.27,0.75,0.58
168036979,-0.25,0.74,0.60
168038974,-0.25,0.74,0.60
168041138,-0.25,0.74,0.60
168043022,-0.25,0.74,0.60
168045022,-0.25,0.74,0.60
168047043,-0.25,0.74,0.60
168049065,-0.25,0.73,0.61
168051034,-0.25,0.73,0.61
168053021,-0.25,0.73,0.61
168055021,-0.25,0.73,0.61
168057061,-0.25,0.73,0.61
168059030,-0.25,0.74,0.60
168061013,-0.25,0.74,0.60
168062984,-0.25,0.74,0.60
168065099,-0.25,0.74,0.60
168067057,-0.25,0.74,0.60
168069005,-0.25,0.71,0.60
168070983,-0.25,0.71,0.60
168072992,-0.25,0.71,0.60
168075027,-0.25,0.71,0.60
168077014,-0.25,0.71,0.60
168078985,-0.25,0.71,0.59
168081047,-0.25,0.71,0.59
168083019,-0.25,0.71,0.59
168085019,-0.25,0.71,0.59
168087021,-0.25,0.71,0.59
168089027,-0.25,0.74,0.59
168091155,-0.25,0.74,0.59
168093023,-0.25,0.74,0.59
168095018,-0.25,0.74,0.59
168097014,-0.25,0.74,0.59
168098982,-0.25,0.72,0.62
168100985,-0.25,0.72,0.62
168102983,-0.25,0.72,0.62
168105071,-0.25,0.72,0.62
168107016,-0.25,0.72,0.62
168108980,-0.25,0.71,0.61
168110981,-0.25,0.71,0.61
168113001,-0.25,0.71,0.61
168115126,-0.25,0.71,0.61
168116982,-0.25,0.71,0.61
168118993,-0.25,0.73,0.61
168121029,-0.25,0.73,0.61
168123016,-0.25,0.73,0.61
168125009,-0.25,0.73,0.61
168127020,-0.25,0.73,0.61
168129086,-0.25,0.73,0.61
168131035,-0.25,0.72,0.62
168133014,-0.25,0.72,0.62
168135015,-0.25,0.72,0.62
168137011,-0.25,0.72,0.62
168139047,-0.25,0.72,0.62
168141075,-0.24,0.73,0.64
168142969,-0.24,0.73,0.64
168144967,-0.24,0.73,0.64
168146966,-0.24,0.73,0.64
168149013,-0.24,0.73,0.64
168151020,-0.25,0.75,0.66
168152959,-0.25,0.75,0.66
168154958,-0.25,0.75,0.66
168156958,-0.25,0.75,0.66
168158959,-0.25,0.75,0.66
168161028,-0.25,0.72,0.65
168163015,-0.25,0.72,0.65
168165111,-0.25,0.72,0.65
168167041,-0.25,0.72,0.65
168169041,-0.25,0.72,0.65
168171014,-0.26,0.71,0.61
168173014,-0.26,0.71,0.61
168175018,-0.26,0.71,0.61
168177068,-0.26,0.71,0.61
168179007,-0.26,0.71,0.61
168181018,-0.25,0.70,0.62
168182970,-0.25,0.70,0.62
168184958,-0.25,0.70,0.62
168187037,-0.25,0.70,0.62
168188991,-0.25,0.70,0.62
168191091,-0.25,0.70,0.64
168193036,-0.25,0.70,0.64
168194991,-0.25,0.70,0.64
168196974,-0.25,0.70,0.64
168198971,-0.25,0.70,0.64
168201031,-0.25,0.70,0.64
168203013,-0.24,0.71,0.67
168205014,-0.24,0.71,0.67
168207039,-0.24,0.71,0.67
168209036,-0.24,0.71,0.67
168211014,-0.24,0.71,0.67
168213009,-0.25,0.73,0.68
168215053,-0.25,0.73,0.68
168217035,-0.25,0.73,0.68
168218992,-0.25,0.73,0.68
168220967,-0.25,0.73,0.68
168222966,-0.24,0.73,0.68
168224974,-0.24,0.73,0.68
168227015,-0.24,0.73,0.68
168228967,-0.24,0.73,0.68
168230980,-0.24,0.73,0.68
168232971,-0.25,0.68,0.66
168234969,-0.25,0.68,0.66
168236967,-0.25,0.68,0.66
168238969,-0.25,0.68,0.66
168241057,-0.25,0.68,0.66
168243011,-0.25,0.67,0.64
168245009,-0.25,0.67,0.64
168247009,-0.25,0.67,0.64
168249009,-0.25,0.67,0.64
168251013,-0.25,0.67,0.64
168253039,-0.25,0.66,0.66
168255062,-0.25,0.66,0.66
168257009,-0.25,0.66,0.66
168258968,-0.25,0.66,0.66
168260969,-0.25,0.66,0.66
168262966,-0.24,0.66,0.68
168265048,-0.24,0.66,0.68
168267001,-0.24,0.66,0.68
168268957,-0.24,0.66,0.68
168270958,-0.24,0.66,0.68
168273017,-0.25,0.67,0.67
168274967,-0.25,0.67,0.67
168276969,-0.25,0.67,0.67
168278959,-0.25,0.67,0.67
168281119,-0.25,0.67,0.67
168283017,-0.25,0.67,0.67
168285009,-0.25,0.68,0.67
168287027,-0.25,0.68,0.67
168289040,-0.25,0.68,0.67
168291044,-0.25,0.68,0.67
168293016,-0.25,0.68,0.67
168295016,-0.25,0.68,0.70
168297046,-0.25,0.68,0.70
168299016,-0.25,0.68,0.70
168300969,-0.25,0.68,0.70
168302966,-0.25,0.68,0.70
168304999,-0.24,0.67,0.69
168307040,-0.24,0.67,0.69
168308972,-0.24,0.67,0.69
168310966,-0.24,0.67,0.69
168313006,-0.24,0.67,0.69
168315046,-0.25,0.69,0.69
168316970,-0.25,0.69,0.69
168318981,-0.25,0.69,0.69
168321028,-0.25,0.69,0.69
168323013,-0.25,0.69,0.69
168325015,-0.24,0.67,0.70
168327038,-0.24,0.67,0.70
168329034,-0.24,0.67,0.70
168331009,-0.24,0.67,0.70
168333006,-0.24,0.67,0.70
168335035,-0.24,0.64,0.70
168337052,-0.24,0.64,0.70
168338998,-0.24,0.64,0.70
168341000,-0.24,0.64,0.70
168342968,-0.24,0.64,0.70
168345010,-0.24,0.67,0.70
168347006,-0.24,0.67,0.70
168348971,-0.24,0.67,0.70
168350965,-0.24,0.67,0.70
168352969,-0.24,0.67,0.70
168355005,-0.24,0.67,0.70
168356965,-0.23,0.65,0.71
168358968,-0.23,0.65,0.71
168361030,-0.23,0.65,0.71
168363015,-0.23,0.65,0.71
168365032,-0.23,0.65,0.71
168367010,-0.24,0.63,0.71
168369006,-0.24,0.63,0.71
168371042,-0.24,0.63,0.71
168373033,-0.24,0.63,0.71
168375018,-0.24,0.63,0.71
168376993,-0.23,0.63,0.73
168378974,-0.23,0.63,0.73
168381004,-0.23,0.63,0.73
168383046,-0.23,0.63,0.73
168385002,-0.23,0.63,0.73
168386958,-0.23,0.64,0.73
168388958,-0.23,0.64,0.73
168390996,-0.23,0.64,0.73
168392974,-0.23,0.64,0.73
168394986,-0.23,0.64,0.73
168396969,-0.25,0.61,0.71
168398971,-0.25,0.61,0.71
168401041,-0.25,0.61,0.71
168403042,-0.25,0.61,0.71
168405022,-0.25,0.61,0.71
168407008,-0.24,0.59,0.73
168409007,-0.24,0.59,0.73
168411015,-0.24,0.59,0.73
168413038,-0.24,0.59,0.73
168415044,-0.24,0.59,0.73
168417006,-0.23,0.63,0.75
168418966,-0.23,0.63,0.75
168420966,-0.23,0.63,0.75
168422970,-0.23,0.63,0.75
168424974,-0.23,0.63,0.75
168426968,-0.23,0.63,0.75
168428974,-0.23,0.62,0.75
168430972,-0.23,0.62,0.75
168432968,-0.23,0.62,0.75
168434965,-0.23,0.62,0.75
168436967,-0.23,0.62,0.75
168438966,-0.25,0.60,0.72
168441017,-0.25,0.60,0.72
168443010,-0.25,0.60,0.72
168445010,-0.25,0.60,0.72
168447021,-0.25,0.60,0.72
168449080,-0.25,0.59,0.72
168451035,-0.25,0.59,0.72
168453016,-0.25,0.59,0.72
168455005,-0.25,0.59,0.72
168456975,-0.25,0.59,0.72
168459015,-0.23,0.62,0.75
168460970,-0.23,0.62,0.75
168462966,-0.23,0.62,0.75
168464990,-0.23,0.62,0.75
168466980,-0.23,0.62,0.75
168469040,-0.23,0.61,0.75
168470980,-0.23,0.61,0.75
168472967,-0.23,0.61,0.75
168474966,-0.23,0.61,0.75
168477017,-0.23,0.61,0.75
168479014,-0.23,0.60,0.74
168481050,-0.23,0.60,0.74
168483024,-0.23,0.60,0.74
168485011,-0.23,0.60,0.74
168487015,-0.23,0.60,0.74
168489015,-0.23,0.61,0.74
168491038,-0.23,0.61,0.74
168493039,-0.23,0.61,0.74
168495032,-0.23,0.61,0.74
168497016,-0.23,0.61,0.74
168498969,-0.23,0.59,0.75
168500967,-0.23,0.59,0.75
168502967,-0.23,0.59,0.75
168504969,-0.23,0.59,0.75
168506967,-0.23,0.59,0.75
168509041,-0.23,0.59,0.75
168511010,-0.22,0.59,0.77
168512971,-0.22,0.59,0.77
168514958,-0.22,0.59,0.77
168516984,-0.22,0.59,0.77
168519016,-0.22,0.59,0.77
168521026,-0.23,0.60,0.76
168523011,-0.23,0.60,0.76
168525010,-0.23,0.60,0.76
168527009,-0.23,0.60,0.76
168529011,-0.23,0.60,0.76
168531008,-0.23,0.58,0.76
168533006,-0.23,0.58,0.76
168534968,-0.23,0.58,0.76
168536968,-0.23,0.58,0.76
168538970,-0.23,0.58,0.76
168540998,-0.23,0.60,0.77
168542978,-0.23,0.60,0.77
168545047,-0.23,0.60,0.77
168546994,-0.23,0.60,0.77
168548959,-0.23,0.60,0.77
168550958,-0.23,0.60,0.77
168552967,-0.23,0.60,0.77
168554959,-0.23,0.60,0.77
168556998,-0.23,0.60,0.77
168559019,-0.23,0.60,0.77
168561026,-0.23,0.57,0.76
168563015,-0.23,0.57,0.76
168565034,-0.23,0.57,0.76
168567009,-0.23,0.57,0.76
168569043,-0.23,0.57,0.76
168571039,-0.24,0.55,0.74
168573021,-0.24,0.55,0.74
168575015,-0.24,0.55,0.74
168577001,-0.24,0.55,0.74
168578971,-0.24,0.55,0.74
168581001,-0.22,0.57,0.76
168582968,-0.22,0.57,0.76
168585042,-0.22,0.57,0.76
168587012,-0.22,0.57,0.76
168588966,-0.22,0.57,0.76
168590996,-0.22,0.57,0.76
168592984,-0.23,0.59,0.77
168595024,-0.23,0.59,0.77
168596967,-0.23,0.59,0.77
168598966,-0.23,0.59,0.77
168601025,-0.23,0.59,0.77
168603014,-0.22,0.55,0.77
168605007,-0.22,0.55,0.77
168607009,-0.22,0.55,0.77
168609028,-0.22,0.55,0.77
168611027,-0.22,0.55,0.77
168613025,-0.23,0.57,0.76
168615033,-0.23,0.57,0.76
168616975,-0.23,0.57,0.76
168619001,-0.23,0.57,0.76
168621051,-0.23,0.57,0.76
168622992,-0.23,0.55,0.76
168624975,-0.23,0.55,0.76
168626970,-0.23,0.55,0.76
168628965,-0.23,0.55,0.76
168630974,-0.23,0.55,0.76
168633014,-0.23,0.55,0.76
168634968,-0.23,0.55,0.76
168636970,-0.23,0.55,0.76
168638958,-0.23,0.55,0.76
168641059,-0.23,0.55,0.76
168643012,-0.23,0.59,0.78
168645009,-0.23,0.59,0.78
168647027,-0.23,0.59,0.78
168649043,-0.23,0.59,0.78
168651020,-0.23,0.59,0.78
168653007,-0.23,0.59,0.80
168654998,-0.23,0.59,0.80
168656992,-0.23,0.59,0.80
168659030,-0.23,0.59,0.80
168661003,-0.23,0.59,0.80
168662974,-0.23,0.59,0.80
168664991,-0.24,0.59,0.79
168666969,-0.24,0.59,0.79
168668965,-0.24,0.59,0.79
168670968,-0.24,0.59,0.79
168673031,-0.24,0.59,0.79
168674985,-0.23,0.54,0.79
168676974,-0.23,0.54,0.79
168678972,-0.23,0.54,0.79
168681052,-0.23,0.54,0.79
168683026,-0.23,0.54,0.79
168685007,-0.23,0.56,0.81
168687009,-0.23,0.56,0.81
168689036,-0.23,0.56,0.81
168691053,-0.23,0.56,0.81
168693014,-0.23,0.56,0.81
168695018,-0.23,0.57,0.81
168697038,-0.23,0.57,0.81
168699018,-0.23,0.57,0.81
168700972,-0.23,0.57,0.81
168703131,-0.23,0.57,0.81
168704990,-0.24,0.56,0.81
168707019,-0.24,0.56,0.81
168708975,-0.24,0.56,0.81
168710975,-0.24,0.56,0.81
168712973,-0.24,0.56,0.81
168714998,-0.23,0.55,0.79
168716971,-0.23,0.55,0.79
168718972,-0.23,0.55,0.79
168721035,-0.23,0.55,0.79
168723016,-0.23,0.55,0.79
168725012,-0.24,0.55,0.77
168727017,-0.24,0.55,0.77
168729016,-0.24,0.55,0.77
168731085,-0.24,0.55,0.77
168733021,-0.24,0.55,0.77
168735013,-0.25,0.55,0.78
168737003,-0.25,0.55,0.78
168738985,-0.25,0.55,0.78
168741080,-0.25,0.55,0.78
168742984,-0.25,0.55,0.78
168744971,-0.25,0.55,0.78
168746981,-0.25,0.55,0.79
168749015,-0.25,0.55,0.79
168750971,-0.25,0.55,0.79
168752975,-0.25,0.55,0.79
168754975,-0.25,0.55,0.79
168756980,-0.24,0.57,0.80
168758976,-0.24,0.57,0.80
168761030,-0.24,0.57,0.80
168763040,-0.24,0.57,0.80
168765047,-0.24,0.57,0.80
168767013,-0.24,0.55,0.81
168769045,-0.24,0.55,0.81
168771037,-0.24,0.55,0.81
168773018,-0.24,0.55,0.81
168775010,-0.24,0.55,0.81
168777012,-0.24,0.53,0.80
168779035,-0.24,0.53,0.80
168781012,-0.24,0.53,0.80
168782975,-0.24,0.53,0.80
168784975,-0.24,0.53,0.80
168787022,-0.25,0.52,0.78
168789003,-0.25,0.52,0.78
168791001,-0.25,0.52,0.78
168792980,-0.25,0.52,0.78
168794986,-0.25,0.52,0.78
168796976,-0.24,0.50,0.81
168798979,-0.24,0.50,0.81
168801027,-0.24,0.50,0.81
168803012,-0.24,0.50,0.81
168805013,-0.24,0.50,0.81
168807013,-0.24,0.49,0.81
168809012,-0.24,0.49,0.81
168811015,-0.24,0.49,0.81
168813022,-0.24,0.49,0.81
168815075,-0.24,0.49,0.81
168817000,-0.24,0.49,0.81
168818976,-0.24,0.48,0.81
168820979,-0.24,0.48,0.81
168822982,-0.24,0.48,0.81
168824993,-0.24,0.48,0.81
168827017,-0.24,0.48,0.81
168828975,-0.24,0.48,0.82
168830969,-0.24,0.48,0.82
168832972,-0.24,0.48,0.82
168834976,-0.24,0.48,0.82
168836978,-0.24,0.48,0.82
168838975,-0.24,0.49,0.82
168841059,-0.24,0.49,0.82
168843013,-0.24,0.49,0.82
168845014,-0.24,0.49,0.82
168847014,-0.24,0.49,0.82
168849011,-0.24,0.51,0.83
168851049,-0.24,0.51,0.83
168853035,-0.24,0.51,0.83
168855015,-0.24,0.51,0.83
168857013,-0.24,0.51,0.83
168858979,-0.25,0.50,0.82
168860982,-0.25,0.50,0.82
168863046,-0.25,0.50,0.82
168865022,-0.25,0.50,0.82
168867005,-0.25,0.50,0.82
168868970,-0.25,0.49,0.81
168870980,-0.25,0.49,0.81
168873018,-0.25,0.49,0.81
168874971,-0.25,0.49,0.81
168876975,-0.25,0.49,0.81
168878974,-0.25,0.48,0.79
168881047,-0.25,0.48,0.79
168883029,-0.25,0.48,0.79
168885014,-0.25,0.48,0.79
168887022,-0.25,0.48,0.79
168889071,-0.25,0.46,0.79
168891054,-0.25,0.46,0.79
168893017,-0.25,0.46,0.79
168895018,-0.25,0.46,0.79
168897013,-0.25,0.46,0.79
168898975,-0.25,0.46,0.79
168900995,-0.24,0.47,0.83
168903044,-0.24,0.47,0.83
168905001,-0.24,0.47,0.83
168906987,-0.24,0.47,0.83
168908975,-0.24,0.47,0.83
168910970,-0.24,0.49,0.87
168912970,-0.24,0.49,0.87
168915096,-0.24,0.49,0.87
168917021,-0.24,0.49,0.87
168918975,-0.24,0.49,0.87
168921027,-0.24,0.50,0.87
168923014,-0.24,0.50,0.87
168925013,-0.24,0.50,0.87
168927019,-0.24,0.50,0.87
168929088,-0.24,0.50,0.87
168931022,-0.25,0.48,0.85
168933014,-0.25,0.48,0.85
168935012,-0.25,0.48,0.85
168937018,-0.25,0.48,0.85
168939047,-0.25,0.48,0.85
168941008,-0.25,0.46,0.84
168942971,-0.25,0.46,0.84
168944974,-0.25,0.46,0.84
168946984,-0.25,0.46,0.84
168949020,-0.25,0.46,0.84
168950981,-0.26,0.46,0.83
168952976,-0.26,0.46,0.83
168954979,-0.26,0.46,0.83
168956975,-0.26,0.46,0.83
168958972,-0.26,0.46,0.83
168961027,-0.25,0.47,0.83
168963016,-0.25,0.47,0.83
168965119,-0.25,0.47,0.83
168967022,-0.25,0.47,0.83
168969037,-0.25,0.47,0.83
168971016,-0.25,0.47,0.83
168973014,-0.25,0.44,0.83
168975041,-0.25,0.44,0.83
168977029,-0.25,0.44,0.83
168978977,-0.25,0.44,0.83
168981008,-0.25,0.44,0.83
168982977,-0.25,0.44,0.83
168984970,-0.25,0.44,0.83
168987036,-0.25,0.44,0.83
168988988,-0.25,0.44,0.83
168991002,-0.25,0.44,0.83
168992983,-0.26,0.47,0.82
168994990,-0.26,0.47,0.82
168996972,-0.26,0.47,0.82
168998971,-0.26,0.47,0.82
169001026,-0.26,0.47,0.82
169003017,-0.25,0.47,0.86
169005014,-0.25,0.47,0.86
169007020,-0.25,0.47,0.86
169009057,-0.25,0.47,0.86
169011024,-0.25,0.47,0.86
169013015,-0.24,0.50,0.89
169015037,-0.24,0.50,0.89
169017009,-0.24,0.50,0.89
169018975,-0.24,0.50,0.89
169021045,-0.24,0.50,0.89
169022993,-0.26,0.50,0.88
169024969,-0.26,0.50,0.88
169026975,-0.26,0.50,0.88
169028976,-0.26,0.50,0.88
169030971,-0.26,0.50,0.88
169033031,-0.27,0.49,0.84
169034995,-0.27,0.49,0.84
169036968,-0.27,0.49,0.84
169038968,-0.27,0.49,0.84
169041057,-0.27,0.49,0.84
169043016,-0.27,0.49,0.84
169045016,-0.27,0.45,0.84
169047028,-0.27,0.45,0.84
169049041,-0.27,0.45,0.84
169051020,-0.27,0.45,0.84
169053013,-0.27,0.45,0.84
169055007,-0.25,0.40,0.86
169057043,-0.25,0.40,0.86
169059016,-0.25,0.40,0.86
169060974,-0.25,0.40,0.86
169062981,-0.25,0.40,0.86
169064999,-0.23,0.38,0.86
169067034,-0.23,0.38,0.86
169069002,-0.23,0.38,0.86
169071008,-0.23,0.38,0.86
169072972,-0.23,0.38,0.86
169074984,-0.24,0.40,0.86
169076979,-0.24,0.40,0.86
169078983,-0.24,0.40,0.86
169081049,-0.24,0.40,0.86
169083031,-0.24,0.40,0.86
169085013,-0.24,0.39,0.86
169087010,-0.24,0.39,0.86
169089012,-0.24,0.39,0.86
169091034,-0.24,0.39,0.86
169093105,-0.24,0.39,0.86
169095031,-0.24,0.38,0.88
169097010,-0.24,0.38,0.88
169098972,-0.24,0.38,0.88
169100975,-0.24,0.38,0.88
169102973,-0.24,0.38,0.88
169105044,-0.24,0.35,0.88
169106983,-0.24,0.35,0.88
169109022,-0.24,0.35,0.88
169111021,-0.24,0.35,0.88
169113020,-0.24,0.35,0.88
169114992,-0.24,0.33,0.89
169116959,-0.24,0.33,0.89
169118958,-0.24,0.33,0.89
169121024,-0.24,0.33,0.89
169123014,-0.24,0.33,0.89
169125018,-0.24,0.33,0.89
169127015,-0.24,0.33,0.89
169129017,-0.24,0.33,0.89
169131007,-0.24,0.33,0.89
169133007,-0.24,0.33,0.89
169134968,-0.24,0.33,0.89
169136968,-0.24,0.33,0.89
169138967,-0.24,0.33,0.89
169140991,-0.24,0.33,0.89
169142969,-0.24,0.33,0.89
169144972,-0.24,0.33,0.89
169147058,-0.22,0.31,0.90
169149005,-0.22,0.31,0.90
169150971,-0.22,0.31,0.90
169152959,-0.22,0.31,0.90
169154959,-0.22,0.31,0.90
169156975,-0.24,0.33,0.89
169159015,-0.24,0.33,0.89
169161026,-0.24,0.33,0.89
169163016,-0.24,0.33,0.89
169165036,-0.24,0.33,0.89
169167013,-0.24,0.33,0.89
169169016,-0.24,0.33,0.89
169171037,-0.24,0.33,0.89
169173039,-0.24,0.33,0.89
169175015,-0.24,0.33,0.89
169177005,-0.24,0.29,0.88
169178968,-0.24,0.29,0.88
169181009,-0.24,0.29,0.88
169182968,-0.24,0.29,0.88
169184968,-0.24,0.29,0.88
169186958,-0.24,0.26,0.87
169188974,-0.24,0.26,0.87
169191016,-0.24,0.26,0.87
169192987,-0.24,0.26,0.87
169195133,-0.24,0.26,0.87
169196998,-0.24,0.26,0.87
169198966,-0.25,0.28,0.88
169201040,-0.25,0.28,0.88
169203033,-0.25,0.28,0.88
169205018,-0.25,0.28,0.88
169207018,-0.25,0.28,0.88
169209013,-0.24,0.31,0.93
169211031,-0.24,0.31,0.93
169213026,-0.24,0.31,0.93
169215047,-0.24,0.31,0.93
169217007,-0.24,0.31,0.93
169218967,-0.23,0.31,0.95
169221023,-0.23,0.31,0.95
169223018,-0.23,0.31,0.95
169224971,-0.23,0.31,0.95
169226970,-0.23,0.31,0.95
169228972,-0.23,0.33,0.95
169231013,-0.23,0.33,0.95
169233004,-0.23,0.33,0.95
169234970,-0.23,0.33,0.95
169236969,-0.23,0.33,0.95
169238958,-0.25,0.32,0.91
169241058,-0.25,0.32,0.91
169243011,-0.25,0.32,0.91
169245006,-0.25,0.32,0.91
169247013,-0.25,0.32,0.91
169249036,-0.25,0.31,0.88
169251018,-0.25,0.31,0.88
169253010,-0.25,0.31,0.88
169255009,-0.25,0.31,0.88
169256967,-0.25,0.31,0.88
169259001,-0.26,0.30,0.86
169261042,-0.26,0.30,0.86
169262988,-0.26,0.30,0.86
169264993,-0.26,0.30,0.86
169266973,-0.26,0.30,0.86
169268967,-0.25,0.31,0.89
169270967,-0.25,0.31,0.89
169272966,-0.25,0.31,0.89
169274988,-0.25,0.31,0.89
169277022,-0.25,0.31,0.89
169278970,-0.25,0.31,0.89
169281048,-0.26,0.32,0.90
169283025,-0.26,0.32,0.90
169285014,-0.26,0.32,0.90
169287010,-0.26,0.32,0.90
169289036,-0.26,0.32,0.90
169291047,-0.27,0.32,0.89
169293010,-0.27,0.32,0.89
169295018,-0.27,0.32,0.89
169297045,-0.27,0.32,0.89
169299015,-0.27,0.32,0.89
169300971,-0.26,0.29,0.89
169302970,-0.26,0.29,0.89
169304968,-0.26,0.29,0.89
169307019,-0.26,0.29,0.89
169308968,-0.26,0.29,0.89
169310966,-0.27,0.31,0.88
169312967,-0.27,0.31,0.88
169314959,-0.27,0.31,0.88
169316985,-0.27,0.31,0.88
169318982,-0.27,0.31,0.88
169321029,-0.27,0.31,0.89
169323017,-0.27,0.31,0.89
169325017,-0.27,0.31,0.89
169327015,-0.27,0.31,0.89
169329056,-0.27,0.31,0.89
169331018,-0.27,0.33,0.90
169333011,-0.27,0.33,0.90
169335005,-0.27,0.33,0.90
169337049,-0.27,0.33,0.90
169339012,-0.27,0.33,0.90
169340997,-0.27,0.34,0.93
169342968,-0.27,0.34,0.93
169344967,-0.27,0.34,0.93
169347031,-0.27,0.34,0.93
169348969,-0.27,0.34,0.93
169350966,-0.27,0.34,0.93
169352958,-0.27,0.32,0.92
169354959,-0.27,0.32,0.92
169356967,-0.27,0.32,0.92
169358967,-0.27,0.32,0.92
169361026,-0.27,0.32,0.92
169363012,-0.28,0.31,0.92
169365117,-0.28,0.31,0.92
169367038,-0.28,0.31,0.92
169369043,-0.28,0.31,0.92
169371017,-0.28,0.31,0.92
169373011,-0.27,0.32,0.92
169375007,-0.27,0.32,0.92
169377006,-0.27,0.32,0.92
169379018,-0.27,0.32,0.92
169381040,-0.27,0.32,0.92
169383012,-0.27,0.29,0.90
169384967,-0.27,0.29,0.90
169386966,-0.27,0.29,0.90
169388958,-0.27,0.29,0.90
169390998,-0.27,0.29,0.90
169392977,-0.27,0.29,0.89
169395019,-0.27,0.29,0.89
169396971,-0.27,0.29,0.89
169398968,-0.27,0.29,0.89
169401028,-0.27,0.29,0.89
169403015,-0.28,0.29,0.89
169405009,-0.28,0.29,0.89
169407008,-0.28,0.29,0.89
169409007,-0.28,0.29,0.89
169411023,-0.28,0.29,0.89
169413038,-0.27,0.31,0.89
169415041,-0.27,0.31,0.89
169416969,-0.27,0.31,0.89
169418972,-0.27,0.31,0.89
169420975,-0.27,0.31,0.89
169422968,-0.27,0.31,0.92
169424971,-0.27,0.31,0.92
169426968,-0.27,0.31,0.92
169428970,-0.27,0.31,0.92
169430967,-0.27,0.31,0.92
169432969,-0.27,0.31,0.92
169434972,-0.28,0.30,0.91
169436959,-0.28,0.30,0.91
169438969,-0.28,0.30,0.91
169441015,-0.28,0.30,0.91
169443016,-0.28,0.30,0.91
169445072,-0.28,0.31,0.90
169447029,-0.28,0.31,0.90
169449009,-0.28,0.31,0.90
169451010,-0.28,0.31,0.90
169453010,-0.28,0.31,0.90
169455003,-0.29,0.31,0.89
169457040,-0.29,0.31,0.89
169458986,-0.29,0.31,0.89
169460972,-0.29,0.31,0.89
169462968,-0.29,0.31,0.89
169465000,-0.29,0.32,0.89
169467021,-0.29,0.32,0.89
169468967,-0.29,0.32,0.89
169470965,-0.29,0.32,0.89
169472958,-0.29,0.32,0.89
169474959,-0.29,0.33,0.89
169476971,-0.29,0.33,0.89
169478989,-0.29,0.33,0.89
169481043,-0.29,0.33,0.89
169483048,-0.29,0.33,0.89
169485019,-0.30,0.34,0.89
169487010,-0.30,0.34,0.89
169489049,-0.30,0.34,0.89
169491065,-0.30,0.34,0.89
169493013,-0.30,0.34,0.89
169495018,-0.29,0.34,0.89
169497018,-0.29,0.34,0.89
169499039,-0.29,0.34,0.89
169501018,-0.29,0.34,0.89
169502967,-0.29,0.34,0.89
169504967,-0.29,0.34,0.89
169507023,-0.28,0.32,0.90
169509017,-0.28,0.32,0.90
169510968,-0.28,0.32,0.90
169512966,-0.28,0.32,0.90
169515047,-0.28,0.32,0.90
169516996,-0.27,0.31,0.89
169518969,-0.27,0.31,0.89
169521033,-0.27,0.31,0.89
169523011,-0.27,0.31,0.89
169525006,-0.27,0.31,0.89
169527029,-0.31,0.27,1.00
169529040,-0.31,0.27,1.00
169531015,-0.31,0.27,1.00
169533011,-0.31,0.27,1.00
169535010,-0.31,0.27,1.00
169537045,-0.17,0.27,1.13
169539007,-0.17,0.27,1.13
169540997,-0.17,0.27,1.13
169542971,-0.17,0.27,1.13
169544975,-0.17,0.27,1.13
169547014,-0.28,0.25,0.82
169548968,-0.28,0.25,0.82
169550971,-0.28,0.25,0.82
169552968,-0.28,0.25,0.82
169554967,-0.28,0.25,0.82
169556966,-0.30,0.27,0.79
169558965,-0.30,0.27,0.79
169561031,-0.30,0.27,0.79
169563009,-0.30,0.27,0.79
169565033,-0.30,0.27,0.79
169567040,-0.25,0.24,0.91
169569028,-0.25,0.24,0.91
169571019,-0.25,0.24,0.91
169573016,-0.25,0.24,0.91
169575014,-0.25,0.24,0.91
169577010,-0.27,0.27,0.88
169579038,-0.27,0.27,0.88
169580988,-0.27,0.27,0.88
169583007,-0.27,0.27,0.88
169585002,-0.27,0.27,0.88
169587010,-0.27,0.27,0.88
169589019,-0.27,0.27,0.88
169591005,-0.27,0.27,0.88
169592974,-0.27,0.27,0.88
169594991,-0.27,0.27,0.88
169596973,-0.27,0.27,0.88
169598967,-0.26,0.29,0.92
169601028,-0.26,0.29,0.92
169603014,-0.26,0.29,0.92
169605007,-0.26,0.29,0.92
169607030,-0.26,0.29,0.92
169609040,-0.25,0.30,0.91
169611018,-0.25,0.30,0.91
169613017,-0.25,0.30,0.91
169615043,-0.25,0.30,0.91
169617048,-0.25,0.30,0.91
169619013,-0.25,0.32,0.92
169620966,-0.25,0.32,0.92
169622966,-0.25,0.32,0.92
169624966,-0.25,0.32,0.92
169627018,-0.25,0.32,0.92
169628965,-0.27,0.32,0.90
169630959,-0.27,0.32,0.90
169632969,-0.27,0.32,0.90
169634969,-0.27,0.32,0.90
169636957,-0.27,0.32,0.90
169638968,-0.28,0.31,0.88
169641059,-0.28,0.31,0.88
169643012,-0.28,0.31,0.88
169645008,-0.28,0.31,0.88
169647040,-0.28,0.31,0.88
169649041,-0.26,0.27,0.89
169651014,-0.26,0.27,0.89
169653013,-0.26,0.27,0.89
169655000,-0.26,0.27,0.89
169656975,-0.26,0.27,0.89
169659004,-0.26,0.27,0.89
169661038,-0.26,0.28,0.89
169662979,-0.26,0.28,0.89
169664990,-0.26,0.28,0.89
169666971,-0.26,0.28,0.89
169669016,-0.26,0.28,0.89
169671001,-0.28,0.29,0.89
169672981,-0.28,0.29,0.89
169674973,-0.28,0.29,0.89
169676969,-0.28,0.29,0.89
169678970,-0.28,0.29,0.89
169681035,-0.27,0.26,0.89
169683033,-0.27,0.26,0.89
169685011,-0.27,0.26,0.89
169687011,-0.27,0.26,0.89
169689010,-0.27,0.26,0.89
169691044,-0.28,0.28,0.90
169693053,-0.28,0.28,0.90
169695032,-0.28,0.28,0.90
169697005,-0.28,0.28,0.90
169698967,-0.28,0.28,0.90
169700970,-0.28,0.27,0.89
169703046,-0.28,0.27,0.89
169705002,-0.28,0.27,0.89
169706967,-0.28,0.27,0.89
169708959,-0.28,0.27,0.89
169711010,-0.29,0.28,0.89
169713006,-0.29,0.28,0.89
169715063,-0.29,0.28,0.89
169716980,-0.29,0.28,0.89
169718968,-0.29,0.28,0.89
169721032,-0.28,0.28,0.92
169723011,-0.28,0.28,0.92
169725009,-0.28,0.28,0.92
169727010,-0.28,0.28,0.92
169729009,-0.28,0.28,0.92
169731010,-0.29,0.31,0.94
169733006,-0.29,0.31,0.94
169734969,-0.29,0.31,0.94
169736968,-0.29,0.31,0.94
169738985,-0.29,0.31,0.94
169740999,-0.29,0.31,0.94
169742975,-0.28,0.29,0.94
169744969,-0.28,0.29,0.94
169746975,-0.28,0.29,0.94
169749001,-0.28,0.29,0.94
169751046,-0.28,0.29,0.94
169752996,-0.30,0.28,0.93
169754967,-0.30,0.28,0.93
169756967,-0.30,0.28,0.93
169758969,-0.30,0.28,0.93
169761020,-0.30,0.28,0.93
169763011,-0.32,0.32,1.03
169765115,-0.32,0.32,1.03
169767016,-0.32,0.32,1.03
169769009,-0.32,0.32,1.03
169771017,-0.32,0.32,1.03
169773073,-0.20,0.18,1.08
169774995,-0.20,0.18,1.08
169776967,-0.20,0.18,1.08
169778970,-0.20,0.18,1.08
169780967,-0.20,0.18,1.08
169783006,-0.21,0.15,0.92
169784966,-0.21,0.15,0.92
169786976,-0.21,0.15,0.92
169789011,-0.21,0.15,0.92
169791040,-0.21,0.15,0.92
169793012,-0.30,0.29,0.83
169794987,-0.30,0.29,0.83
169796969,-0.30,0.29,0.83
169798973,-0.30,0.29,0.83
169801030,-0.30,0.29,0.83
169803011,-0.29,0.27,0.88
169805006,-0.29,0.27,0.88
169807024,-0.29,0.27,0.88
169809041,-0.29,0.27,0.88
169811022,-0.29,0.27,0.88
169813011,-0.29,0.27,0.88
169815033,-0.25,0.19,0.89
169817045,-0.25,0.19,0.89
169819014,-0.25,0.19,0.89
169820974,-0.25,0.19,0.89
169822969,-0.25,0.19,0.89
169824986,-0.25,0.18,0.88
169827019,-0.25,0.18,0.88
169828966,-0.25,0.18,0.88
169830959,-0.25,0.18,0.88
169832959,-0.25,0.18,0.88
169834965,-0.26,0.16,0.85
169836968,-0.26,0.16,0.85
169838968,-0.26,0.16,0.85
169841051,-0.26,0.16,0.85
169843014,-0.26,0.16,0.85
169845018,-0.27,0.19,0.84
169847036,-0.27,0.19,0.84
169849045,-0.27,0.19,0.84
169851016,-0.27,0.19,0.84
169853008,-0.27,0.19,0.84
169855009,-0.28,0.21,0.84
169857121,-0.28,0.21,0.84
169859004,-0.28,0.21,0.84
169860970,-0.28,0.21,0.84
169862959,-0.28,0.21,0.84
169864993,-0.27,0.20,0.89
169867015,-0.27,0.20,0.89
169868967,-0.27,0.20,0.89
169870970,-0.27,0.20,0.89
169872959,-0.27,0.20,0.89
169874966,-0.27,0.20,0.93
169876970,-0.27,0.20,0.93
169878968,-0.27,0.20,0.93
169881032,-0.27,0.20,0.93
169883030,-0.27,0.20,0.93
169885010,-0.27,0.20,0.97
169887009,-0.27,0.20,0.97
169889015,-0.27,0.20,0.97
169891058,-0.27,0.20,0.97
169893044,-0.27,0.20,0.97
169895017,-0.27,0.20,0.97
169897006,-0.27,0.23,0.98
169898969,-0.27,0.23,0.98
169900969,-0.27,0.23,0.98
169902970,-0.27,0.23,0.98
169905000,-0.27,0.23,0.98
169907039,-0.27,0.25,1.01
169908988,-0.27,0.25,1.01
169910970,-0.27,0.25,1.01
169912982,-0.27,0.25,1.01
169915051,-0.27,0.25,1.01
169916974,-0.28,0.25,0.99
169918970,-0.28,0.25,0.99
169921029,-0.28,0.25,0.99
169923011,-0.28,0.25,0.99
169925009,-0.28,0.25,0.99
169927033,-0.29,0.25,0.95
169929048,-0.29,0.25,0.95
169931018,-0.29,0.25,0.95
169933013,-0.29,0.25,0.95
169935017,-0.29,0.25,0.95
169937051,-0.29,0.26,0.94
169939000,-0.29,0.26,0.94
169940995,-0.29,0.26,0.94
169942965,-0.29,0.26,0.94
169944965,-0.29,0.26,0.94
169946967,-0.30,0.26,0.93
169948971,-0.30,0.26,0.93
169951020,-0.30,0.26,0.93
169952966,-0.30,0.26,0.93
169954959,-0.30,0.26,0.93
169956966,-0.37,0.32,0.80
169958968,-0.37,0.32,0.80
169961030,-0.37,0.32,0.80
169963015,-0.37,0.32,0.80
169965039,-0.37,0.32,0.80
169967036,-0.37,0.32,0.80
169969028,-0.36,0.29,0.80
169971021,-0.36,0.29,0.80
169973012,-0.36,0.29,0.80
169975005,-0.36,0.29,0.80
169977046,-0.36,0.29,0.80
169979000,-0.27,0.24,0.90
169980968,-0.27,0.24,0.90
169983002,-0.27,0.24,0.90
169984969,-0.27,0.24,0.90
169986990,-0.27,0.24,0.90
169989021,-0.30,0.25,0.88
169991012,-0.30,0.25,0.88
169993010,-0.30,0.25,0.88
169994992,-0.30,0.25,0.88
169996967,-0.30,0.25,0.88
169998966,-0.29,0.23,0.89
170001028,-0.29,0.23,0.89
170003013,-0.29,0.23,0.89
170005008,-0.29,0.23,0.89
170007007,-0.29,0.23,0.89
170009013,-0.29,0.23,0.91
170011033,-0.29,0.23,0.91
170013137,-0.29,0.23,0.91
170015053,-0.29,0.23,0.91
170017007,-0.29,0.23,0.91
170018972,-0.29,0.24,0.94
170020969,-0.29,0.24,0.94
170022967,-0.29,0.24,0.94
170024967,-0.29,0.24,0.94
170026966,-0.29,0.24,0.94
170028966,-0.29,0.29,0.95
170030973,-0.29,0.29,0.95
170032974,-0.29,0.29,0.95
170034972,-0.29,0.29,0.95
170036967,-0.29,0.29,0.95
170038967,-0.29,0.29,0.95
170041015,-0.31,0.31,0.96
170043016,-0.31,0.31,0.96
170045049,-0.31,0.31,0.96
170047020,-0.31,0.31,0.96
170049008,-0.31,0.31,0.96
170051012,-0.33,0.30,0.95
170053018,-0.33,0.30,0.95
170055042,-0.33,0.30,0.95
170057013,-0.33,0.30,0.95
170058969,-0.33,0.30,0.95
170060967,-0.32,0.29,0.91
170063027,-0.32,0.29,0.91
170065044,-0.32,0.29,0.91
170066974,-0.32,0.29,0.91
170068968,-0.32,0.29,0.91
170070991,-0.31,0.27,0.91
170073023,-0.31,0.27,0.91
170074982,-0.31,0.27,0.91
170076970,-0.31,0.27,0.91
170078966,-0.31,0.27,0.91
170081032,-0.31,0.26,0.87
170083031,-0.31,0.26,0.87
170085009,-0.31,0.26,0.87
170087025,-0.31,0.26,0.87
170089040,-0.31,0.26,0.87
170091043,-0.32,0.27,0.87
170093012,-0.32,0.27,0.87
170095028,-0.32,0.27,0.87
170097028,-0.32,0.27,0.87
170099077,-0.32,0.27,0.87
170101000,-0.31,0.25,0.87
170102969,-0.31,0.25,0.87
170104965,-0.31,0.25,0.87
170106974,-0.31,0.25,0.87
170109014,-0.31,0.25,0.87
170110966,-0.30,0.25,0.89
170112970,-0.30,0.25,0.89
170115065,-0.30,0.25,0.89
170116970,-0.30,0.25,0.89
170118966,-0.30,0.25,0.89
170121034,-0.30,0.25,0.89
170123012,-0.30,0.27,0.89
170125008,-0.30,0.27,0.89
170127036,-0.30,0.27,0.89
170129040,-0.30,0.27,0.89
170131018,-0.30,0.27,0.89
170133014,-0.29,0.27,0.88
170135011,-0.29,0.27,0.88
170137038,-0.29,0.27,0.88
170139009,-0.29,0.27,0.88
170140996,-0.29,0.27,0.88
170142976,-0.30,0.23,0.87
170144969,-0.30,0.23,0.87
170147016,-0.30,0.23,0.87
170148969,-0.30,0.23,0.87
170150959,-0.30,0.23,0.87
170152967,-0.30,0.24,0.86
170154958,-0.30,0.24,0.86
170156967,-0.30,0.24,0.86
170158969,-0.30,0.24,0.86
170161037,-0.30,0.24,0.86
170163012,-0.30,0.25,0.89
170165123,-0.30,0.25,0.89
170167044,-0.30,0.25,0.89
170169037,-0.30,0.25,0.89
170171028,-0.30,0.25,0.89
170173011,-0.30,0.27,0.91
170175007,-0.30,0.27,0.91
170177077,-0.30,0.27,0.91
170179021,-0.30,0.27,0.91
170180978,-0.30,0.27,0.91
170183006,-0.34,0.34,0.91
170185012,-0.34,0.34,0.91
170187023,-0.34,0.34,0.91
170188997,-0.34,0.34,0.91
170191013,-0.34,0.34,0.91
170192985,-0.34,0.34,0.91
170195022,-0.33,0.33,0.91
170196968,-0.33,0.33,0.91
170198971,-0.33,0.33,0.91
170201028,-0.33,0.33,0.91
170203015,-0.33,0.33,0.91
170205007,-0.32,0.30,0.92
170207015,-0.32,0.30,0.92
170209036,-0.32,0.30,0.92
170211018,-0.32,0.30,0.92
170213011,-0.32,0.30,0.92
170215034,-0.32,0.30,0.90
170216972,-0.32,0.30,0.90
170218974,-0.32,0.30,0.90
170221046,-0.32,0.30,0.90
170222998,-0.32,0.30,0.90
170224958,-0.31,0.28,0.90
170226957,-0.31,0.28,0.90
170228958,-0.31,0.28,0.90
170230968,-0.31,0.28,0.90
170232958,-0.31,0.28,0.90
170234958,-0.31,0.28,0.88
170236958,-0.31,0.28,0.88
170238957,-0.31,0.28,0.88
170241075,-0.31,0.28,0.88
170243030,-0.31,0.28,0.88
170245010,-0.32,0.29,0.88
170247010,-0.32,0.29,0.88
170249031,-0.32,0.29,0.88
170251030,-0.32,0.29,0.88
170253011,-0.32,0.29,0.88
170255011,-0.32,0.30,0.87
170257008,-0.32,0.30,0.87
170258967,-0.32,0.30,0.87
170260968,-0.32,0.30,0.87
170262997,-0.32,0.30,0.87
170265052,-0.31,0.29,0.88
170266976,-0.31,0.29,0.88
170268969,-0.31,0.29,0.88
170270959,-0.31,0.29,0.88
170272967,-0.31,0.29,0.88
170275019,-0.31,0.29,0.88
170276969,-0.31,0.29,0.88
170278966,-0.31,0.29,0.88
170281035,-0.31,0.29,0.88
170283030,-0.31,0.29,0.88
170285009,-0.31,0.29,0.88
170287030,-0.32,0.30,0.88
170289042,-0.32,0.30,0.88
170291038,-0.32,0.30,0.88
170293021,-0.32,0.30,0.88
170295023,-0.32,0.30,0.88
170297014,-0.32,0.31,0.88
170299015,-0.32,0.31,0.88
170301042,-0.32,0.31,0.88
170303009,-0.32,0.31,0.88
170304968,-0.32,0.31,0.88
170306958,-0.32,0.33,0.88
170308959,-0.32,0.33,0.88
170310966,-0.32,0.33,0.88
170312996,-0.32,0.33,0.88
170315042,-0.32,0.33,0.88
170316971,-0.31,0.30,0.88
170318985,-0.31,0.30,0.88
170321032,-0.31,0.30,0.88
170323020,-0.31,0.30,0.88
170325021,-0.31,0.30,0.88
170327023,-0.31,0.29,0.87
170329066,-0.31,0.29,0.87
170331026,-0.31,0.29,0.87
170333018,-0.31,0.29,0.87
170335014,-0.31,0.29,0.87
170337006,-0.30,0.29,0.87
170338968,-0.30,0.29,0.87
170341000,-0.30,0.29,0.87
170342975,-0.30,0.29,0.87
170344968,-0.30,0.29,0.87
170346967,-0.30,0.29,0.87
170348967,-0.30,0.29,0.88
170350970,-0.30,0.29,0.88
170352967,-0.30,0.29,0.88
170354966,-0.30,0.29,0.88
170357068,-0.30,0.29,0.88
170358995,-0.30,0.30,0.86
170361020,-0.30,0.30,0.86
170363009,-0.30,0.30,0.86
170365048,-0.30,0.30,0.86
170367034,-0.30,0.30,0.86
170369025,-0.33,0.31,0.88
170371011,-0.33,0.31,0.88
170373007,-0.33,0.31,0.88
170375001,-0.33,0.31,0.88
170377039,-0.33,0.31,0.88
170378988,-0.32,0.27,0.87
170380971,-0.32,0.27,0.87
170383007,-0.32,0.27,0.87
170384978,-0.32,0.27,0.87
170387018,-0.32,0.27,0.87
170388969,-0.31,0.25,0.86
170390996,-0.31,0.25,0.86
170392972,-0.31,0.25,0.86
170394989,-0.31,0.25,0.86
170396967,-0.31,0.25,0.86
170398969,-0.31,0.27,0.89
170401036,-0.31,0.27,0.89
170403035,-0.31,0.27,0.89
170405009,-0.31,0.27,0.89
170407011,-0.31,0.27,0.89
170409012,-0.30,0.25,0.89
170411071,-0.30,0.25,0.89
170413026,-0.30,0.25,0.89
170415032,-0.30,0.25,0.89
170417007,-0.30,0.25,0.89
170419003,-0.30,0.26,0.90
170421041,-0.30,0.26,0.90
170422985,-0.30,0.26,0.90
170424969,-0.30,0.26,0.90
170426969,-0.30,0.26,0.90
170428987,-0.30,0.26,0.90
170431013,-0.31,0.25,0.89
170432967,-0.31,0.25,0.89
170434958,-0.31,0.25,0.89
170436958,-0.31,0.25,0.89
170438958,-0.31,0.25,0.89
170441060,-0.32,0.24,0.89
170443014,-0.32,0.24,0.89
170445010,-0.32,0.24,0.89
170447010,-0.32,0.24,0.89
170449039,-0.32,0.24,0.89
170451032,-0.31,0.23,0.89
170453019,-0.31,0.23,0.89
170455011,-0.31,0.23,0.89
170456979,-0.31,0.23,0.89
170458971,-0.31,0.23,0.89
170461025,-0.31,0.23,0.90
170463017,-0.31,0.23,0.90
170464992,-0.31,0.23,0.90
170466971,-0.31,0.23,0.90
170468968,-0.31,0.23,0.90
170470966,-0.29,0.22,0.91
170472979,-0.29,0.22,0.91
170475018,-0.29,0.22,0.91
170476967,-0.29,0.22,0.91
170478968,-0.29,0.22,0.91
170481033,-0.32,0.23,0.91
170483030,-0.32,0.23,0.91
170485010,-0.32,0.23,0.91
170487015,-0.32,0.23,0.91
170489033,-0.32,0.23,0.91
170491049,-0.34,0.23,0.92
170493012,-0.34,0.23,0.92
170495017,-0.34,0.23,0.92
170497008,-0.34,0.23,0.92
170498973,-0.34,0.23,0.92
170501053,-0.34,0.23,0.92
170502998,-0.27,0.24,0.93
170504969,-0.27,0.24,0.93
170506979,-0.27,0.24,0.93
170509005,-0.27,0.24,0.93
170510958,-0.27,0.24,0.93
170512976,-0.30,0.22,0.90
170515125,-0.30,0.22,0.90
170516978,-0.30,0.22,0.90
170518968,-0.30,0.22,0.90
170521032,-0.30,0.22,0.90
170523014,-0.30,0.21,0.90
170525014,-0.30,0.21,0.90
170527011,-0.30,0.21,0.90
170529016,-0.30,0.21,0.90
170531067,-0.30,0.21,0.90
170533022,-0.29,0.22,0.93
170535006,-0.29,0.22,0.93
170536973,-0.29,0.22,0.93
170538971,-0.29,0.22,0.93
170541070,-0.29,0.22,0.93
170543000,-0.32,0.19,0.91
170544966,-0.32,0.19,0.91
170546958,-0.32,0.19,0.91
170548973,-0.32,0.19,0.91
170550966,-0.32,0.19,0.91
170553029,-0.32,0.18,0.91
170554997,-0.32,0.18,0.91
170556970,-0.32,0.18,0.91
170558972,-0.32,0.18,0.91
170561032,-0.32,0.18,0.91
170563012,-0.30,0.18,0.91
170565113,-0.30,0.18,0.91
170567032,-0.30,0.18,0.91
170569035,-0.30,0.18,0.91
170571028,-0.30,0.18,0.91
170573011,-0.26,0.20,0.89
170575013,-0.26,0.20,0.89
170577003,-0.26,0.20,0.89
170579061,-0.26,0.20,0.89
170580995,-0.26,0.20,0.89
170582999,-0.26,0.20,0.89
170584972,-0.30,0.18,0.95
170586996,-0.30,0.18,0.95
170589018,-0.30,0.18,0.95
170591007,-0.30,0.18,0.95
170592971,-0.30,0.18,0.95
170594986,-0.34,0.16,0.93
170596967,-0.34,0.16,0.93
170598966,-0.34,0.16,0.93
170601032,-0.34,0.16,0.93
170603013,-0.34,0.16,0.93
170605015,-0.34,0.12,0.94
170607033,-0.34,0.12,0.94
170609010,-0.34,0.12,0.94
170611012,-0.34,0.12,0.94
170613073,-0.34,0.12,0.94
170615045,-0.36,0.11,0.93
170617006,-0.36,0.11,0.93
170618968,-0.36,0.11,0.93
170620967,-0.36,0.11,0.93
170622970,-0.36,0.11,0.93
170624969,-0.34,0.09,0.91
170626971,-0.34,0.09,0.91
170628971,-0.34,0.09,0.91
170630967,-0.34,0.09,0.91
170632969,-0.34,0.09,0.91
170634968,-0.34,0.10,0.90
170636959,-0.34,0.10,0.90
170638966,-0.34,0.10,0.90
170641026,-0.34,0.10,0.90
170643022,-0.34,0.10,0.90
170645053,-0.33,0.13,0.91
170647033,-0.33,0.13,0.91
170649007,-0.33,0.13,0.91
170651009,-0.33,0.13,0.91
170653027,-0.33,0.13,0.91
170655025,-0.33,0.13,0.91
170657016,-0.33,0.12,0.93
170658968,-0.33,0.12,0.93
170660967,-0.33,0.12,0.93
170662976,-0.33,0.12,0.93
170665052,-0.33,0.12,0.93
170666973,-0.32,0.11,0.93
170668966,-0.32,0.11,0.93
170670983,-0.32,0.11,0.93
170673019,-0.32,0.11,0.93
170674966,-0.32,0.11,0.93
170676958,-0.34,0.12,0.95
170678958,-0.34,0.12,0.95
170681030,-0.34,0.12,0.95
170683037,-0.34,0.12,0.95
170685008,-0.34,0.12,0.95
170687009,-0.33,0.12,0.94
170689036,-0.33,0.12,0.94
170691051,-0.33,0.12,0.94
170693011,-0.33,0.12,0.94
170695017,-0.33,0.12,0.94
170697043,-0.36,0.12,0.95
170699018,-0.36,0.12,0.95
170700969,-0.36,0.12,0.95
170703130,-0.36,0.12,0.95
170705004,-0.36,0.12,0.95
170706971,-0.32,0.12,0.93
170709021,-0.32,0.12,0.93
170711021,-0.32,0.12,0.93
170712972,-0.32,0.12,0.93
170715004,-0.32,0.12,0.93
170716972,-0.32,0.12,0.92
170718968,-0.32,0.12,0.92
170721026,-0.32,0.12,0.92
170723021,-0.32,0.12,0.92
170725015,-0.32,0.12,0.92
170727046,-0.30,0.11,0.89
170729046,-0.30,0.11,0.89
170731020,-0.30,0.11,0.89
170733014,-0.30,0.11,0.89
170735012,-0.30,0.11,0.89
170737037,-0.30,0.11,0.89
170739020,-0.36,0.11,0.93
170741004,-0.36,0.11,0.93
170742971,-0.36,0.11,0.93
170745039,-0.36,0.11,0.93
170747015,-0.36,0.11,0.93
170748979,-0.34,0.12,0.93
170750974,-0.34,0.12,0.93
170753034,-0.34,0.12,0.93
170754998,-0.34,0.12,0.93
170756971,-0.34,0.12,0.93
170758975,-0.32,0.11,0.95
170761029,-0.32,0.11,0.95
170763012,-0.32,0.11,0.95
170765037,-0.32,0.11,0.95
170767029,-0.32,0.11,0.95
170769038,-0.30,0.12,0.91
170771020,-0.30,0.12,0.91
170773013,-0.30,0.12,0.91
170775011,-0.30,0.12,0.91
170777045,-0.30,0.12,0.91
170779008,-0.32,0.11,0.92
170780979,-0.32,0.11,0.92
170783011,-0.32,0.11,0.92
170784976,-0.32,0.11,0.92
170787022,-0.32,0.11,0.92
170788976,-0.32,0.09,0.89
170791001,-0.32,0.09,0.89
170792975,-0.32,0.09,0.89
170794986,-0.32,0.09,0.89
170796973,-0.32,0.09,0.89
170798976,-0.33,0.07,0.92
170801032,-0.33,0.07,0.92
170803014,-0.33,0.07,0.92
170805014,-0.33,0.07,0.92
170807020,-0.33,0.07,0.92
170809048,-0.33,0.07,0.92
170811052,-0.34,0.09,0.93
170813026,-0.34,0.09,0.93
170815039,-0.34,0.09,0.93
170817012,-0.34,0.09,0.93
170818979,-0.34,0.09,0.93
170820973,-0.33,0.07,0.91
170822984,-0.33,0.07,0.91
170824988,-0.33,0.07,0.91
170826974,-0.33,0.07,0.91
170828974,-0.33,0.07,0.91
170831086,-0.31,0.07,0.93
170833002,-0.31,0.07,0.93
170834969,-0.31,0.07,0.93
170836970,-0.31,0.07,0.93
170839019,-0.31,0.07,0.93
170841134,-0.30,0.05,0.90
170843019,-0.30,0.05,0.90
170845012,-0.30,0.05,0.90
170847030,-0.30,0.05,0.90
170849039,-0.30,0.05,0.90
170851024,-0.32,0.06,0.92
170853020,-0.32,0.06,0.92
170855014,-0.32,0.06,0.92
170857007,-0.32,0.06,0.92
170858972,-0.32,0.06,0.92
170860980,-0.32,0.05,0.92
170863052,-0.32,0.05,0.92
170865026,-0.32,0.05,0.92
170866976,-0.32,0.05,0.92
170868968,-0.32,0.05,0.92
170870988,-0.33,0.05,0.93
170873015,-0.33,0.05,0.93
170874970,-0.33,0.05,0.93
170876969,-0.33,0.05,0.93
170878969,-0.33,0.05,0.93
170881035,-0.34,0.06,0.93
170883031,-0.34,0.06,0.93
170885013,-0.34,0.06,0.93
170887039,-0.34,0.06,0.93
170889043,-0.34,0.06,0.93
170891048,-0.34,0.06,0.93
170893014,-0.34,0.04,0.92
170895035,-0.34,0.04,0.92
170897036,-0.34,0.04,0.92
170899024,-0.34,0.04,0.92
170901002,-0.34,0.04,0.92
170902974,-0.30,0.30,1.20
170904970,-0.30,0.30,1.20
170907002,-0.30,0.30,1.20
170909001,-0.30,0.30,1.20
170910969,-0.30,0.30,1.20
170912978,-0.39,-0.02,0.96
170915058,-0.39,-0.02,0.96
170917017,-0.39,-0.02,0.96
170918979,-0.39,-0.02,0.96
170921018,-0.39,-0.02,0.96
170923012,-0.36,-0.04,0.86
170925035,-0.36,-0.04,0.86
170927021,-0.36,-0.04,0.86
170929009,-0.36,-0.04,0.86
170931011,-0.36,-0.04,0.86
170933009,-0.34,0.00,0.89
170934996,-0.34,0.00,0.89
170936974,-0.34,0.00,0.89
170938967,-0.34,0.00,0.89
170941003,-0.34,0.00,0.89
170942972,-0.33,0.00,0.92
170944969,-0.33,0.00,0.92
170947095,-0.33,0.00,0.92
170948999,-0.33,0.00,0.92
170950972,-0.33,0.00,0.92
170952967,-0.34,0.00,0.92
170954959,-0.34,0.00,0.92
170956966,-0.34,0.00,0.92
170958969,-0.34,0.00,0.92
170961041,-0.34,0.00,0.92
170963032,-0.34,0.00,0.92
170965036,-0.39,-0.06,0.86
170967009,-0.39,-0.06,0.86
170969010,-0.39,-0.06,0.86
170971015,-0.39,-0.06,0.86
170973039,-0.39,-0.06,0.86
170975023,-0.38,-0.02,0.91
170977008,-0.38,-0.02,0.91
170978967,-0.38,-0.02,0.91
170980967,-0.38,-0.02,0.91
170983012,-0.38,-0.02,0.91
170984976,-0.37,-0.02,0.89
170986959,-0.37,-0.02,0.89
170988958,-0.37,-0.02,0.89
170990997,-0.37,-0.02,0.89
170992970,-0.37,-0.02,0.89
170994995,-0.37,-0.02,0.89
170997091,-0.37,-0.02,0.89
170998996,-0.37,-0.02,0.89
171001018,-0.37,-0.02,0.89
171003007,-0.37,-0.02,0.89
171005010,-0.40,-0.01,0.93
171007009,-0.40,-0.01,0.93
171009009,-0.40,-0.01,0.93
171011006,-0.40,-0.01,0.93
171012969,-0.40,-0.01,0.93
171015000,-0.43,-0.01,0.93
171017030,-0.43,-0.01,0.93
171019019,-0.43,-0.01,0.93
171020967,-0.43,-0.01,0.93
171022974,-0.43,-0.01,0.93
171024970,-0.43,-0.02,0.93
171026970,-0.43,-0.02,0.93
171028967,-0.43,-0.02,0.93
171030969,-0.43,-0.02,0.93
171032982,-0.43,-0.02,0.93
171035018,-0.43,-0.02,0.93
171036975,-0.39,-0.03,0.93
171038969,-0.39,-0.03,0.93
171041054,-0.39,-0.03,0.93
171043012,-0.39,-0.03,0.93
171045009,-0.39,-0.03,0.93
171047024,-0.39,-0.02,0.93
171049039,-0.39,-0.02,0.93
171051017,-0.39,-0.02,0.93
171053009,-0.39,-0.02,0.93
171055007,-0.39,-0.02,0.93
171057034,-0.40,-0.04,0.89
171059014,-0.40,-0.04,0.89
171060969,-0.40,-0.04,0.89
171062972,-0.40,-0.04,0.89
171064959,-0.40,-0.04,0.89
171067024,-0.42,-0.09,0.87
171068998,-0.42,-0.09,0.87
171070968,-0.42,-0.09,0.87
171072969,-0.42,-0.09,0.87
171074968,-0.42,-0.09,0.87
171076959,-0.43,-0.09,0.86
171078958,-0.43,-0.09,0.86
171081030,-0.43,-0.09,0.86
171083027,-0.43,-0.09,0.86
171085012,-0.43,-0.09,0.86
171087038,-0.44,-0.11,0.84
171089034,-0.44,-0.11,0.84
171091046,-0.44,-0.11,0.84
171093013,-0.44,-0.11,0.84
171095015,-0.44,-0.11,0.84
171097010,-0.45,-0.11,0.85
171098975,-0.45,-0.11,0.85
171100968,-0.45,-0.11,0.85
171103030,-0.45,-0.11,0.85
171105018,-0.45,-0.11,0.85
171106969,-0.43,-0.12,0.86
171108972,-0.43,-0.12,0.86
171110970,-0.43,-0.12,0.86
171112971,-0.43,-0.12,0.86
171115059,-0.43,-0.12,0.86
171117001,-0.43,-0.12,0.86
171119008,-0.42,-0.11,0.84
171121027,-0.42,-0.11,0.84
171123012,-0.42,-0.11,0.84
171125008,-0.42,-0.11,0.84
171127024,-0.42,-0.11,0.84
171129037,-0.43,-0.11,0.85
171131018,-0.43,-0.11,0.85
171133011,-0.43,-0.11,0.85
171135006,-0.43,-0.11,0.85
171137043,-0.43,-0.11,0.85
171139013,-0.41,-0.11,0.84
171140998,-0.41,-0.11,0.84
171142970,-0.41,-0.11,0.84
171144959,-0.41,-0.11,0.84
171146958,-0.41,-0.11,0.84
171148966,-0.41,-0.12,0.85
171150959,-0.41,-0.12,0.85
171152959,-0.41,-0.12,0.85
171154959,-0.41,-0.12,0.85
171156967,-0.41,-0.12,0.85
171158958,-0.43,-0.12,0.86
171161021,-0.43,-0.12,0.86
171163038,-0.43,-0.12,0.86
171165051,-0.43,-0.12,0.86
171167018,-0.43,-0.12,0.86
171169011,-0.41,-0.14,0.86
171171013,-0.41,-0.14,0.86
171173009,-0.41,-0.14,0.86
171175006,-0.41,-0.14,0.86
171176969,-0.41,-0.14,0.86
171178968,-0.45,-0.14,0.86
171180987,-0.45,-0.14,0.86
171183009,-0.45,-0.14,0.86
171184971,-0.45,-0.14,0.86
171187026,-0.45,-0.14,0.86
171189019,-0.45,-0.14,0.86
171191013,-0.46,-0.14,0.87
171192974,-0.46,-0.14,0.87
171194985,-0.46,-0.14,0.87
171197000,-0.46,-0.14,0.87
171199017,-0.46,-0.14,0.87
171201029,-0.46,-0.14,0.85
171203013,-0.46,-0.14,0.85
171205008,-0.46,-0.14,0.85
171207008,-0.46,-0.14,0.85
171209026,-0.46,-0.14,0.85
171211079,-0.45,-0.13,0.84
171213022,-0.45,-0.13,0.84
171215034,-0.45,-0.13,0.84
171216969,-0.45,-0.13,0.84
171218967,-0.45,-0.13,0.84
171220972,-0.45,-0.14,0.83
171222971,-0.45,-0.14,0.83
171225009,-0.45,-0.14,0.83
171227019,-0.45,-0.14,0.83
171229020,-0.45,-0.14,0.83
171230971,-0.46,-0.13,0.82
171232970,-0.46,-0.13,0.82
171234972,-0.46,-0.13,0.82
171236968,-0.46,-0.13,0.82
171238966,-0.46,-0.13,0.82
171241047,-0.46,-0.14,0.83
171243010,-0.46,-0.14,0.83
171245003,-0.46,-0.14,0.83
171247008,-0.46,-0.14,0.83
171249011,-0.46,-0.14,0.83
171251004,-0.46,-0.14,0.84
171252977,-0.46,-0.14,0.84
171255062,-0.46,-0.14,0.84
171256996,-0.46,-0.14,0.84
171258970,-0.46,-0.14,0.84
171260957,-0.46,-0.14,0.84
171262959,-0.48,-0.14,0.85
171265024,-0.48,-0.14,0.85
171267016,-0.48,-0.14,0.85
171268974,-0.48,-0.14,0.85
171270967,-0.48,-0.14,0.85
171272958,-0.50,-0.16,0.84
171274958,-0.50,-0.16,0.84
171276956,-0.50,-0.16,0.84
171278958,-0.50,-0.16,0.84
171281034,-0.50,-0.16,0.84
171283036,-0.50,-0.17,0.83
171285012,-0.50,-0.17,0.83
171287011,-0.50,-0.17,0.83
171289066,-0.50,-0.17,0.83
171291049,-0.50,-0.17,0.83
171293011,-0.47,-0.17,0.84
171295019,-0.47,-0.17,0.84
171297045,-0.47,-0.17,0.84
171299027,-0.47,-0.17,0.84
171300971,-0.47,-0.17,0.84
171302968,-0.46,-0.18,0.84
171304970,-0.46,-0.18,0.84
171307041,-0.46,-0.18,0.84
171308994,-0.46,-0.18,0.84
171310967,-0.46,-0.18,0.84
171312972,-0.48,-0.20,0.82
171315052,-0.48,-0.20,0.82
171316969,-0.48,-0.20,0.82
171318978,-0.48,-0.20,0.82
171321031,-0.48,-0.20,0.82
171323037,-0.50,-0.20,0.82
171325024,-0.50,-0.20,0.82
171327012,-0.50,-0.20,0.82
171329032,-0.50,-0.20,0.82
171331042,-0.50,-0.20,0.82
171333016,-0.51,-0.23,0.62
171335013,-0.51,-0.23,0.62
171337008,-0.51,-0.23,0.62
171338971,-0.51,-0.23,0.62
171341081,-0.51,-0.23,0.62
171343040,-0.51,-0.23,0.62
171345009,-0.50,-0.18,0.83
171346969,-0.50,-0.18,0.83
171348966,-0.50,-0.18,0.83
171350966,-0.50,-0.18,0.83
171353016,-0.50,-0.18,0.83
171354967,-0.50,-0.20,0.80
171356968,-0.50,-0.20,0.80
171358967,-0.50,-0.20,0.80
171361029,-0.50,-0.20,0.80
171363012,-0.50,-0.20,0.80
171365118,-0.48,-0.18,1.10
171367021,-0.48,-0.18,1.10
171369018,-0.48,-0.18,1.10
171371048,-0.48,-0.18,1.10
171373036,-0.48,-0.18,1.10
171375010,-0.46,-0.19,0.95
171377013,-0.46,-0.19,0.95
171378972,-0.46,-0.19,0.95
171380970,-0.46,-0.19,0.95
171383045,-0.46,-0.19,0.95
171385018,-0.49,-0.20,0.69
171386974,-0.49,-0.20,0.69
171388970,-0.49,-0.20,0.69
171391079,-0.49,-0.20,0.69
171393031,-0.49,-0.20,0.69
171395001,-0.56,-0.39,0.50
171396970,-0.56,-0.39,0.50
171398958,-0.56,-0.39,0.50
171401031,-0.56,-0.39,0.50
171403013,-0.56,-0.39,0.50
171405009,-0.45,-0.31,0.77
171407012,-0.45,-0.31,0.77
171409013,-0.45,-0.31,0.77
171411012,-0.45,-0.31,0.77
171413006,-0.45,-0.31,0.77
171415126,-0.48,-0.44,0.66
171417011,-0.48,-0.44,0.66
171418967,-0.48,-0.44,0.66
171420972,-0.48,-0.44,0.66
171422966,-0.48,-0.44,0.66
171424968,-0.48,-0.44,0.66
171426967,-0.51,-0.41,0.82
171428970,-0.51,-0.41,0.82
171431017,-0.51,-0.41,0.82
171432968,-0.51,-0.41,0.82
171434966,-0.51,-0.41,0.82
171436966,-0.52,-0.42,0.79
171438966,-0.52,-0.42,0.79
171441132,-0.52,-0.42,0.79
171443016,-0.52,-0.42,0.79
171445013,-0.52,-0.42,0.79
171447023,-0.51,-0.40,0.77
171449084,-0.51,-0.40,0.77
171451021,-0.51,-0.40,0.77
171453014,-0.51,-0.40,0.77
171455007,-0.51,-0.40,0.77
171457011,-0.51,-0.38,0.75
171459042,-0.51,-0.38,0.75
171460985,-0.51,-0.38,0.75
171462968,-0.51,-0.38,0.75
171465062,-0.51,-0.38,0.75
171466989,-0.48,-0.39,0.81
171469016,-0.48,-0.39,0.81
171470966,-0.48,-0.39,0.81
171472958,-0.48,-0.39,0.81
171474958,-0.48,-0.39,0.81
171476966,-0.50,-0.41,0.45
171478965,-0.50,-0.41,0.45
171481031,-0.50,-0.41,0.45
171483028,-0.50,-0.41,0.45
171485008,-0.50,-0.41,0.45
171487012,-0.47,-0.41,0.76
171489048,-0.47,-0.41,0.76
171491128,-0.47,-0.41,0.76
171493017,-0.47,-0.41,0.76
171495018,-0.47,-0.41,0.76
171497017,-0.47,-0.41,0.76
171499035,-0.47,-0.48,0.72
171500991,-0.47,-0.48,0.72
171502969,-0.47,-0.48,0.72
171504974,-0.47,-0.48,0.72
171506969,-0.47,-0.48,0.72
171508975,-0.48,-0.42,0.61
171510967,-0.48,-0.42,0.61
171512967,-0.48,-0.42,0.61
171515065,-0.48,-0.42,0.61
171517033,-0.48,-0.42,0.61
171519001,-0.48,-0.45,0.66
171521025,-0.48,-0.45,0.66
171523016,-0.48,-0.45,0.66
171525011,-0.48,-0.45,0.66
171527016,-0.48,-0.45,0.66
171529035,-0.47,-0.48,0.63
171531010,-0.47,-0.48,0.63
171533003,-0.47,-0.48,0.63
171534970,-0.47,-0.48,0.63
171536966,-0.47,-0.48,0.63
171538968,-0.47,-0.50,0.70
171541080,-0.47,-0.50,0.70
171542974,-0.47,-0.50,0.70
171544970,-0.47,-0.50,0.70
171547045,-0.47,-0.50,0.70
171548998,-0.48,-0.50,0.68
171550959,-0.48,-0.50,0.68
171552966,-0.48,-0.50,0.68
171554967,-0.48,-0.50,0.68
171556983,-0.48,-0.50,0.68
171559014,-0.48,-0.54,0.68
171561024,-0.48,-0.54,0.68
171563014,-0.48,-0.54,0.68
171565112,-0.48,-0.54,0.68
171567035,-0.48,-0.54,0.68
171569029,-0.48,-0.54,0.68
171571015,-0.50,-0.51,0.66
171573013,-0.50,-0.51,0.66
171575012,-0.50,-0.51,0.66
171577041,-0.50,-0.51,0.66
171579018,-0.50,-0.51,0.66
171580972,-0.54,-0.46,0.66
171583010,-0.54,-0.46,0.66
171584975,-0.54,-0.46,0.66
171587031,-0.54,-0.46,0.66
171588993,-0.54,-0.46,0.66
171591083,-0.50,-0.49,0.66
171592976,-0.50,-0.49,0.66
171594986,-0.50,-0.49,0.66
171596969,-0.50,-0.49,0.66
171598966,-0.50,-0.49,0.66
171601029,-0.48,-0.55,0.66
171603013,-0.48,-0.55,0.66
171605007,-0.48,-0.55,0.66
171607010,-0.48,-0.55,0.66
171609037,-0.48,-0.55,0.66
171611017,-0.48,-0.55,0.65
171613010,-0.48,-0.55,0.65
171615111,-0.48,-0.55,0.65
171617039,-0.48,-0.55,0.65
171619018,-0.48,-0.55,0.65
171620969,-0.48,-0.58,0.66
171622973,-0.48,-0.58,0.66
171624968,-0.48,-0.58,0.66
171627029,-0.48,-0.58,0.66
171628997,-0.48,-0.58,0.66
171631002,-0.47,-0.60,0.66
171632967,-0.47,-0.60,0.66
171634968,-0.47,-0.60,0.66
171636967,-0.47,-0.60,0.66
171638975,-0.47,-0.60,0.66
171641134,-0.47,-0.57,0.62
171643012,-0.47,-0.57,0.62
171645006,-0.47,-0.57,0.62
171647006,-0.47,-0.57,0.62
171649016,-0.47,-0.57,0.62
171651081,-0.47,-0.57,0.62
171653024,-0.49,-0.55,0.65
171655011,-0.49,-0.55,0.65
171656994,-0.49,-0.55,0.65
171658977,-0.49,-0.55,0.65
171661056,-0.49,-0.55,0.65
171662973,-0.50,-0.55,0.63
171665064,-0.50,-0.55,0.63
171666975,-0.50,-0.55,0.63
171668994,-0.50,-0.55,0.63
171671015,-0.50,-0.55,0.63
171672966,-0.53,-0.52,0.62
171674969,-0.53,-0.52,0.62
171676959,-0.53,-0.52,0.62
171678958,-0.53,-0.52,0.62
171681034,-0.53,-0.52,0.62
171683035,-0.52,-0.49,0.60
171685016,-0.52,-0.49,0.60
171687033,-0.52,-0.49,0.60
171689081,-0.52,-0.49,0.60
171691133,-0.52,-0.49,0.60
171693014,-0.50,-0.53,0.58
171695015,-0.50,-0.53,0.58
171697048,-0.50,-0.53,0.58
171699038,-0.50,-0.53,0.58
171701006,-0.50,-0.53,0.58
171702974,-0.47,-0.61,0.63
171704972,-0.47,-0.61,0.63
171707041,-0.47,-0.61,0.63
171709007,-0.47,-0.61,0.63
171710979,-0.47,-0.61,0.63
171712967,-0.46,-0.66,0.59
171715061,-0.46,-0.66,0.59
171716979,-0.46,-0.66,0.59
171718971,-0.46,-0.66,0.59
171721049,-0.46,-0.66,0.59
171723057,-0.46,-0.66,0.59
171725028,-0.46,-0.64,0.57
171727009,-0.46,-0.64,0.57
171729007,-0.46,-0.64,0.57
171731008,-0.46,-0.64,0.57
171733042,-0.46,-0.64,0.57
171735029,-0.46,-0.63,0.60
171737026,-0.46,-0.63,0.60
171739004,-0.46,-0.63,0.60
171741074,-0.46,-0.63,0.60
171742997,-0.46,-0.63,0.60
171745055,-0.46,-0.61,0.60
171746997,-0.46,-0.61,0.60
171748969,-0.46,-0.61,0.60
171750973,-0.46,-0.61,0.60
171753016,-0.46,-0.61,0.60
171754969,-0.48,-0.61,0.58
171756973,-0.48,-0.61,0.58
171758969,-0.48,-0.61,0.58
171761030,-0.48,-0.61,0.58
171763012,-0.48,-0.61,0.58
171765109,-0.50,-0.55,0.57
171767044,-0.50,-0.55,0.57
171769035,-0.50,-0.55,0.57
171771015,-0.50,-0.55,0.57
171773009,-0.50,-0.55,0.57
171775008,-0.49,-0.56,0.54
171777042,-0.49,-0.56,0.54
171779009,-0.49,-0.56,0.54
171780973,-0.49,-0.56,0.54
171783010,-0.49,-0.56,0.54
171784970,-0.46,-0.64,0.57
171787018,-0.46,-0.64,0.57
171788959,-0.46,-0.64,0.57
171791075,-0.46,-0.64,0.57
171792970,-0.46,-0.64,0.57
171794981,-0.46,-0.64,0.57
171796966,-0.46,-0.66,0.59
171798967,-0.46,-0.66,0.59
171801023,-0.46,-0.66,0.59
171803014,-0.46,-0.66,0.59
171805009,-0.46,-0.66,0.59
171807033,-0.46,-0.67,0.61
171809055,-0.46,-0.67,0.61
171811020,-0.46,-0.67,0.61
171813013,-0.46,-0.67,0.61
171815113,-0.46,-0.67,0.61
171816996,-0.45,-0.67,0.59
171819041,-0.45,-0.67,0.59
171820989,-0.45,-0.67,0.59
171822972,-0.45,-0.67,0.59
171824981,-0.45,-0.67,0.59
171827020,-0.45,-0.67,0.55
171828998,-0.45,-0.67,0.55
171830965,-0.45,-0.67,0.55
171832966,-0.45,-0.67,0.55
171834968,-0.45,-0.67,0.55
171836969,-0.48,-0.61,0.56
171838968,-0.48,-0.61,0.56
171841132,-0.48,-0.61,0.56
171843009,-0.48,-0.61,0.56
171845009,-0.48,-0.61,0.56
171847006,-0.50,-0.59,0.55
171849006,-0.50,-0.59,0.55
171851014,-0.50,-0.59,0.55
171853079,-0.50,-0.59,0.55
171855027,-0.50,-0.59,0.55
171856994,-0.49,-0.59,0.55
171858968,-0.49,-0.59,0.55
171860966,-0.49,-0.59,0.55
171863035,-0.49,-0.59,0.55
171865115,-0.49,-0.59,0.55
171866980,-0.48,-0.58,0.53
171868969,-0.48,-0.58,0.53
171870993,-0.48,-0.58,0.53
171873017,-0.48,-0.58,0.53
171874971,-0.48,-0.58,0.53
171876958,-0.48,-0.58,0.53
171878968,-0.48,-0.62,0.53
171881031,-0.48,-0.62,0.53
171883029,-0.48,-0.62,0.53
171885011,-0.48,-0.62,0.53
171887011,-0.48,-0.62,0.53
171889080,-0.45,-0.66,0.56
171891130,-0.45,-0.66,0.56
171893015,-0.45,-0.66,0.56
171895017,-0.45,-0.66,0.56
171897009,-0.45,-0.66,0.56
171899035,-0.45,-0.73,0.60
171901000,-0.45,-0.73,0.60
171902970,-0.45,-0.73,0.60
171904969,-0.45,-0.73,0.60
171907017,-0.45,-0.73,0.60
171909005,-0.45,-0.70,0.59
171910975,-0.45,-0.70,0.59
171912968,-0.45,-0.70,0.59
171915063,-0.45,-0.70,0.59
171916979,-0.45,-0.70,0.59
171918959,-0.45,-0.71,0.57
171921031,-0.45,-0.71,0.57
171923012,-0.45,-0.71,0.57
171925007,-0.45,-0.71,0.57
171927006,-0.45,-0.71,0.57
171929012,-0.45,-0.67,0.57
171931076,-0.45,-0.67,0.57
171933019,-0.45,-0.67,0.57
171935007,-0.45,-0.67,0.57
171936972,-0.45,-0.67,0.57
171939012,-0.45,-0.67,0.55
171941077,-0.45,-0.67,0.55
171942969,-0.45,-0.67,0.55
171944973,-0.45,-0.67,0.55
171946995,-0.45,-0.67,0.55
171949036,-0.46,-0.64,0.54
171950984,-0.46,-0.64,0.54
171952967,-0.46,-0.64,0.54
171954981,-0.46,-0.64,0.54
171957017,-0.46,-0.64,0.54
171958969,-0.46,-0.64,0.54
171961030,-0.49,-0.59,0.52
171963012,-0.49,-0.59,0.52
171965113,-0.49,-0.59,0.52
171967022,-0.49,-0.59,0.52
171969010,-0.49,-0.59,0.52
171971015,-0.48,-0.59,0.50
171973034,-0.48,-0.59,0.50
171975022,-0.48,-0.59,0.50
171976974,-0.48,-0.59,0.50
171978974,-0.48,-0.59,0.50
171980973,-0.46,-0.63,0.51
171983057,-0.46,-0.63,0.51
171985007,-0.46,-0.63,0.51
171986969,-0.46,-0.63,0.51
171988968,-0.46,-0.63,0.51
171991077,-0.44,-0.68,0.54
171993019,-0.44,-0.68,0.54
171994984,-0.44,-0.68,0.54
171996965,-0.44,-0.68,0.54
171998967,-0.44,-0.68,0.54
172001031,-0.43,-0.71,0.51
172003015,-0.43,-0.71,0.51
172005009,-0.43,-0.71,0.51
172007009,-0.43,-0.71,0.51
172009008,-0.43,-0.71,0.51
172011009,-0.43,-0.73,0.54
172013017,-0.43,-0.73,0.54
172015109,-0.43,-0.73,0.54
172016975,-0.43,-0.73,0.54
172018972,-0.43,-0.73,0.54
172020967,-0.42,-0.75,0.54
172022969,-0.42,-0.75,0.54
172024971,-0.42,-0.75,0.54
172026974,-0.42,-0.75,0.54
172028968,-0.42,-0.75,0.54
172030969,-0.42,-0.75,0.54
172032988,-0.42,-0.73,0.51
172034966,-0.42,-0.73,0.51
172036966,-0.42,-0.73,0.51
172038979,-0.42,-0.73,0.51
172041110,-0.42,-0.73,0.51
172043009,-0.43,-0.72,0.51
172045012,-0.43,-0.72,0.51
172047009,-0.43,-0.72,0.51
172049011,-0.43,-0.72,0.51
172051009,-0.43,-0.72,0.51
172053010,-0.42,-0.71,0.51
172054971,-0.42,-0.71,0.51
172056967,-0.42,-0.71,0.51
172058973,-0.42,-0.71,0.51
172060967,-0.42,-0.71,0.51
172062968,-0.45,-0.70,0.51
172065045,-0.45,-0.70,0.51
172066975,-0.45,-0.70,0.51
172068967,-0.45,-0.70,0.51
172070968,-0.45,-0.70,0.51
172072971,-0.45,-0.67,0.51
172074975,-0.45,-0.67,0.51
172076971,-0.45,-0.67,0.51
172078969,-0.45,-0.67,0.51
172081013,-0.45,-0.67,0.51
172083031,-0.44,-0.70,0.49
172085008,-0.44,-0.70,0.49
172087007,-0.44,-0.70,0.49
172089017,-0.44,-0.70,0.49
172091131,-0.44,-0.70,0.49
172093014,-0.43,-0.72,0.50
172094990,-0.43,-0.72,0.50
172096971,-0.43,-0.72,0.50
172098979,-0.43,-0.72,0.50
172100968,-0.43,-0.72,0.50
172102971,-0.43,-0.72,0.50
172104969,-0.40,-0.74,0.49
172106969,-0.40,-0.74,0.49
172108968,-0.40,-0.74,0.49
172110979,-0.40,-0.74,0.49
172113061,-0.40,-0.74,0.49
172115105,-0.40,-0.75,0.49
172116978,-0.40,-0.75,0.49
172118966,-0.40,-0.75,0.49
172121020,-0.40,-0.75,0.49
172123009,-0.40,-0.75,0.49
172125008,-0.39,-0.77,0.51
172127014,-0.39,-0.77,0.51
172129042,-0.39,-0.77,0.51
172131021,-0.39,-0.77,0.51
172133010,-0.39,-0.77,0.51
172134992,-0.39,-0.79,0.50
172136971,-0.39,-0.79,0.50
172138966,-0.39,-0.79,0.50
172141072,-0.39,-0.79,0.50
172142969,-0.39,-0.79,0.50
172144969,-0.40,-0.78,0.48
172146966,-0.40,-0.78,0.48
172148969,-0.40,-0.78,0.48
172150971,-0.40,-0.78,0.48
172152967,-0.40,-0.78,0.48
172154972,-0.41,-0.79,0.50
172156974,-0.41,-0.79,0.50
172158975,-0.41,-0.79,0.50
172161013,-0.41,-0.79,0.50
172163011,-0.41,-0.79,0.50
172165087,-0.40,-0.81,0.49
172167011,-0.40,-0.81,0.49
172169007,-0.40,-0.81,0.49
172171005,-0.40,-0.81,0.49
172172971,-0.40,-0.81,0.49
172174974,-0.42,-0.75,0.49
172176973,-0.42,-0.75,0.49
172178969,-0.42,-0.75,0.49
172180980,-0.42,-0.75,0.49
172183009,-0.42,-0.75,0.49
172184968,-0.42,-0.75,0.49
172186966,-0.42,-0.74,0.48
172188995,-0.42,-0.74,0.48
172191072,-0.42,-0.74,0.48
172192978,-0.42,-0.74,0.48
172194992,-0.42,-0.74,0.48
172196967,-0.41,-0.72,0.45
172198968,-0.41,-0.72,0.45
172201017,-0.41,-0.72,0.45
172203008,-0.41,-0.72,0.45
172205017,-0.41,-0.72,0.45
172207033,-0.42,-0.71,0.46
172209014,-0.42,-0.71,0.46
172211032,-0.42,-0.71,0.46
172213050,-0.42,-0.71,0.46
172215120,-0.42,-0.71,0.46
172216977,-0.43,-0.70,0.46
172218970,-0.43,-0.70,0.46
172220967,-0.43,-0.70,0.46
172222969,-0.43,-0.70,0.46
172224966,-0.43,-0.70,0.46
172226966,-0.43,-0.70,0.44
172228983,-0.43,-0.70,0.44
172231046,-0.43,-0.70,0.44
172232981,-0.43,-0.70,0.44
172234967,-0.43,-0.70,0.44
172236968,-0.39,-0.73,0.42
172238959,-0.39,-0.73,0.42
172241128,-0.39,-0.73,0.42
172243010,-0.39,-0.73,0.42
172245033,-0.39,-0.73,0.42
172247011,-0.36,-0.78,0.43
172249010,-0.36,-0.78,0.43
172251013,-0.36,-0.78,0.43
172253080,-0.36,-0.78,0.43
172255023,-0.36,-0.78,0.43
172256998,-0.36,-0.78,0.43
172258971,-0.35,-0.80,0.43
172260968,-0.35,-0.80,0.43
172262967,-0.35,-0.80,0.43
172265066,-0.35,-0.80,0.43
172266985,-0.35,-0.80,0.43
172268969,-0.38,-0.82,0.46
172270972,-0.38,-0.82,0.46
172272968,-0.38,-0.82,0.46
172274966,-0.38,-0.82,0.46
172276969,-0.38,-0.82,0.46
172278970,-0.38,-0.80,0.48
172281013,-0.38,-0.80,0.48
172283026,-0.38,-0.80,0.48
172285012,-0.38,-0.80,0.48
172287007,-0.38,-0.80,0.48
172289018,-0.37,-0.79,0.45
172291098,-0.37,-0.79,0.45
172292978,-0.37,-0.79,0.45
172294990,-0.37,-0.79,0.45
172296968,-0.37,-0.79,0.45
172298967,-0.37,-0.79,0.44
172300974,-0.37,-0.79,0.44
172302968,-0.37,-0.79,0.44
172304967,-0.37,-0.79,0.44
172306958,-0.37,-0.79,0.44
172308967,-0.38,-0.78,0.44
172310969,-0.38,-0.78,0.44
172312968,-0.38,-0.78,0.44
172314959,-0.38,-0.78,0.44
172316971,-0.38,-0.78,0.44
172318979,-0.38,-0.77,0.43
172321017,-0.38,-0.77,0.43
172323013,-0.38,-0.77,0.43
172325017,-0.38,-0.77,0.43
172327011,-0.38,-0.77,0.43
172329007,-0.38,-0.77,0.43
172331008,-0.38,-0.77,0.43
172332969,-0.38,-0.77,0.43
172334967,-0.38,-0.77,0.43
172336967,-0.38,-0.77,0.43
172338965,-0.38,-0.77,0.43
172341054,-0.38,-0.78,0.44
172342967,-0.38,-0.78,0.44
172344966,-0.38,-0.78,0.44
172347015,-0.38,-0.78,0.44
172349004,-0.38,-0.78,0.44
172350970,-0.41,-0.74,0.44
172352971,-0.41,-0.74,0.44
172354970,-0.41,-0.74,0.44
172356968,-0.41,-0.74,0.44
172358968,-0.41,-0.74,0.44
172361015,-0.40,-0.75,0.43
172363023,-0.40,-0.75,0.43
172365126,-0.40,-0.75,0.43
172367039,-0.40,-0.75,0.43
172369017,-0.40,-0.75,0.43
172371016,-0.37,-0.78,0.43
172373017,-0.37,-0.78,0.43
172375003,-0.37,-0.78,0.43
172376970,-0.37,-0.78,0.43
172378969,-0.37,-0.78,0.43
172380968,-0.36,-0.80,0.44
172383006,-0.36,-0.80,0.44
172384968,-0.36,-0.80,0.44
172387115,-0.36,-0.80,0.44
172388996,-0.36,-0.80,0.44
172391074,-0.38,-0.80,0.44
172392972,-0.38,-0.80,0.44
172394987,-0.38,-0.80,0.44
172397016,-0.38,-0.80,0.44
172399000,-0.38,-0.80,0.44
172401027,-0.38,-0.79,0.45
172403014,-0.38,-0.79,0.45
172405007,-0.38,-0.79,0.45
172407008,-0.38,-0.79,0.45
172409007,-0.38,-0.79,0.45
172411009,-0.38,-0.79,0.45
172413003,-0.38,-0.77,0.42
172415064,-0.38,-0.77,0.42
172416982,-0.38,-0.77,0.42
172418969,-0.38,-0.77,0.42
172420967,-0.38,-0.77,0.42
172422966,-0.38,-0.80,0.45
172424968,-0.38,-0.80,0.45
172426977,-0.38,-0.80,0.45
172428974,-0.38,-0.80,0.45
172430974,-0.38,-0.80,0.45
172432975,-0.37,-0.78,0.42
172434969,-0.37,-0.78,0.42
172436971,-0.37,-0.78,0.42
172438971,-0.37,-0.78,0.42
172441083,-0.37,-0.78,0.42
172443014,-0.37,-0.80,0.43
172445018,-0.37,-0.80,0.43
172447016,-0.37,-0.80,0.43
172449017,-0.37,-0.80,0.43
172451035,-0.37,-0.80,0.43
172453006,-0.37,-0.79,0.44
172454971,-0.37,-0.79,0.44
172456967,-0.37,-0.79,0.44
172458967,-0.37,-0.79,0.44
172460971,-0.37,-0.79,0.44
172462966,-0.38,-0.77,0.42
172465056,-0.38,-0.77,0.42
172466974,-0.38,-0.77,0.42
172468969,-0.38,-0.77,0.42
172470970,-0.38,-0.77,0.42
172472967,-0.38,-0.77,0.41
172474968,-0.38,-0.77,0.41
172476967,-0.38,-0.77,0.41
172478966,-0.38,-0.77,0.41
172481009,-0.38,-0.77,0.41
172483031,-0.36,-0.79,0.41
172485008,-0.36,-0.79,0.41
172487018,-0.36,-0.79,0.41
172489020,-0.36,-0.79,0.41
172491143,-0.36,-0.79,0.41
172493020,-0.36,-0.79,0.41
172495014,-0.35,-0.80,0.41
172496967,-0.35,-0.80,0.41
172498967,-0.35,-0.80,0.41
172500968,-0.35,-0.80,0.41
172502967,-0.35,-0.80,0.41
172504974,-0.35,-0.81,0.41
172506968,-0.35,-0.81,0.41
172508966,-0.35,-0.81,0.41
172510969,-0.35,-0.81,0.41
172512972,-0.35,-0.81,0.41
172515046,-0.35,-0.81,0.40
172516981,-0.35,-0.81,0.40
172518974,-0.35,-0.81,0.40
172521042,-0.35,-0.81,0.40
172523039,-0.35,-0.81,0.40
172525043,-0.35,-0.82,0.41
172527015,-0.35,-0.82,0.41
172529005,-0.35,-0.82,0.41
172531010,-0.35,-0.82,0.41
172533037,-0.35,-0.82,0.41
172535034,-0.36,-0.80,0.41
172537013,-0.36,-0.80,0.41
172538975,-0.36,-0.80,0.41
172541076,-0.36,-0.80,0.41
172542969,-0.36,-0.80,0.41
172544969,-0.39,-0.80,0.41
172546972,-0.39,-0.80,0.41
172548969,-0.39,-0.80,0.41
172550986,-0.39,-0.80,0.41
172553012,-0.39,-0.80,0.41
172554966,-0.39,-0.80,0.43
172556976,-0.39,-0.80,0.43
172558971,-0.39,-0.80,0.43
172561017,-0.39,-0.80,0.43
172563007,-0.39,-0.80,0.43
172565091,-0.39,-0.80,0.43
172567008,-0.38,-0.79,0.41
172569008,-0.38,-0.79,0.41
172571001,-0.38,-0.79,0.41
172572970,-0.38,-0.79,0.41
172574969,-0.38,-0.79,0.41
172576969,-0.36,-0.79,0.38
172578970,-0.36,-0.79,0.38
172580972,-0.36,-0.79,0.38
172583009,-0.36,-0.79,0.38
172584972,-0.36,-0.79,0.38
172586984,-0.37,-0.80,0.39
172588969,-0.37,-0.80,0.39
172591058,-0.37,-0.80,0.39
172592972,-0.37,-0.80,0.39
172594984,-0.37,-0.80,0.39
172596970,-0.40,-0.78,0.38
172598966,-0.40,-0.78,0.38
172601026,-0.40,-0.78,0.38
172603022,-0.40,-0.78,0.38
172605056,-0.40,-0.78,0.38
172607037,-0.41,-0.81,0.41
172609018,-0.41,-0.81,0.41
172611017,-0.41,-0.81,0.41
172613007,-0.41,-0.81,0.41
172615115,-0.41,-0.81,0.41
172616971,-0.40,-0.79,0.46
172618971,-0.40,-0.79,0.46
172620966,-0.40,-0.79,0.46
172622973,-0.40,-0.79,0.46
172624967,-0.40,-0.79,0.46
172627105,-0.38,-0.80,0.41
172628998,-0.38,-0.80,0.41
172630969,-0.38,-0.80,0.41
172632958,-0.38,-0.80,0.41
172634968,-0.38,-0.80,0.41
172636979,-0.38,-0.80,0.41
172639015,-0.35,-0.83,0.35
172641132,-0.35,-0.83,0.35
172643023,-0.35,-0.83,0.35
172645007,-0.35,-0.83,0.35
172647058,-0.35,-0.83,0.35
172649030,-0.36,-0.83,0.36
172651009,-0.36,-0.83,0.36
172653022,-0.36,-0.83,0.36
172655042,-0.36,-0.83,0.36
172657020,-0.36,-0.83,0.36
172659053,-0.37,-0.81,0.39
172661012,-0.37,-0.81,0.39
172662967,-0.37,-0.81,0.39
172665060,-0.37,-0.81,0.39
172666980,-0.37,-0.81,0.39
172668971,-0.36,-0.81,0.38
172670982,-0.36,-0.81,0.38
172673050,-0.36,-0.81,0.38
172674981,-0.36,-0.81,0.38
172676966,-0.36,-0.81,0.38
172679021,-0.36,-0.80,0.33
172681052,-0.36,-0.80,0.33
172683039,-0.36,-0.80,0.33
172685014,-0.36,-0.80,0.33
172687013,-0.36,-0.80,0.33
172689050,-0.37,-0.82,0.37
172691130,-0.37,-0.82,0.37
172693013,-0.37,-0.82,0.37
172695020,-0.37,-0.82,0.37
172697046,-0.37,-0.82,0.37
172699033,-0.36,-0.82,0.39
172701005,-0.36,-0.82,0.39
172703144,-0.36,-0.82,0.39
172705001,-0.36,-0.82,0.39
172707056,-0.36,-0.82,0.39
172709005,-0.38,-0.82,0.37
172710970,-0.38,-0.82,0.37
172712972,-0.38,-0.82,0.37
172715126,-0.38,-0.82,0.37
172716982,-0.38,-0.82,0.37
172718972,-0.38,-0.82,0.37
172721032,-0.38,-0.83,0.38
172723016,-0.38,-0.83,0.38
172725011,-0.38,-0.83,0.38
172727015,-0.38,-0.83,0.38
172729038,-0.38,-0.83,0.38
172731022,-0.38,-0.82,0.37
172733019,-0.38,-0.82,0.37
172735018,-0.38,-0.82,0.37
172737007,-0.38,-0.82,0.37
172738976,-0.38,-0.82,0.37
172741076,-0.37,-0.83,0.36
172742976,-0.37,-0.83,0.36
172744976,-0.37,-0.83,0.36
172746975,-0.37,-0.83,0.36
172748970,-0.37,-0.83,0.36
172750975,-0.37,-0.85,0.36
172752982,-0.37,-0.85,0.36
172754976,-0.37,-0.85,0.36
172757015,-0.37,-0.85,0.36
172758976,-0.37,-0.85,0.36
172761015,-0.36,-0.85,0.36
172763019,-0.36,-0.85,0.36
172765129,-0.36,-0.85,0.36
172767056,-0.36,-0.85,0.36
172769036,-0.36,-0.85,0.36
172771016,-0.37,-0.86,0.35
172773012,-0.37,-0.86,0.35
172775010,-0.37,-0.86,0.35
172776975,-0.37,-0.86,0.35
172778976,-0.37,-0.86,0.35
172780978,-0.38,-0.85,0.34
172783011,-0.38,-0.85,0.34
172784972,-0.38,-0.85,0.34
172787041,-0.38,-0.85,0.34
172788990,-0.38,-0.85,0.34
172791079,-0.38,-0.85,0.34
172792978,-0.38,-0.84,0.36
172794991,-0.38,-0.84,0.36
172797017,-0.38,-0.84,0.36
172799018,-0.38,-0.84,0.36
172801032,-0.38,-0.84,0.36
172803016,-0.36,-0.84,0.35
172805017,-0.36,-0.84,0.35
172807025,-0.36,-0.84,0.35
172809041,-0.36,-0.84,0.35
172811028,-0.36,-0.84,0.35
172813017,-0.35,-0.88,0.30
172815119,-0.35,-0.88,0.30
172817016,-0.35,-0.88,0.30
172818984,-0.35,-0.88,0.30
172820981,-0.35,-0.88,0.30
172822981,-0.36,-0.88,0.27
172824985,-0.36,-0.88,0.27
172826976,-0.36,-0.88,0.27
172828971,-0.36,-0.88,0.27
172830972,-0.36,-0.88,0.27
172832979,-0.38,-0.72,0.37
172834982,-0.38,-0.72,0.37
172836979,-0.38,-0.72,0.37
172838976,-0.38,-0.72,0.37
172841088,-0.38,-0.72,0.37
172843016,-0.38,-0.83,0.37
172845012,-0.38,-0.83,0.37
172847017,-0.38,-0.83,0.37
172849120,-0.38,-0.83,0.37
172851030,-0.38,-0.83,0.37
172853011,-0.34,-0.88,0.30
172855009,-0.34,-0.88,0.30
172856975,-0.34,-0.88,0.30
172858975,-0.34,-0.88,0.30
172861037,-0.34,-0.88,0.30
172862975,-0.34,-0.88,0.30
172865074,-0.34,-0.86,0.28
172867043,-0.34,-0.86,0.28
172869015,-0.34,-0.86,0.28
172870976,-0.34,-0.86,0.28
172872975,-0.34,-0.86,0.28
172874983,-0.34,-0.86,0.31
172877018,-0.34,-0.86,0.31
172878972,-0.34,-0.86,0.31
172881032,-0.34,-0.86,0.31
172883033,-0.34,-0.86,0.31
172885018,-0.35,-0.86,0.31
172887028,-0.35,-0.86,0.31
172889039,-0.35,-0.86,0.31
172891127,-0.35,-0.86,0.31
172893014,-0.35,-0.86,0.31
172895018,-0.34,-0.87,0.29
172897133,-0.34,-0.87,0.29
172899027,-0.34,-0.87,0.29
172901007,-0.34,-0.87,0.29
172902978,-0.34,-0.87,0.29
172904976,-0.34,-0.87,0.29
172907044,-0.34,-0.87,0.29
172909028,-0.34,-0.87,0.29
172910970,-0.34,-0.87,0.29
172912969,-0.34,-0.87,0.29
172915101,-0.35,-0.86,0.29
172917020,-0.35,-0.86,0.29
172918968,-0.35,-0.86,0.29
172921031,-0.35,-0.86,0.29
172923012,-0.35,-0.86,0.29
172925010,-0.35,-0.86,0.30
172927017,-0.35,-0.86,0.30
172929062,-0.35,-0.86,0.30
172931024,-0.35,-0.86,0.30
172933007,-0.35,-0.86,0.30
172935008,-0.35,-0.86,0.31
172936990,-0.35,-0.86,0.31
172939039,-0.35,-0.86,0.31
172941078,-0.35,-0.86,0.31
172942967,-0.35,-0.86,0.31
172944969,-0.35,-0.86,0.31
172947023,-0.35,-0.87,0.30
172948968,-0.35,-0.87,0.30
172950972,-0.35,-0.87,0.30
172952967,-0.35,-0.87,0.30
172954969,-0.35,-0.87,0.30
172956972,-0.35,-0.87,0.29
172958969,-0.35,-0.87,0.29
172961037,-0.35,-0.87,0.29
172963031,-0.35,-0.87,0.29
172965111,-0.35,-0.87,0.29
172967039,-0.35,-0.86,0.28
172969059,-0.35,-0.86,0.28
172971032,-0.35,-0.86,0.28
172973008,-0.35,-0.86,0.28
172975008,-0.35,-0.86,0.28
172977046,-0.34,-0.85,0.27
172979033,-0.34,-0.85,0.27
172981008,-0.34,-0.85,0.27
172982999,-0.34,-0.85,0.27
172984969,-0.34,-0.85,0.27
172987036,-0.34,-0.84,0.26
172988995,-0.34,-0.84,0.26
172991076,-0.34,-0.84,0.26
172992974,-0.34,-0.84,0.26
172995021,-0.34,-0.84,0.26
172996967,-0.33,-0.85,0.26
172998959,-0.33,-0.85,0.26
173001031,-0.33,-0.85,0.26
173003014,-0.33,-0.85,0.26
173005008,-0.33,-0.85,0.26
173007016,-0.34,-0.89,0.28
173009041,-0.34,-0.89,0.28
173011017,-0.34,-0.89,0.28
173013012,-0.34,-0.89,0.28
173015120,-0.34,-0.89,0.28
173017007,-0.34,-0.89,0.28
173019044,-0.34,-0.86,0.26
173020999,-0.34,-0.86,0.26
173022959,-0.34,-0.86,0.26
173024971,-0.34,-0.86,0.26
173026959,-0.34,-0.86,0.26
173028959,-0.34,-0.85,0.25
173030957,-0.34,-0.85,0.25
173032968,-0.34,-0.85,0.25
173034966,-0.34,-0.85,0.25
173036967,-0.34,-0.85,0.25
173038958,-0.34,-0.84,0.26
173041127,-0.34,-0.84,0.26
173043010,-0.34,-0.84,0.26
173045008,-0.34,-0.84,0.26
173047050,-0.34,-0.84,0.26
173049029,-0.34,-0.84,0.26
173051010,-0.34,-0.84,0.26
173053010,-0.34,-0.84,0.26
173055016,-0.34,-0.84,0.26
173057021,-0.34,-0.84,0.26
173058972,-0.32,-0.89,0.25
173060971,-0.32,-0.89,0.25
173062972,-0.32,-0.89,0.25
173065069,-0.32,-0.89,0.25
173067008,-0.32,-0.89,0.25
173069003,-0.32,-0.90,0.22
173071020,-0.32,-0.90,0.22
173072959,-0.32,-0.90,0.22
173074978,-0.32,-0.90,0.22
173076967,-0.32,-0.90,0.22
173078967,-0.33,-0.91,0.25
173081034,-0.33,-0.91,0.25
173083031,-0.33,-0.91,0.25
173085008,-0.33,-0.91,0.25
173087012,-0.33,-0.91,0.25
173089042,-0.32,-0.89,0.28
173091125,-0.32,-0.89,0.28
173093016,-0.32,-0.89,0.28
173095018,-0.32,-0.89,0.28
173097050,-0.32,-0.89,0.28
173099044,-0.32,-0.89,0.28
173101003,-0.32,-0.90,0.26
173102972,-0.32,-0.90,0.26
173104970,-0.32,-0.90,0.26
173107041,-0.32,-0.90,0.26
173108997,-0.32,-0.90,0.26
173110967,-0.32,-0.89,0.26
173112959,-0.32,-0.89,0.26
173115071,-0.32,-0.89,0.26
173117022,-0.32,-0.89,0.26
173118968,-0.32,-0.89,0.26
173121030,-0.33,-0.89,0.24
173123014,-0.33,-0.89,0.24
173125009,-0.33,-0.89,0.24
173127041,-0.33,-0.89,0.24
173129030,-0.33,-0.89,0.24
173131019,-0.32,-0.90,0.23
173133010,-0.32,-0.90,0.23
173135007,-0.32,-0.90,0.23
173136996,-0.32,-0.90,0.23
173139021,-0.32,-0.90,0.23
173141073,-0.32,-0.89,0.21
173142967,-0.32,-0.89,0.21
173144970,-0.32,-0.89,0.21
173146986,-0.32,-0.89,0.21
173149017,-0.32,-0.89,0.21
173150968,-0.32,-0.89,0.23
173152966,-0.32,-0.89,0.23
173154958,-0.32,-0.89,0.23
173156958,-0.32,-0.89,0.23
173158967,-0.32,-0.89,0.23
173161027,-0.32,-0.89,0.24
173163010,-0.32,-0.89,0.24
173165110,-0.32,-0.89,0.24
173167026,-0.32,-0.89,0.24
173169045,-0.32,-0.89,0.24
173171031,-0.32,-0.89,0.24
173173012,-0.32,-0.87,0.24
173175009,-0.32,-0.87,0.24
173177034,-0.32,-0.87,0.24
173179018,-0.32,-0.87,0.24
173180970,-0.32,-0.87,0.24
173183006,-0.31,-0.88,0.22
173184959,-0.31,-0.88,0.22
173187019,-0.31,-0.88,0.22
173188972,-0.31,-0.88,0.22
173191083,-0.31,-0.88,0.22
173192970,-0.31,-0.89,0.20
173194984,-0.31,-0.89,0.20
173196966,-0.31,-0.89,0.20
173198969,-0.31,-0.89,0.20
173201029,-0.31,-0.89,0.20
173203016,-0.30,-0.88,0.21
173205011,-0.30,-0.88,0.21
173207024,-0.30,-0.88,0.21
173209042,-0.30,-0.88,0.21
173211020,-0.30,-0.88,0.21
173213008,-0.30,-0.88,0.21
173215106,-0.30,-0.88,0.21
173216999,-0.30,-0.88,0.21
173218975,-0.30,-0.88,0.21
173221043,-0.30,-0.88,0.21
173222987,-0.31,-0.89,0.20
173224975,-0.31,-0.89,0.20
173226971,-0.31,-0.89,0.20
173228971,-0.31,-0.89,0.20
173230966,-0.31,-0.89,0.20
173232987,-0.30,-0.90,0.21
173235019,-0.30,-0.90,0.21
173236967,-0.30,-0.90,0.21
173238967,-0.30,-0.90,0.21
173241131,-0.30,-0.90,0.21
173243013,-0.32,-0.89,0.22
173245011,-0.32,-0.89,0.22
173247026,-0.32,-0.89,0.22
173249035,-0.32,-0.89,0.22
173251017,-0.32,-0.89,0.22
173253010,-0.32,-0.89,0.22
173255001,-0.32,-0.84,0.25
173256967,-0.32,-0.84,0.25
173258970,-0.32,-0.84,0.25
173260976,-0.32,-0.84,0.25
173263056,-0.32,-0.84,0.25
173265105,-0.33,-0.84,0.27
173266975,-0.33,-0.84,0.27
173268982,-0.33,-0.84,0.27
173271006,-0.33,-0.84,0.27
173272977,-0.33,-0.84,0.27
173275020,-0.33,-0.86,0.23
173276966,-0.33,-0.86,0.23
173278975,-0.33,-0.86,0.23
173281029,-0.33,-0.86,0.23
173283027,-0.33,-0.86,0.23
173285008,-0.31,-0.84,0.18
173287015,-0.31,-0.84,0.18
173289055,-0.31,-0.84,0.18
173291129,-0.31,-0.84,0.18
173293013,-0.31,-0.84,0.18
173295017,-0.34,-0.89,0.17
173297009,-0.34,-0.89,0.17
173298971,-0.34,-0.89,0.17
173300967,-0.34,-0.89,0.17
173302967,-0.34,-0.89,0.17
173305043,-0.35,-0.91,0.20
173307008,-0.35,-0.91,0.20
173308966,-0.35,-0.91,0.20
173310968,-0.35,-0.91,0.20
173312966,-0.35,-0.91,0.20
173315064,-0.36,-0.92,0.20
173317034,-0.36,-0.92,0.20
173319005,-0.36,-0.92,0.20
173321028,-0.36,-0.92,0.20
173323019,-0.36,-0.92,0.20
173325012,-0.36,-0.92,0.20
173327018,-0.34,-0.91,0.21
173329039,-0.34,-0.91,0.21
173331021,-0.34,-0.91,0.21
173333009,-0.34,-0.91,0.21
173335010,-0.34,-0.91,0.21
173336966,-0.34,-0.90,0.20
173338967,-0.34,-0.90,0.20
173341077,-0.34,-0.90,0.20
173342987,-0.34,-0.90,0.20
173344968,-0.34,-0.90,0.20
173346970,-0.34,-0.90,0.18
173348967,-0.34,-0.90,0.18
173350967,-0.34,-0.90,0.18
173352967,-0.34,-0.90,0.18
173354967,-0.34,-0.90,0.18
173356959,-0.36,-0.88,0.18
173358992,-0.36,-0.88,0.18
173361040,-0.36,-0.88,0.18
173363032,-0.36,-0.88,0.18
173365107,-0.36,-0.88,0.18
173367015,-0.39,-0.85,0.21
173369010,-0.39,-0.85,0.21
173371031,-0.39,-0.85,0.21
173373051,-0.39,-0.85,0.21
173375033,-0.39,-0.85,0.21
173377010,-0.36,-0.79,0.24
173379005,-0.36,-0.79,0.24
173380968,-0.36,-0.79,0.24
173382996,-0.36,-0.79,0.24
173384966,-0.36,-0.79,0.24
173386968,-0.35,-0.83,0.25
173388967,-0.35,-0.83,0.25
173391074,-0.35,-0.83,0.25
173393117,-0.35,-0.83,0.25
173395001,-0.35,-0.83,0.25
173396969,-0.35,-0.83,0.25
173398966,-0.36,-0.84,0.22
173401017,-0.36,-0.84,0.22
173403029,-0.36,-0.84,0.22
173405016,-0.36,-0.84,0.22
173407008,-0.36,-0.84,0.22
173409017,-0.37,-0.89,0.21
173411009,-0.37,-0.89,0.21
173413028,-0.37,-0.89,0.21
173415126,-0.37,-0.89,0.21
173417015,-0.37,-0.89,0.21
173418975,-0.36,-0.95,0.21
173420966,-0.36,-0.95,0.21
173422972,-0.36,-0.95,0.21
173424968,-0.36,-0.95,0.21
173427045,-0.36,-0.95,0.21
173428999,-0.37,-0.95,0.23
173430970,-0.37,-0.95,0.23
173432968,-0.37,-0.95,0.23
173434968,-0.37,-0.95,0.23
173437014,-0.37,-0.95,0.23
173438965,-0.41,-0.98,0.24
173441074,-0.41,-0.98,0.24
173443043,-0.41,-0.98,0.24
173445019,-0.41,-0.98,0.24
173447011,-0.41,-0.98,0.24
173449010,-0.38,-0.89,0.19
173451094,-0.38,-0.89,0.19
173453025,-0.38,-0.89,0.19
173455010,-0.38,-0.89,0.19
173457008,-0.38,-0.89,0.19
173458998,-0.38,-0.91,0.19
173460971,-0.38,-0.91,0.19
173462969,-0.38,-0.91,0.19
173465063,-0.38,-0.91,0.19
173466975,-0.38,-0.91,0.19
173468969,-0.38,-0.90,0.20
173470968,-0.38,-0.90,0.20
173472976,-0.38,-0.90,0.20
173475012,-0.38,-0.90,0.20
173476969,-0.38,-0.90,0.20
173478969,-0.38,-0.90,0.20
173480973,-0.39,-0.89,0.23
173483048,-0.39,-0.89,0.23
173485037,-0.39,-0.89,0.23
173487017,-0.39,-0.89,0.23
173489012,-0.39,-0.89,0.23
173491107,-0.40,-0.89,0.24
173493016,-0.40,-0.89,0.24
173495017,-0.40,-0.89,0.24
173497060,-0.40,-0.89,0.24
173499027,-0.40,-0.89,0.24
173501006,-0.39,-0.86,0.21
173502969,-0.39,-0.86,0.21
173504970,-0.39,-0.86,0.21
173506974,-0.39,-0.86,0.21
173509044,-0.39,-0.86,0.21
173510997,-0.40,-0.91,0.22
173512968,-0.40,-0.91,0.22
173515062,-0.40,-0.91,0.22
173516971,-0.40,-0.91,0.22
173518971,-0.40,-0.91,0.22
173520959,-0.39,-0.91,0.21
173523039,-0.39,-0.91,0.21
173525032,-0.39,-0.91,0.21
173527019,-0.39,-0.91,0.21
173529011,-0.39,-0.91,0.21
173531010,-0.38,-0.89,0.18
173533018,-0.38,-0.89,0.18
173535038,-0.38,-0.89,0.18
173537031,-0.38,-0.89,0.18
173539007,-0.38,-0.89,0.18
173541077,-0.38,-0.88,0.15
173542970,-0.38,-0.88,0.15
173545023,-0.38,-0.88,0.15
173547023,-0.38,-0.88,0.15
173548975,-0.38,-0.88,0.15
173550966,-0.38,-0.88,0.15
173552970,-0.38,-0.88,0.16
173555015,-0.38,-0.88,0.16
173556969,-0.38,-0.88,0.16
173558968,-0.38,-0.88,0.16
173560966,-0.38,-0.88,0.16
173563031,-0.38,-0.92,0.21
173565112,-0.38,-0.92,0.21
173567011,-0.38,-0.92,0.21
173569009,-0.38,-0.92,0.21
173571006,-0.38,-0.92,0.21
173573019,-0.38,-0.90,0.20
173575019,-0.38,-0.90,0.20
173577022,-0.38,-0.90,0.20
173579048,-0.38,-0.90,0.20
173581003,-0.38,-0.90,0.20
173583003,-0.38,-0.86,0.19
173584969,-0.38,-0.86,0.19
173586989,-0.38,-0.86,0.19
173588968,-0.38,-0.86,0.19
173591072,-0.38,-0.86,0.19
173592981,-0.37,-0.84,0.18
173594993,-0.37,-0.84,0.18
173596973,-0.37,-0.84,0.18
173598967,-0.37,-0.84,0.18
173600966,-0.37,-0.84,0.18
173603028,-0.36,-0.84,0.16
173605019,-0.36,-0.84,0.16
173607018,-0.36,-0.84,0.16
173609046,-0.36,-0.84,0.16
173611032,-0.36,-0.84,0.16
173613021,-0.35,-0.84,0.16
173615118,-0.35,-0.84,0.16
173617016,-0.35,-0.84,0.16
173618998,-0.35,-0.84,0.16
173620968,-0.35,-0.84,0.16
173622981,-0.36,-0.88,0.18
173625047,-0.36,-0.88,0.18
173626988,-0.36,-0.88,0.18
173628968,-0.36,-0.88,0.18
173630966,-0.36,-0.88,0.18
173632967,-0.36,-0.88,0.18
173634968,-0.37,-0.92,0.16
173636971,-0.37,-0.92,0.16
173638966,-0.37,-0.92,0.16
173641071,-0.37,-0.92,0.16
173643018,-0.37,-0.92,0.16
173645010,-0.35,-0.91,0.13
173647005,-0.35,-0.91,0.13
173649008,-0.35,-0.91,0.13
173651006,-0.35,-0.91,0.13
173653008,-0.35,-0.91,0.13
173654971,-0.36,-0.95,0.14
173656972,-0.36,-0.95,0.14
173658995,-0.36,-0.95,0.14
173661071,-0.36,-0.95,0.14
173662994,-0.36,-0.95,0.14
173665065,-0.37,-0.95,0.18
173666979,-0.37,-0.95,0.18
173668973,-0.37,-0.95,0.18
173670983,-0.37,-0.95,0.18
173673017,-0.37,-0.95,0.18
173674966,-0.35,-0.89,0.19
173676988,-0.35,-0.89,0.19
173679007,-0.35,-0.89,0.19
173680976,-0.35,-0.89,0.19
173683056,-0.35,-0.89,0.19
173685027,-0.36,-0.85,0.16
173687013,-0.36,-0.85,0.16
173689011,-0.36,-0.85,0.16
173691146,-0.36,-0.85,0.16
173693037,-0.36,-0.85,0.16
173695015,-0.36,-0.84,0.17
173697010,-0.36,-0.84,0.17
173699008,-0.36,-0.84,0.17
173701042,-0.36,-0.84,0.17
173703011,-0.36,-0.84,0.17
173704970,-0.36,-0.84,0.17
173706970,-0.35,-0.85,0.14
173708968,-0.35,-0.85,0.14
173710969,-0.35,-0.85,0.14
173712971,-0.35,-0.85,0.14
173715120,-0.35,-0.85,0.14
173717010,-0.36,-0.88,0.07
173718966,-0.36,-0.88,0.07
173720971,-0.36,-0.88,0.07
173723031,-0.36,-0.88,0.07
173725013,-0.36,-0.88,0.07
173727008,-0.35,-0.91,0.07
173729005,-0.35,-0.91,0.07
173731012,-0.35,-0.91,0.07
173733042,-0.35,-0.91,0.07
173735018,-0.35,-0.91,0.07
173737010,-0.35,-0.91,0.12
173738966,-0.35,-0.91,0.12
173741071,-0.35,-0.91,0.12
173742966,-0.35,-0.91,0.12
173744971,-0.35,-0.91,0.12
173746965,-0.36,-0.90,0.17
173748966,-0.36,-0.90,0.17
173750970,-0.36,-0.90,0.17
173752973,-0.36,-0.90,0.17
173755059,-0.36,-0.90,0.17
173756997,-0.35,-0.91,0.15
173758966,-0.35,-0.91,0.15
173760979,-0.35,-0.91,0.15
173763054,-0.35,-0.91,0.15
173765123,-0.35,-0.91,0.15
173767014,-0.36,-0.91,0.12
173769014,-0.36,-0.91,0.12
173771051,-0.36,-0.91,0.12
173773040,-0.36,-0.91,0.12
173775018,-0.36,-0.91,0.12
173777010,-0.36,-0.91,0.14
173779011,-0.36,-0.91,0.14
173781017,-0.36,-0.91,0.14
173783026,-0.36,-0.91,0.14
173785058,-0.36,-0.91,0.14
173787000,-0.36,-0.91,0.14
173788969,-0.36,-0.92,0.16
173791074,-0.36,-0.92,0.16
173792982,-0.36,-0.92,0.16
173794991,-0.36,-0.92,0.16
173796967,-0.36,-0.92,0.16
173798967,-0.36,-0.93,0.14
173800966,-0.36,-0.93,0.14
173803028,-0.36,-0.93,0.14
173805023,-0.36,-0.93,0.14
173807044,-0.36,-0.93,0.14
173809033,-0.32,-0.90,0.09
173811009,-0.32,-0.90,0.09
173813009,-0.32,-0.90,0.09
173815106,-0.32,-0.90,0.09
173817011,-0.32,-0.90,0.09
173818968,-0.37,-0.93,0.07
173820969,-0.37,-0.93,0.07
173822971,-0.37,-0.93,0.07
173824979,-0.37,-0.93,0.07
173826970,-0.37,-0.93,0.07
173828971,-0.36,-0.91,0.07
173830967,-0.36,-0.91,0.07
173833024,-0.36,-0.91,0.07
173835040,-0.36,-0.91,0.07
173836981,-0.36,-0.91,0.07
173838971,-0.33,-0.90,0.12
173841072,-0.33,-0.90,0.12
173843018,-0.33,-0.90,0.12
173845031,-0.33,-0.90,0.12
173847034,-0.33,-0.90,0.12
173849025,-0.32,-0.89,0.14
173851008,-0.32,-0.89,0.14
173853027,-0.32,-0.89,0.14
173855074,-0.32,-0.89,0.14
173857022,-0.32,-0.89,0.14
173859009,-0.32,-0.89,0.14
173860966,-0.32,-0.89,0.17
173862970,-0.32,-0.89,0.17
173865065,-0.32,-0.89,0.17
173866981,-0.32,-0.89,0.17
173868976,-0.32,-0.89,0.17
173871041,-0.30,-0.93,0.12
173872991,-0.30,-0.93,0.12
173874966,-0.30,-0.93,0.12
173876959,-0.30,-0.93,0.12
173878978,-0.30,-0.93,0.12
173881021,-0.28,-0.98,0.07
173883035,-0.28,-0.98,0.07
173885045,-0.28,-0.98,0.07
173887027,-0.28,-0.98,0.07
173889012,-0.28,-0.98,0.07
173891108,-0.29,-0.96,0.07
173893055,-0.29,-0.96,0.07
173895034,-0.29,-0.96,0.07
173897018,-0.29,-0.96,0.07
173899017,-0.29,-0.96,0.07
173901014,-0.30,-0.95,0.10
173902969,-0.30,-0.95,0.10
173904973,-0.30,-0.95,0.10
173906972,-0.30,-0.95,0.10
173909058,-0.30,-0.95,0.10
173910995,-0.29,-0.95,0.09
173912966,-0.29,-0.95,0.09
173915065,-0.29,-0.95,0.09
173916974,-0.29,-0.95,0.09
173918967,-0.29,-0.95,0.09
173920979,-0.29,-0.93,0.07
173923052,-0.29,-0.93,0.07
173925031,-0.29,-0.93,0.07
173927008,-0.29,-0.93,0.07
173929010,-0.29,-0.93,0.07
173931007,-0.29,-0.93,0.07
173933014,-0.30,-0.88,0.06
173935008,-0.30,-0.88,0.06
173936970,-0.30,-0.88,0.06
173938968,-0.30,-0.88,0.06
173941073,-0.30,-0.88,0.06
173942976,-0.32,-0.89,0.07
173944971,-0.32,-0.89,0.07
173947038,-0.32,-0.89,0.07
173949012,-0.32,-0.89,0.07
173950971,-0.32,-0.89,0.07
173952959,-0.31,-0.94,0.11
173954968,-0.31,-0.94,0.11
173956968,-0.31,-0.94,0.11
173959015,-0.31,-0.94,0.11
173960968,-0.31,-0.94,0.11
173963030,-0.29,-0.93,0.10
173965113,-0.29,-0.93,0.10
173967016,-0.29,-0.93,0.10
173969038,-0.29,-0.93,0.10
173971038,-0.29,-0.93,0.10
173973015,-0.30,-0.93,0.09
173975014,-0.30,-0.93,0.09
173977008,-0.30,-0.93,0.09
173979006,-0.30,-0.93,0.09
173980972,-0.30,-0.93,0.09
173982999,-0.31,-0.95,0.09
173984981,-0.31,-0.95,0.09
173987053,-0.31,-0.95,0.09
173989002,-0.31,-0.95,0.09
173991077,-0.31,-0.95,0.09
173992978,-0.28,-0.96,0.09
173994989,-0.28,-0.96,0.09
173996999,-0.28,-0.96,0.09
173999028,-0.28,-0.96,0.09
174000967,-0.28,-0.96,0.09
174003031,-0.28,-0.94,0.09
174005015,-0.28,-0.94,0.09
174007011,-0.28,-0.94,0.09
174009010,-0.28,-0.94,0.09
174011014,-0.28,-0.94,0.09
174013035,-0.28,-0.94,0.09
174015116,-0.29,-0.93,0.06
174017011,-0.29,-0.93,0.06
174018970,-0.29,-0.93,0.06
174020998,-0.29,-0.93,0.06
174023061,-0.29,-0.93,0.06
174024995,-0.29,-0.91,0.05
174026966,-0.29,-0.91,0.05
174028974,-0.29,-0.91,0.05
174031013,-0.29,-0.91,0.05
174032967,-0.29,-0.91,0.05
174034959,-0.29,-0.91,0.08
174036966,-0.29,-0.91,0.08
174038968,-0.29,-0.91,0.08
174041069,-0.29,-0.91,0.08
174043030,-0.29,-0.91,0.08
174045017,-0.27,-0.93,0.09
174047006,-0.27,-0.93,0.09
174049021,-0.27,-0.93,0.09
174051042,-0.27,-0.93,0.09
174053022,-0.27,-0.93,0.09
174055012,-0.28,-0.95,0.07
174057007,-0.28,-0.95,0.07
174059043,-0.28,-0.95,0.07
174061011,-0.28,-0.95,0.07
174062969,-0.28,-0.95,0.07
174065064,-0.30,-0.94,0.06
174066978,-0.30,-0.94,0.06
174068965,-0.30,-0.94,0.06
174070967,-0.30,-0.94,0.06
174072981,-0.30,-0.94,0.06
174075017,-0.30,-0.95,0.07
174076969,-0.30,-0.95,0.07
174078967,-0.30,-0.95,0.07
174080968,-0.30,-0.95,0.07
174083119,-0.30,-0.95,0.07
174085021,-0.30,-0.95,0.07
174087020,-0.29,-0.98,0.11
174089036,-0.29,-0.98,0.11
174091107,-0.29,-0.98,0.11
174093017,-0.29,-0.98,0.11
174095019,-0.29,-0.98,0.11
174097047,-0.28,-0.94,0.08
174099032,-0.28,-0.94,0.08
174101006,-0.28,-0.94,0.08
174102971,-0.28,-0.94,0.08
174104971,-0.28,-0.94,0.08
174106980,-0.29,-0.92,0.05
174109041,-0.29,-0.92,0.05
174110983,-0.29,-0.92,0.05
174112974,-0.29,-0.92,0.05
174115066,-0.29,-0.92,0.05
174116980,-0.29,-0.92,0.05
174119019,-0.29,-0.92,0.05
174120975,-0.29,-0.92,0.05
174123035,-0.29,-0.92,0.05
174125012,-0.29,-0.92,0.05
174127009,-0.29,-0.91,0.06
174129011,-0.29,-0.91,0.06
174131012,-0.29,-0.91,0.06
174133008,-0.29,-0.91,0.06
174135008,-0.29,-0.91,0.06
174136968,-0.29,-0.93,0.09
174138968,-0.29,-0.93,0.09
174141075,-0.29,-0.93,0.09
174142974,-0.29,-0.93,0.09
174144971,-0.29,-0.93,0.09
174146971,-0.28,-0.96,0.10
174148991,-0.28,-0.96,0.10
174151082,-0.28,-0.96,0.10
174152993,-0.28,-0.96,0.10
174154966,-0.28,-0.96,0.10
174156958,-0.29,-0.92,0.07
174158966,-0.29,-0.92,0.07
174160969,-0.29,-0.92,0.07
174163022,-0.29,-0.92,0.07
174165109,-0.29,-0.92,0.07
174167015,-0.29,-0.92,0.07
174169008,-0.27,-0.90,0.05
174171009,-0.27,-0.90,0.05
174173046,-0.27,-0.90,0.05
174175023,-0.27,-0.90,0.05
174177017,-0.27,-0.90,0.05
174178975,-0.27,-0.89,0.03
174180969,-0.27,-0.89,0.03
174183007,-0.27,-0.89,0.03
174184958,-0.27,-0.89,0.03
174187036,-0.27,-0.89,0.03
174189026,-0.27,-0.90,0.05
174191110,-0.27,-0.90,0.05
174192974,-0.27,-0.90,0.05
174194993,-0.27,-0.90,0.05
174196975,-0.27,-0.90,0.05
174198982,-0.28,-0.91,0.06
174201025,-0.28,-0.91,0.06
174203036,-0.28,-0.91,0.06
174205020,-0.28,-0.91,0.06
174207013,-0.28,-0.91,0.06
174209012,-0.31,-0.92,0.06
174211011,-0.31,-0.92,0.06
174213036,-0.31,-0.92,0.06
174215119,-0.31,-0.92,0.06
174217013,-0.31,-0.92,0.06
174218968,-0.29,-0.93,0.08
174220967,-0.29,-0.93,0.08
174222959,-0.29,-0.93,0.08
174224969,-0.29,-0.93,0.08
174226967,-0.29,-0.93,0.08
174228967,-0.28,-0.90,0.04
174230970,-0.28,-0.90,0.04
174232969,-0.28,-0.90,0.04
174234967,-0.28,-0.90,0.04
174236969,-0.28,-0.90,0.04
174238968,-0.28,-0.90,0.04
174241044,-0.27,-0.91,0.03
174243016,-0.27,-0.91,0.03
174245008,-0.27,-0.91,0.03
174247055,-0.27,-0.91,0.03
174249036,-0.27,-0.91,0.03
174251012,-0.29,-0.95,0.05
174253008,-0.29,-0.95,0.05
174255008,-0.29,-0.95,0.05
174257017,-0.29,-0.95,0.05
174259037,-0.29,-0.95,0.05
174260993,-0.30,-1.02,0.10
174262968,-0.30,-1.02,0.10
174265063,-0.30,-1.02,0.10
174266983,-0.30,-1.02,0.10
174269022,-0.30,-1.02,0.10
174270966,-0.28,-1.01,0.10
174272957,-0.28,-1.01,0.10
174274967,-0.28,-1.01,0.10
174276959,-0.28,-1.01,0.10
174278957,-0.28,-1.01,0.10
174280972,-0.27,-0.98,0.05
174283057,-0.27,-0.98,0.05
174285025,-0.27,-0.98,0.05
174287009,-0.27,-0.98,0.05
174289006,-0.27,-0.98,0.05
174291105,-0.26,-0.96,0.02
174293059,-0.26,-0.96,0.02
174295053,-0.26,-0.96,0.02
174297035,-0.26,-0.96,0.02
174299010,-0.26,-0.96,0.02
174301006,-0.25,-0.93,0.01
174302972,-0.25,-0.93,0.01
174304969,-0.25,-0.93,0.01
174307030,-0.25,-0.93,0.01
174308994,-0.25,-0.93,0.01
174310969,-0.25,-0.93,0.01
174313002,-0.25,-0.93,0.02
174315117,-0.25,-0.93,0.02
174316972,-0.25,-0.93,0.02
174318976,-0.25,-0.93,0.02
174320966,-0.25,-0.93,0.02
174323032,-0.25,-0.94,0.03
174325019,-0.25,-0.94,0.03
174327010,-0.25,-0.94,0.03
174329015,-0.25,-0.94,0.03
174331088,-0.25,-0.94,0.03
174333019,-0.26,-0.91,0.02
174335007,-0.26,-0.91,0.02
174337008,-0.26,-0.91,0.02
174338993,-0.26,-0.91,0.02
174341076,-0.26,-0.91,0.02
174342994,-0.27,-0.92,0.03
174345041,-0.27,-0.92,0.03
174346970,-0.27,-0.92,0.03
174348966,-0.27,-0.92,0.03
174350968,-0.27,-0.92,0.03
174353015,-0.26,-0.93,0.04
174355009,-0.26,-0.93,0.04
174356970,-0.26,-0.93,0.04
174358959,-0.26,-0.93,0.04
174360970,-0.26,-0.93,0.04
174363030,-0.27,-0.91,0.02
174365113,-0.27,-0.91,0.02
174367017,-0.27,-0.91,0.02
174369008,-0.27,-0.91,0.02
174371042,-0.27,-0.91,0.02
174373028,-0.28,-0.91,0.01
174375009,-0.28,-0.91,0.01
174377007,-0.28,-0.91,0.01
174379007,-0.28,-0.91,0.01
174381038,-0.28,-0.91,0.01
174383001,-0.26,-0.91,0.00
174384959,-0.26,-0.91,0.00
174386966,-0.26,-0.91,0.00
174388966,-0.26,-0.91,0.00
174391072,-0.26,-0.91,0.00
174392978,-0.26,-0.91,0.00
174394985,-0.25,-0.92,0.01
174396968,-0.25,-0.92,0.01
174398970,-0.25,-0.92,0.01
174400967,-0.25,-0.92,0.01
174403017,-0.25,-0.92,0.01
174405111,-0.28,-0.95,0.03
174407031,-0.28,-0.95,0.03
174409011,-0.28,-0.95,0.03
174411008,-0.28,-0.95,0.03
174413010,-0.28,-0.95,0.03
174415112,-0.28,-0.98,0.07
174417010,-0.28,-0.98,0.07
174418970,-0.28,-0.98,0.07
174420966,-0.28,-0.98,0.07
174422974,-0.28,-0.98,0.07
174424971,-0.26,-0.95,0.02
174426966,-0.26,-0.95,0.02
174428966,-0.26,-0.95,0.02
174430978,-0.26,-0.95,0.02
174433082,-0.26,-0.95,0.02
174434994,-0.25,-0.95,0.00
174436969,-0.25,-0.95,0.00
174438958,-0.25,-0.95,0.00
174441069,-0.25,-0.95,0.00
174443020,-0.25,-0.95,0.00
174445038,-0.25,-0.95,0.02
174447024,-0.25,-0.95,0.02
174449006,-0.25,-0.95,0.02
174451032,-0.25,-0.95,0.02
174453036,-0.25,-0.95,0.02
174455022,-0.25,-0.94,-0.00
174457015,-0.25,-0.94,-0.00
174459008,-0.25,-0.94,-0.00
174460967,-0.25,-0.94,-0.00
174462968,-0.25,-0.94,-0.00
174465062,-0.25,-0.94,-0.00
174467114,-0.25,-0.94,-0.01
174468994,-0.25,-0.94,-0.01
174470967,-0.25,-0.94,-0.01
174472967,-0.25,-0.94,-0.01
174474966,-0.25,-0.94,-0.01
174476972,-0.23,-0.95,0.00
174479014,-0.23,-0.95,0.00
174480977,-0.23,-0.95,0.00
174483130,-0.23,-0.95,0.00
174485020,-0.23,-0.95,0.00
174487009,-0.22,-0.95,-0.00
174489010,-0.22,-0.95,-0.00
174491109,-0.22,-0.95,-0.00
174493041,-0.22,-0.95,-0.00
174495045,-0.22,-0.95,-0.00
174497025,-0.21,-0.95,-0.07
174499039,-0.21,-0.95,-0.07
174501002,-0.21,-0.95,-0.07
174502966,-0.21,-0.95,-0.07
174504973,-0.21,-0.95,-0.07
174506967,-0.21,-0.96,0.02
174508969,-0.21,-0.96,0.02
174510970,-0.21,-0.96,0.02
174512968,-0.21,-0.96,0.02
174515063,-0.21,-0.96,0.02
174516971,-0.23,-0.95,0.01
174518969,-0.23,-0.95,0.01
174520970,-0.23,-0.95,0.01
174523017,-0.23,-0.95,0.01
174525009,-0.23,-0.95,0.01
174527007,-0.24,-0.95,0.01
174529006,-0.24,-0.95,0.01
174531009,-0.24,-0.95,0.01
174533003,-0.24,-0.95,0.01
174534973,-0.24,-0.95,0.01
174536970,-0.24,-0.95,0.01
174538970,-0.23,-0.96,-0.00
174541050,-0.23,-0.96,-0.00
174542971,-0.23,-0.96,-0.00
174544966,-0.23,-0.96,-0.00
174546969,-0.23,-0.96,-0.00
174548966,-0.21,-0.96,-0.02
174550967,-0.21,-0.96,-0.02
174552966,-0.21,-0.96,-0.02
174554966,-0.21,-0.96,-0.02
174556968,-0.21,-0.96,-0.02
174558971,-0.21,-0.95,-0.05
174560966,-0.21,-0.95,-0.05
174563012,-0.21,-0.95,-0.05
174565089,-0.21,-0.95,-0.05
174567011,-0.21,-0.95,-0.05
174569030,-0.22,-0.95,-0.03
174571135,-0.22,-0.95,-0.03
174573030,-0.22,-0.95,-0.03
174575018,-0.22,-0.95,-0.03
174577006,-0.22,-0.95,-0.03
174578968,-0.23,-0.95,-0.04
174580969,-0.23,-0.95,-0.04
174583006,-0.23,-0.95,-0.04
174584967,-0.23,-0.95,-0.04
174586988,-0.23,-0.95,-0.04
174588978,-0.20,-0.95,-0.02
174591074,-0.20,-0.95,-0.02
174592976,-0.20,-0.95,-0.02
174594987,-0.20,-0.95,-0.02
174597058,-0.20,-0.95,-0.02
174599005,-0.20,-0.95,-0.05
174601006,-0.20,-0.95,-0.05
174603021,-0.20,-0.95,-0.05
174605009,-0.20,-0.95,-0.05
174607046,-0.20,-0.95,-0.05
174609037,-0.19,-0.96,-0.05
174611011,-0.19,-0.96,-0.05
174613006,-0.19,-0.96,-0.05
174615106,-0.19,-0.96,-0.05
174617013,-0.19,-0.96,-0.05
174618997,-0.19,-0.96,-0.05
174621079,-0.19,-0.95,-0.07
174622992,-0.19,-0.95,-0.07
174624966,-0.19,-0.95,-0.07
174626959,-0.19,-0.95,-0.07
174628976,-0.19,-0.95,-0.07
174631013,-0.19,-0.96,-0.09
174632970,-0.19,-0.96,-0.09
174634959,-0.19,-0.96,-0.09
174636966,-0.19,-0.96,-0.09
174638967,-0.19,-0.96,-0.09
174641073,-0.19,-0.95,-0.08
174643042,-0.19,-0.95,-0.08
174645019,-0.19,-0.95,-0.08
174647011,-0.19,-0.95,-0.08
174649010,-0.19,-0.95,-0.08
174651031,-0.18,-0.94,-0.09
174653045,-0.18,-0.94,-0.09
174655020,-0.18,-0.94,-0.09
174657007,-0.18,-0.94,-0.09
174659005,-0.18,-0.94,-0.09
174660980,-0.18,-0.94,-0.09
174663047,-0.18,-0.94,-0.09
174665081,-0.18,-0.94,-0.09
174666970,-0.18,-0.94,-0.09
174668968,-0.18,-0.94,-0.09
174670967,-0.17,-0.96,-0.10
174672966,-0.17,-0.96,-0.10
174674965,-0.17,-0.96,-0.10
174676969,-0.17,-0.96,-0.10
174678983,-0.17,-0.96,-0.10
174681021,-0.16,-0.95,-0.06
174683050,-0.16,-0.95,-0.06
174685024,-0.16,-0.95,-0.06
174687011,-0.16,-0.95,-0.06
174689011,-0.16,-0.95,-0.06
174691187,-0.14,-0.95,-0.12
174693035,-0.14,-0.95,-0.12
174695018,-0.14,-0.95,-0.12
174697012,-0.14,-0.95,-0.12
174699007,-0.14,-0.95,-0.12
174700969,-0.14,-0.95,-0.12
174703164,-0.15,-0.94,-0.16
174705019,-0.15,-0.94,-0.16
174706976,-0.15,-0.94,-0.16
174709038,-0.15,-0.94,-0.16
174711018,-0.15,-0.94,-0.16
174712975,-0.14,-0.96,-0.16
174715068,-0.14,-0.96,-0.16
174716983,-0.14,-0.96,-0.16
174718972,-0.14,-0.96,-0.16
174720986,-0.14,-0.96,-0.16
174723050,-0.14,-0.96,-0.16
174725036,-0.14,-0.96,-0.16
174727016,-0.14,-0.96,-0.16
174729015,-0.14,-0.96,-0.16
174731020,-0.14,-0.96,-0.16
174733053,-0.14,-0.93,-0.14
174735027,-0.14,-0.93,-0.14
174737011,-0.14,-0.93,-0.14
174739010,-0.14,-0.93,-0.14
174741075,-0.14,-0.93,-0.14
174742976,-0.12,-0.94,-0.25
174744972,-0.12,-0.94,-0.25
174746969,-0.12,-0.94,-0.25
174748971,-0.12,-0.94,-0.25
174750969,-0.12,-0.94,-0.25
174752971,-0.11,-0.88,-0.29
174754970,-0.11,-0.88,-0.29
174756970,-0.11,-0.88,-0.29
174758971,-0.11,-0.88,-0.29
174760976,-0.11,-0.88,-0.29
174763016,-0.11,-0.88,-0.29
174765130,-0.12,-0.93,-0.14
174767034,-0.12,-0.93,-0.14
174769016,-0.12,-0.93,-0.14
174771014,-0.12,-0.93,-0.14
174773020,-0.12,-0.93,-0.14
174775036,-0.11,-0.89,-0.17
174777019,-0.11,-0.89,-0.17
174779013,-0.11,-0.89,-0.17
174780978,-0.11,-0.89,-0.17
174783015,-0.11,-0.89,-0.17
174785035,-0.10,-0.98,-0.25
174786999,-0.10,-0.98,-0.25
174788972,-0.10,-0.98,-0.25
174791080,-0.10,-0.98,-0.25
174792977,-0.10,-0.98,-0.25
174794989,-0.06,-0.99,-0.18
174796974,-0.06,-0.99,-0.18
174798976,-0.06,-0.99,-0.18
174800981,-0.06,-0.99,-0.18
174803046,-0.06,-0.99,-0.18
174805028,-0.04,-0.96,-0.28
174807033,-0.04,-0.96,-0.28
174809013,-0.04,-0.96,-0.28
174811012,-0.04,-0.96,-0.28
174813034,-0.04,-0.96,-0.28
174815121,-0.05,-0.88,-0.38
174817031,-0.05,-0.88,-0.38
174819015,-0.05,-0.88,-0.38
174821012,-0.05,-0.88,-0.38
174822978,-0.05,-0.88,-0.38
174824991,-0.07,-0.90,-0.37
174826972,-0.07,-0.90,-0.37
174828969,-0.07,-0.90,-0.37
174830976,-0.07,-0.90,-0.37
174832975,-0.07,-0.90,-0.37
174834973,-0.07,-0.90,-0.37
174836976,-0.10,-0.96,-0.20
174838980,-0.10,-0.96,-0.20
174841055,-0.10,-0.96,-0.20
174843019,-0.10,-0.96,-0.20
174845017,-0.10,-0.96,-0.20
174847018,-0.12,-0.91,-0.28
174849017,-0.12,-0.91,-0.28
174851019,-0.12,-0.91,-0.28
174853012,-0.12,-0.91,-0.28
174854978,-0.12,-0.91,-0.28
174856978,-0.13,-0.90,-0.33
174858976,-0.13,-0.90,-0.33
174860975,-0.13,-0.90,-0.33
174862978,-0.13,-0.90,-0.33
174865129,-0.13,-0.90,-0.33
174867005,-0.09,-0.95,-0.33
174868973,-0.09,-0.95,-0.33
174870980,-0.09,-0.95,-0.33
174872971,-0.09,-0.95,-0.33
174874974,-0.09,-0.95,-0.33
174876998,-0.05,-0.92,-0.35
174879018,-0.05,-0.92,-0.35
174880979,-0.05,-0.92,-0.35
174883049,-0.05,-0.92,-0.35
174885035,-0.05,-0.92,-0.35
174887018,-0.00,-0.91,-0.35
174889017,-0.00,-0.91,-0.35
174891152,-0.00,-0.91,-0.35
174893034,-0.00,-0.91,-0.35
174895019,-0.00,-0.91,-0.35
174897013,-0.04,-0.89,-0.34
174899014,-0.04,-0.89,-0.34
174901130,-0.04,-0.89,-0.34
174903001,-0.04,-0.89,-0.34
174904978,-0.04,-0.89,-0.34
174906996,-0.02,-0.91,-0.37
174908970,-0.02,-0.91,-0.37
174910971,-0.02,-0.91,-0.37
174912970,-0.02,-0.91,-0.37
174915067,-0.02,-0.91,-0.37
174917035,-0.02,-0.91,-0.37
174919001,-0.04,-0.89,-0.38
174920970,-0.04,-0.89,-0.38
174923028,-0.04,-0.89,-0.38
174925015,-0.04,-0.89,-0.38
174927012,-0.04,-0.89,-0.38
174929029,-0.03,-0.92,-0.40
174931041,-0.03,-0.92,-0.40
174933017,-0.03,-0.92,-0.40
174935016,-0.03,-0.92,-0.40
174937013,-0.03,-0.92,-0.40
174938980,-0.00,-0.90,-0.42
174941078,-0.00,-0.90,-0.42
174943033,-0.00,-0.90,-0.42
174945023,-0.00,-0.90,-0.42
174946979,-0.00,-0.90,-0.42
174948980,0.03,-0.93,-0.44
174950972,0.03,-0.93,-0.44
174952971,0.03,-0.93,-0.44
174954982,0.03,-0.93,-0.44
174957019,0.03,-0.93,-0.44
174958980,0.05,-0.91,-0.47
174960970,0.05,-0.91,-0.47
174963033,0.05,-0.91,-0.47
174965118,0.05,-0.91,-0.47
174967018,0.05,-0.91,-0.47
174969012,0.05,-0.88,-0.49
174971070,0.05,-0.88,-0.49
174973031,0.05,-0.88,-0.49
174975012,0.05,-0.88,-0.49
174977016,0.05,-0.88,-0.49
174979018,0.06,-0.92,-0.50
174981032,0.06,-0.92,-0.50
174983013,0.06,-0.92,-0.50
174984972,0.06,-0.92,-0.50
174986975,0.06,-0.92,-0.50
174989018,0.06,-0.92,-0.50
174991107,0.02,-0.91,-0.45
174992978,0.02,-0.91,-0.45
174994986,0.02,-0.91,-0.45
174996979,0.02,-0.91,-0.45
174998978,0.02,-0.91,-0.45
175000971,0.00,-0.86,-0.38
175003024,0.00,-0.86,-0.38
175005012,0.00,-0.86,-0.38
175007012,0.00,-0.86,-0.38
175009014,0.00,-0.86,-0.38
175011045,-0.04,-0.89,-0.39
175013040,-0.04,-0.89,-0.39
175015120,-0.04,-0.89,-0.39
175017016,-0.04,-0.89,-0.39
175019015,-0.04,-0.89,-0.39
175021015,0.00,-0.92,-0.38
175023038,0.00,-0.92,-0.38
175024974,0.00,-0.92,-0.38
175026981,0.00,-0.92,-0.38
175028971,0.00,-0.92,-0.38
175030975,0.05,-0.92,-0.38
175032981,0.05,-0.92,-0.38
175035023,0.05,-0.92,-0.38
175036999,0.05,-0.92,-0.38
175038970,0.05,-0.92,-0.38
175041069,0.04,-0.89,-0.41
175043047,0.04,-0.89,-0.41
175045015,0.04,-0.89,-0.41
175047022,0.04,-0.89,-0.41
175049016,0.04,-0.89,-0.41
175051051,0.01,-0.86,-0.39
175053017,0.01,-0.86,-0.39
175055016,0.01,-0.86,-0.39
175057016,0.01,-0.86,-0.39
175058999,0.01,-0.86,-0.39
175060981,0.01,-0.86,-0.39
175063036,-0.04,-0.89,-0.31
175065119,-0.04,-0.89,-0.31
175066981,-0.04,-0.89,-0.31
175068969,-0.04,-0.89,-0.31
175070970,-0.04,-0.89,-0.31
175073026,-0.04,-0.89,-0.34
175074976,-0.04,-0.89,-0.34
175076970,-0.04,-0.89,-0.34
175078974,-0.04,-0.89,-0.34
175080973,-0.04,-0.89,-0.34
175083052,-0.03,-0.91,-0.37
175085028,-0.03,-0.91,-0.37
175087015,-0.03,-0.91,-0.37
175089012,-0.03,-0.91,-0.37
175091116,-0.03,-0.91,-0.37
175093057,-0.02,-0.91,-0.37
175095034,-0.02,-0.91,-0.37
175097014,-0.02,-0.91,-0.37
175099010,-0.02,-0.91,-0.37
175100979,-0.02,-0.91,-0.37
175102997,-0.02,-0.92,-0.41
175105052,-0.02,-0.92,-0.41
175106980,-0.02,-0.92,-0.41
175108992,-0.02,-0.92,-0.41
175110996,-0.02,-0.92,-0.41
175113015,-0.02,-0.91,-0.40
175115075,-0.02,-0.91,-0.40
175116971,-0.02,-0.91,-0.40
175118969,-0.02,-0.91,-0.40
175120968,-0.02,-0.91,-0.40
175123016,-0.02,-0.91,-0.38
175125007,-0.02,-0.91,-0.38
175127044,-0.02,-0.91,-0.38
175129032,-0.02,-0.91,-0.38
175131018,-0.02,-0.91,-0.38
175133010,-0.02,-0.91,-0.38
175135007,-0.03,-0.90,-0.38
175137007,-0.03,-0.90,-0.38
175138969,-0.03,-0.90,-0.38
175141077,-0.03,-0.90,-0.38
175142969,-0.03,-0.90,-0.38
175144971,-0.03,-0.90,-0.35
175146969,-0.03,-0.90,-0.35
175148969,-0.03,-0.90,-0.35
175150967,-0.03,-0.90,-0.35
175152979,-0.03,-0.90,-0.35
175155059,-0.04,-0.90,-0.35
175156994,-0.04,-0.90,-0.35
175158959,-0.04,-0.90,-0.35
175160958,-0.04,-0.90,-0.35
175163022,-0.04,-0.90,-0.35
175165127,-0.03,-0.90,-0.36
175167023,-0.03,-0.90,-0.36
175169020,-0.03,-0.90,-0.36
175171020,-0.03,-0.90,-0.36
175173042,-0.03,-0.90,-0.36
175175020,-0.02,-0.91,-0.38
175177008,-0.02,-0.91,-0.38
175179008,-0.02,-0.91,-0.38
175180971,-0.02,-0.91,-0.38
175183008,-0.02,-0.91,-0.38
175185049,-0.02,-0.92,-0.39
175187007,-0.02,-0.92,-0.39
175188970,-0.02,-0.92,-0.39
175191087,-0.02,-0.92,-0.39
175193001,-0.02,-0.92,-0.39
175195022,-0.02,-0.91,-0.40
175196975,-0.02,-0.91,-0.40
175198968,-0.02,-0.91,-0.40
175200970,-0.02,-0.91,-0.40
175203029,-0.02,-0.91,-0.40
175205013,-0.02,-0.91,-0.39
175207011,-0.02,-0.91,-0.39
175209015,-0.02,-0.91,-0.39
175211051,-0.02,-0.91,-0.39
175213040,-0.02,-0.91,-0.39
175215129,-0.02,-0.91,-0.39
175217017,-0.02,-0.91,-0.39
175219010,-0.02,-0.91,-0.39
175220968,-0.02,-0.91,-0.39
175222967,-0.02,-0.91,-0.39
175224975,-0.02,-0.91,-0.39
175227047,-0.03,-0.90,-0.38
175228990,-0.03,-0.90,-0.38
175230967,-0.03,-0.90,-0.38
175232966,-0.03,-0.90,-0.38
175234967,-0.03,-0.90,-0.38
175237019,-0.03,-0.90,-0.37
175238968,-0.03,-0.90,-0.37
175241072,-0.03,-0.90,-0.37
175243032,-0.03,-0.90,-0.37
175245018,-0.03,-0.90,-0.37
175247011,-0.03,-0.90,-0.36
175249028,-0.03,-0.90,-0.36
175251039,-0.03,-0.90,-0.36
175253025,-0.03,-0.90,-0.36
175255016,-0.03,-0.90,-0.36
175257015,-0.03,-0.90,-0.37
175259041,-0.03,-0.90,-0.37
175261013,-0.03,-0.90,-0.37
175262967,-0.03,-0.90,-0.37
175265062,-0.03,-0.90,-0.37
175266977,-0.03,-0.90,-0.38
175268966,-0.03,-0.90,-0.38
175270959,-0.03,-0.90,-0.38
175272975,-0.03,-0.90,-0.38
175275018,-0.03,-0.90,-0.38
175276969,-0.02,-0.91,-0.39
175278968,-0.02,-0.91,-0.39
175280969,-0.02,-0.91,-0.39
175283129,-0.02,-0.91,-0.39
175285020,-0.02,-0.91,-0.39
175287006,-0.02,-0.91,-0.39
175289019,-0.02,-0.91,-0.39
175291181,-0.02,-0.91,-0.39
175293020,-0.02,-0.91,-0.39
175295016,-0.02,-0.91,-0.39
175297015,-0.02,-0.91,-0.39
175299009,-0.02,-0.91,-0.39
175300969,-0.02,-0.91,-0.39
175303003,-0.02,-0.91,-0.39
175305041,-0.02,-0.91,-0.39
175306985,-0.02,-0.91,-0.39
175308980,-0.02,-0.90,-0.39
175310968,-0.02,-0.90,-0.39
175312980,-0.02,-0.90,-0.39
175315125,-0.02,-0.90,-0.39
175317006,-0.02,-0.90,-0.39
175318983,-0.02,-0.90,-0.38
175320969,-0.02,-0.90,-0.38
175323033,-0.02,-0.90,-0.38
175325018,-0.02,-0.90,-0.38
175327009,-0.02,-0.90,-0.38
175329005,-0.03,-0.90,-0.38
175331010,-0.03,-0.90,-0.38
175333016,-0.03,-0.90,-0.38
175335035,-0.03,-0.90,-0.38
175337013,-0.03,-0.90,-0.38
175338970,-0.02,-0.90,-0.38
175341076,-0.02,-0.90,-0.38
175342975,-0.02,-0.90,-0.38
175345036,-0.02,-0.90,-0.38
175347017,-0.02,-0.90,-0.38
175348974,-0.02,-0.90,-0.39
175350968,-0.02,-0.90,-0.39
175353023,-0.02,-0.90,-0.39
175354993,-0.02,-0.90,-0.39
175356970,-0.02,-0.90,-0.39
175358966,-0.02,-0.90,-0.39
175360967,-0.02,-0.90,-0.39
175363029,-0.02,-0.90,-0.39
175365117,-0.02,-0.90,-0.39
175367019,-0.02,-0.90,-0.39
175369037,-0.02,-0.90,-0.39
175371039,-0.02,-0.91,-0.39
175373029,-0.02,-0.91,-0.39
175375020,-0.02,-0.91,-0.39
175377009,-0.02,-0.91,-0.39
175379043,-0.02,-0.91,-0.39
175381015,-0.02,-0.90,-0.39
175383006,-0.02,-0.90,-0.39
175384967,-0.02,-0.90,-0.39
175386969,-0.02,-0.90,-0.39
175388967,-0.02,-0.90,-0.39
175391078,-0.03,-0.90,-0.39
175392979,-0.03,-0.90,-0.39
175394988,-0.03,-0.90,-0.39
175396968,-0.03,-0.90,-0.39
175398979,-0.03,-0.90,-0.39
175401020,-0.02,-0.90,-0.38
175403032,-0.02,-0.90,-0.38
175405012,-0.02,-0.90,-0.38
175407006,-0.02,-0.90,-0.38
175409010,-0.02,-0.90,-0.38
175411015,-0.02,-0.90,-0.39
175413037,-0.02,-0.90,-0.39
175415121,-0.02,-0.90,-0.39
175417020,-0.02,-0.90,-0.39
175418971,-0.02,-0.90,-0.39
175421013,-0.02,-0.90,-0.39
175422978,-0.02,-0.90,-0.39
175424971,-0.02,-0.90,-0.39
175426969,-0.02,-0.90,-0.39
175428971,-0.02,-0.90,-0.39
175430969,-0.02,-0.90,-0.39
175432973,-0.02,-0.91,-0.38
175434976,-0.02,-0.91,-0.38
175436968,-0.02,-0.91,-0.38
175438967,-0.02,-0.91,-0.38
175441058,-0.02,-0.91,-0.38
175443018,-0.02,-0.90,-0.40
175445017,-0.02,-0.90,-0.40
175447009,-0.02,-0.90,-0.40
175449007,-0.02,-0.90,-0.40
175451044,-0.02,-0.90,-0.40
175453027,-0.02,-0.90,-0.39
175455016,-0.02,-0.90,-0.39
175457009,-0.02,-0.90,-0.39
175458969,-0.02,-0.90,-0.39
175460969,-0.02,-0.90,-0.39
175463034,-0.02,-0.90,-0.39
175465115,-0.02,-0.90,-0.39
175466975,-0.02,-0.90,-0.39
175468967,-0.02,-0.90,-0.39
175470978,-0.02,-0.90,-0.39
175473017,-0.02,-0.89,-0.38
175474968,-0.02,-0.89,-0.38
175476967,-0.02,-0.89,-0.38
175478959,-0.02,-0.89,-0.38
175480967,-0.02,-0.89,-0.38
175483133,-0.02,-0.90,-0.39
175485020,-0.02,-0.90,-0.39
175487007,-0.02,-0.90,-0.39
175489027,-0.02,-0.90,-0.39
175491145,-0.02,-0.90,-0.39
175493017,-0.02,-0.90,-0.39
175495016,-0.02,-0.90,-0.39
175497011,-0.02,-0.90,-0.39
175499007,-0.02,-0.90,-0.39
175500974,-0.02,-0.90,-0.39
175502982,-0.02,-0.90,-0.39
175505069,-0.02,-0.90,-0.39
175506998,-0.02,-0.90,-0.39
175508969,-0.02,-0.90,-0.39
175510966,-0.02,-0.90,-0.39
175512980,-0.02,-0.90,-0.39
175515117,-0.02,-0.91,-0.39
175516971,-0.02,-0.91,-0.39
175518966,-0.02,-0.91,-0.39
175520969,-0.02,-0.91,-0.39
175523053,-0.02,-0.91,-0.39
175525031,-0.03,-0.89,-0.38
175527009,-0.03,-0.89,-0.38
175529007,-0.03,-0.89,-0.38
175531038,-0.03,-0.89,-0.38
175533035,-0.03,-0.89,-0.38
175535017,-0.02,-0.90,-0.39
175537011,-0.02,-0.90,-0.39
175539010,-0.02,-0.90,-0.39
175541072,-0.02,-0.90,-0.39
175542969,-0.02,-0.90,-0.39
175544982,-0.02,-0.90,-0.39
175547052,-0.02,-0.90,-0.39
175548971,-0.02,-0.90,-0.39
175550974,-0.02,-0.90,-0.39
175552966,-0.02,-0.90,-0.39
175555021,-0.02,-0.90,-0.39
175557002,-0.02,-0.90,-0.39
175558969,-0.02,-0.90,-0.39
175560959,-0.02,-0.90,-0.39
175563028,-0.02,-0.90,-0.39
175565115,-0.02,-0.90,-0.39
175567011,-0.02,-0.90,-0.39
175569008,-0.02,-0.90,-0.39
175571048,-0.02,-0.90,-0.39
175573038,-0.02,-0.90,-0.39
175575018,-0.02,-0.90,-0.40
175577009,-0.02,-0.90,-0.40
175579006,-0.02,-0.90,-0.40
175581021,-0.02,-0.90,-0.40
175583036,-0.02,-0.90,-0.40
175585005,-0.02,-0.90,-0.40
175586988,-0.02,-0.89,-0.39
175588965,-0.02,-0.89,-0.39
175591125,-0.02,-0.89,-0.39
175592977,-0.02,-0.89,-0.39
175594988,-0.02,-0.89,-0.39
175596967,-0.05,-0.91,-0.39
175598970,-0.05,-0.91,-0.39
175600972,-0.05,-0.91,-0.39
175603029,-0.05,-0.91,-0.39
175605016,-0.05,-0.91,-0.39
175607010,-0.04,-0.90,-0.38
175609012,-0.04,-0.90,-0.38
175611039,-0.04,-0.90,-0.38
175613019,-0.04,-0.90,-0.38
175615108,-0.04,-0.90,-0.38
175617015,-0.03,-0.89,-0.38
175619003,-0.03,-0.89,-0.38
175620975,-0.03,-0.89,-0.38
175622994,-0.03,-0.89,-0.38
175625054,-0.03,-0.89,-0.38
175627007,-0.04,-0.90,-0.39
175628968,-0.04,-0.90,-0.39
175630968,-0.04,-0.90,-0.39
175632966,-0.04,-0.90,-0.39
175635020,-0.04,-0.90,-0.39
175636977,-0.04,-0.90,-0.39
175638974,-0.04,-0.90,-0.39
175641074,-0.04,-0.90,-0.39
175643052,-0.04,-0.90,-0.39
175645017,-0.04,-0.90,-0.39
175647013,-0.03,-0.91,-0.38
175649021,-0.03,-0.91,-0.38
175651038,-0.03,-0.91,-0.38
175653027,-0.03,-0.91,-0.38
175655007,-0.03,-0.91,-0.38
175657006,-0.03,-0.91,-0.38
175658998,0.00,-0.89,-0.40
175660966,0.00,-0.89,-0.40
175663025,0.00,-0.89,-0.40
175665123,0.00,-0.89,-0.40
175666979,0.00,-0.89,-0.40
175668967,0.00,-0.89,-0.41
175670968,0.00,-0.89,-0.41
175673016,0.00,-0.89,-0.41
175674971,0.00,-0.89,-0.41
175676966,0.00,-0.89,-0.41
175678968,-0.00,-0.90,-0.41
175680967,-0.00,-0.90,-0.41
175683029,-0.00,-0.90,-0.41
175685025,-0.00,-0.90,-0.41
175687009,-0.00,-0.90,-0.41
175689008,0.00,-0.89,-0.42
175691146,0.00,-0.89,-0.42
175693033,0.00,-0.89,-0.42
175695016,0.00,-0.89,-0.42
175697009,0.00,-0.89,-0.42
175699019,-0.00,-0.89,-0.40
175701034,-0.00,-0.89,-0.40
175703010,-0.00,-0.89,-0.40
175704965,-0.00,-0.89,-0.40
175706966,-0.00,-0.89,-0.40
175708966,-0.02,-0.90,-0.39
175711026,-0.02,-0.90,-0.39
175712991,-0.02,-0.90,-0.39
175715062,-0.02,-0.90,-0.39
175716983,-0.02,-0.90,-0.39
175718966,-0.02,-0.89,-0.39
175720959,-0.02,-0.89,-0.39
175723037,-0.02,-0.89,-0.39
175725016,-0.02,-0.89,-0.39
175727020,-0.02,-0.89,-0.39
175729035,-0.01,-0.89,-0.40
175731013,-0.01,-0.89,-0.40
175733010,-0.01,-0.89,-0.40
175735009,-0.01,-0.89,-0.40
175736966,-0.01,-0.89,-0.40
175738971,-0.01,-0.89,-0.40
175741066,-0.02,-0.90,-0.40
175742969,-0.02,-0.90,-0.40
175744974,-0.02,-0.90,-0.40
175747039,-0.02,-0.90,-0.40
175749013,-0.02,-0.90,-0.40
175750969,-0.01,-0.90,-0.40
175752969,-0.01,-0.90,-0.40
175754967,-0.01,-0.90,-0.40
175756965,-0.01,-0.90,-0.40
175759016,-0.01,-0.90,-0.40
175760969,-0.01,-0.89,-0.40
175763028,-0.01,-0.89,-0.40
175765115,-0.01,-0.89,-0.40
175767017,-0.01,-0.89,-0.40
175769034,-0.01,-0.89,-0.40
175771033,-0.02,-0.89,-0.40
175773021,-0.02,-0.89,-0.40
175775009,-0.02,-0.89,-0.40
175777009,-0.02,-0.89,-0.40
175779012,-0.02,-0.89,-0.40
175780969,-0.02,-0.90,-0.39
175783044,-0.02,-0.90,-0.39
175785019,-0.02,-0.90,-0.39
175786974,-0.02,-0.90,-0.39
175788970,-0.02,-0.90,-0.39
175791075,-0.02,-0.90,-0.39
175792981,-0.02,-0.90,-0.39
175795024,-0.02,-0.90,-0.39
175796971,-0.02,-0.90,-0.39
175798968,-0.02,-0.90,-0.39
175800958,-0.02,-0.90,-0.40
175803029,-0.02,-0.90,-0.40
175805015,-0.02,-0.90,-0.40
175807009,-0.02,-0.90,-0.40
175809009,-0.02,-0.90,-0.40
175811039,-0.02,-0.90,-0.40
175813023,-0.02,-0.90,-0.40
175815116,-0.02,-0.90,-0.40
175817013,-0.02,-0.90,-0.40
175818975,-0.02,-0.90,-0.40
175820970,-0.02,-0.90,-0.40
175822977,-0.02,-0.90,-0.40
175825035,-0.02,-0.90,-0.40
175827015,-0.02,-0.90,-0.40
175829007,-0.02,-0.90,-0.40
175830968,-0.02,-0.90,-0.40
175832966,-0.02,-0.90,-0.39
175834971,-0.02,-0.90,-0.39
175837018,-0.02,-0.90,-0.39
175838971,-0.02,-0.90,-0.39
175841073,-0.02,-0.90,-0.39
175843057,-0.02,-0.90,-0.39
175845015,-0.02,-0.90,-0.39
175847010,-0.02,-0.90,-0.39
175849024,-0.02,-0.90,-0.39
175851077,-0.02,-0.90,-0.39
175853026,-0.02,-0.90,-0.40
175855007,-0.02,-0.90,-0.40
175857008,-0.02,-0.90,-0.40
175859000,-0.02,-0.90,-0.40
175860968,-0.02,-0.90,-0.40
175862968,-0.01,-0.90,-0.40
175865063,-0.01,-0.90,-0.40
175866982,-0.01,-0.90,-0.40
175869013,-0.01,-0.90,-0.40
175871033,-0.01,-0.90,-0.40
175872968,-0.02,-0.89,-0.40
175874967,-0.02,-0.89,-0.40
175876969,-0.02,-0.89,-0.40
175878969,-0.02,-0.89,-0.40
175880969,-0.02,-0.89,-0.40
175883019,-0.02,-0.89,-0.40
175885022,-0.02,-0.89,-0.40
175887049,-0.02,-0.89,-0.40
175889029,-0.02,-0.89,-0.40
175891116,-0.02,-0.89,-0.40
175893015,-0.02,-0.89,-0.40
175895020,-0.01,-0.89,-0.39
175897010,-0.01,-0.89,-0.39
175898987,-0.01,-0.89,-0.39
175900968,-0.01,-0.89,-0.39
175902970,-0.01,-0.89,-0.39
175904967,-0.01,-0.89,-0.39
175906970,-0.01,-0.89,-0.39
175909019,-0.01,-0.89,-0.39
175911043,-0.01,-0.89,-0.39
175912978,-0.01,-0.89,-0.39
175915068,-0.01,-0.89,-0.40
175916979,-0.01,-0.89,-0.40
175918982,-0.01,-0.89,-0.40
175921015,-0.01,-0.89,-0.40
175923031,-0.01,-0.89,-0.40
175925011,-0.01,-0.89,-0.40
175927005,-0.01,-0.89,-0.40
175929009,-0.01,-0.89,-0.40
175931036,-0.01,-0.89,-0.40
175933049,-0.01,-0.89,-0.40
175935035,-0.01,-0.89,-0.41
175937011,-0.01,-0.89,-0.41
175939007,-0.01,-0.89,-0.41
175941077,-0.01,-0.89,-0.41
175942970,-0.01,-0.89,-0.41
175944967,-0.01,-0.89,-0.40
175946969,-0.01,-0.89,-0.40
175948970,-0.01,-0.89,-0.40
175951004,-0.01,-0.89,-0.40
175953039,-0.01,-0.89,-0.40
175954988,-0.01,-0.89,-0.40
175956969,-0.01,-0.89,-0.41
175958967,-0.01,-0.89,-0.41
175960967,-0.01,-0.89,-0.41
175963021,-0.01,-0.89,-0.41
175965127,-0.01,-0.89,-0.41
175967028,-0.01,-0.89,-0.40
175969010,-0.01,-0.89,-0.40
175971013,-0.01,-0.89,-0.40
175973040,-0.01,-0.89,-0.40
175975019,-0.01,-0.89,-0.40
175977007,-0.02,-0.89,-0.40
175979008,-0.02,-0.89,-0.40
175981049,-0.02,-0.89,-0.40
175983000,-0.02,-0.89,-0.40
175985007,-0.02,-0.89,-0.40
175986968,-0.02,-0.89,-0.40
175988967,-0.02,-0.89,-0.40
175991075,-0.02,-0.89,-0.40
175992973,-0.02,-0.89,-0.40
175995034,-0.02,-0.89,-0.40
175996997,-0.01,-0.90,-0.41
175998957,-0.01,-0.90,-0.41
176000958,-0.01,-0.90,-0.41
176003034,-0.01,-0.90,-0.41
176005011,-0.01,-0.90,-0.41
176007008,-0.02,-0.90,-0.40
176009004,-0.02,-0.90,-0.40
176011041,-0.02,-0.90,-0.40
176013018,-0.02,-0.90,-0.40
176015107,-0.02,-0.90,-0.40
176017016,-0.02,-0.89,-0.41
176018970,-0.02,-0.89,-0.41
176020968,-0.02,-0.89,-0.41
176022970,-0.02,-0.89,-0.41
176024968,-0.02,-0.89,-0.41
176026968,-0.02,-0.89,-0.41
176028975,-0.02,-0.89,-0.41
176030978,-0.02,-0.89,-0.41
176032971,-0.02,-0.89,-0.41
176034968,-0.02,-0.89,-0.41
176036974,-0.02,-0.89,-0.41
176038977,-0.02,-0.89,-0.41
176041047,-0.02,-0.89,-0.41
176043012,-0.02,-0.89,-0.41
176045056,-0.02,-0.89,-0.41
176047032,-0.02,-0.89,-0.41
176049011,-0.02,-0.89,-0.40
176051009,-0.02,-0.89,-0.40
176053007,-0.02,-0.89,-0.40
176055009,-0.02,-0.89,-0.40
176057007,-0.02,-0.89,-0.40
176058979,-0.02,-0.89,-0.40
176061043,-0.02,-0.89,-0.40
176062985,-0.02,-0.89,-0.40
176065064,-0.02,-0.89,-0.40
176066979,-0.02,-0.89,-0.40
176068967,-0.02,-0.90,-0.40
176070969,-0.02,-0.90,-0.40
176072972,-0.02,-0.90,-0.40
176074977,-0.02,-0.90,-0.40
176076974,-0.02,-0.90,-0.40
176078973,-0.01,-0.90,-0.40
176081009,-0.01,-0.90,-0.40
176083050,-0.01,-0.90,-0.40
176085044,-0.01,-0.90,-0.40
176087017,-0.01,-0.90,-0.40
176089008,-0.01,-0.89,-0.41
176091131,-0.01,-0.89,-0.41
176093075,-0.01,-0.89,-0.41
176095027,-0.01,-0.89,-0.41
176097009,-0.01,-0.89,-0.41
176099008,-0.01,-0.89,-0.41
176101004,-0.01,-0.89,-0.41
176103042,-0.01,-0.89,-0.41
176104984,-0.01,-0.89,-0.41
176106968,-0.01,-0.89,-0.41
176108967,-0.01,-0.89,-0.41
176110967,-0.00,-0.89,-0.41
176112971,-0.00,-0.89,-0.41
176115065,-0.00,-0.89,-0.41
176116976,-0.00,-0.89,-0.41
176118971,-0.00,-0.89,-0.41
176120959,-0.00,-0.89,-0.40
176123018,-0.00,-0.89,-0.40
176125008,-0.00,-0.89,-0.40
176127007,-0.00,-0.89,-0.40
176129009,-0.00,-0.89,-0.40
176131009,-0.01,-0.89,-0.39
176133012,-0.01,-0.89,-0.39
176134969,-0.01,-0.89,-0.39
176137001,-0.01,-0.89,-0.39
176139062,-0.01,-0.89,-0.39
176141097,-0.02,-0.89,-0.40
176142975,-0.02,-0.89,-0.40
176144970,-0.02,-0.89,-0.40
176146968,-0.02,-0.89,-0.40
176148969,-0.02,-0.89,-0.40
176150971,-0.01,-0.89,-0.41
176152973,-0.01,-0.89,-0.41
176155017,-0.01,-0.89,-0.41
176156970,-0.01,-0.89,-0.41
176158958,-0.01,-0.89,-0.41
176160972,-0.02,-0.89,-0.40
176163031,-0.02,-0.89,-0.40
176165115,-0.02,-0.89,-0.40
176167014,-0.02,-0.89,-0.40
176169006,-0.02,-0.89,-0.40
176171073,-0.02,-0.89,-0.41
176173024,-0.02,-0.89,-0.41
176175011,-0.02,-0.89,-0.41
176177009,-0.02,-0.89,-0.41
176179025,-0.02,-0.89,-0.41
176181023,-0.02,-0.89,-0.41
176182971,-0.02,-0.89,-0.41
176185000,-0.02,-0.89,-0.41
176186969,-0.02,-0.89,-0.41
176189036,-0.02,-0.89,-0.41
176191100,-0.02,-0.89,-0.41
176192974,-0.01,-0.89,-0.41
176194989,-0.01,-0.89,-0.41
176196972,-0.01,-0.89,-0.41
176198967,-0.01,-0.89,-0.41
176200966,-0.01,-0.89,-0.41
176203029,-0.01,-0.89,-0.41
176205014,-0.01,-0.89,-0.41
176207011,-0.01,-0.89,-0.41
176209027,-0.01,-0.89,-0.41
176211040,-0.01,-0.89,-0.41
176213019,-0.01,-0.89,-0.41
176215113,-0.01,-0.89,-0.41
176217016,-0.01,-0.89,-0.41
176219035,-0.01,-0.89,-0.41
176221021,-0.01,-0.89,-0.41
176222970,-0.00,-0.89,-0.40
176224974,-0.00,-0.89,-0.40
176226976,-0.00,-0.89,-0.40
176228972,-0.00,-0.89,-0.40
176230968,-0.00,-0.89,-0.40
176232968,-0.01,-0.89,-0.41
176234970,-0.01,-0.89,-0.41
176236995,-0.01,-0.89,-0.41
176239010,-0.01,-0.89,-0.41
176241120,-0.01,-0.89,-0.41
176243047,-0.01,-0.89,-0.41
176245021,-0.01,-0.89,-0.41
176247014,-0.01,-0.89,-0.41
176249026,-0.01,-0.89,-0.41
176251041,-0.01,-0.89,-0.41
176253017,-0.01,-0.89,-0.41
176255010,-0.01,-0.90,-0.41
176257006,-0.01,-0.90,-0.41
176258969,-0.01,-0.90,-0.41
176260967,-0.01,-0.90,-0.41
176263000,-0.01,-0.90,-0.41
176265131,-0.01,-0.89,-0.41
176266999,-0.01,-0.89,-0.41
176268971,-0.01,-0.89,-0.41
176270968,-0.01,-0.89,-0.41
176273000,-0.01,-0.89,-0.41
176275013,-0.01,-0.89,-0.40
176276968,-0.01,-0.89,-0.40
176278968,-0.01,-0.89,-0.40
176280969,-0.01,-0.89,-0.40
176283030,-0.01,-0.89,-0.40
176285031,-0.01,-0.89,-0.41
176287008,-0.01,-0.89,-0.41
176289008,-0.01,-0.89,-0.41
176291142,-0.01,-0.89,-0.41
176293023,-0.01,-0.89,-0.41
176295029,-0.01,-0.89,-0.41
176297008,-0.01,-0.89,-0.41
176299007,-0.01,-0.89,-0.41
176300970,-0.01,-0.89,-0.41
176303050,-0.01,-0.89,-0.41
176304979,-0.02,-0.89,-0.41
176306971,-0.02,-0.89,-0.41
176308966,-0.02,-0.89,-0.41
176311016,-0.02,-0.89,-0.41
176312967,-0.02,-0.89,-0.41
176315062,-0.01,-0.90,-0.41
176316976,-0.01,-0.90,-0.41
176318976,-0.01,-0.90,-0.41
176320958,-0.01,-0.90,-0.41
176323030,-0.01,-0.90,-0.41
176325014,-0.01,-0.90,-0.41
176327009,-0.02,-0.89,-0.41
176329006,-0.02,-0.89,-0.41
176331007,-0.02,-0.89,-0.41
176333007,-0.02,-0.89,-0.41
176335008,-0.02,-0.89,-0.41
176336968,-0.02,-0.88,-0.41
176338970,-0.02,-0.88,-0.41
176341075,-0.02,-0.88,-0.41
176342981,-0.02,-0.88,-0.41
176345086,-0.02,-0.88,-0.41
176346998,-0.01,-0.89,-0.41
176348966,-0.01,-0.89,-0.41
176350958,-0.01,-0.89,-0.41
176352958,-0.01,-0.89,-0.41
176354996,-0.01,-0.89,-0.41
176357014,-0.01,-0.89,-0.42
176358974,-0.01,-0.89,-0.42
176360966,-0.01,-0.89,-0.42
176363035,-0.01,-0.89,-0.42
176365116,-0.01,-0.89,-0.42
176367017,-0.01,-0.89,-0.42
176369012,-0.01,-0.89,-0.42
176371036,-0.01,-0.89,-0.42
176373043,-0.01,-0.89,-0.42
176375024,-0.01,-0.89,-0.42
176377008,-0.01,-0.88,-0.41
176378999,-0.01,-0.88,-0.41
176380967,-0.01,-0.88,-0.41
176382968,-0.01,-0.88,-0.41
176385001,-0.01,-0.88,-0.41
176386966,-0.01,-0.89,-0.42
176388999,-0.01,-0.89,-0.42
176391149,-0.01,-0.89,-0.42
176392998,-0.01,-0.89,-0.42
176394987,-0.01,-0.89,-0.42
176396971,-0.00,-0.89,-0.41
176398973,-0.00,-0.89,-0.41
176401020,-0.00,-0.89,-0.41
176403032,-0.00,-0.89,-0.41
176405015,-0.00,-0.89,-0.41
176407009,-0.00,-0.89,-0.41
176409005,-0.01,-0.89,-0.41
176411042,-0.01,-0.89,-0.41
176413037,-0.01,-0.89,-0.41
176415119,-0.01,-0.89,-0.41
176417008,-0.01,-0.89,-0.41
176418967,-0.01,-0.89,-0.41
176420976,-0.01,-0.89,-0.41
176423058,-0.01,-0.89,-0.41
176424996,-0.01,-0.89,-0.41
176426966,-0.01,-0.89,-0.41
176428966,-0.00,-0.89,-0.41
176430995,-0.00,-0.89,-0.41
176433019,-0.00,-0.89,-0.41
176434966,-0.00,-0.89,-0.41
176436969,-0.00,-0.89,-0.41
176438959,-0.00,-0.89,-0.41
176441072,-0.00,-0.89,-0.41
176443047,-0.00,-0.89,-0.41
176445032,-0.00,-0.89,-0.41
176447011,-0.00,-0.89,-0.41
176449006,-0.01,-0.89,-0.42
176451017,-0.01,-0.89,-0.42
176453090,-0.01,-0.89,-0.42
176455022,-0.01,-0.89,-0.42
176457008,-0.01,-0.89,-0.42
176459010,-0.01,-0.89,-0.41
176460974,-0.01,-0.89,-0.41
176463044,-0.01,-0.89,-0.41
176465100,-0.01,-0.89,-0.41
176466978,-0.01,-0.89,-0.41
176468971,-0.01,-0.89,-0.42
176470970,-0.01,-0.89,-0.42
176472966,-0.01,-0.89,-0.42
176474974,-0.01,-0.89,-0.42
176477020,-0.01,-0.89,-0.42
176478968,-0.01,-0.89,-0.42
176480966,-0.02,-0.89,-0.41
176483030,-0.02,-0.89,-0.41
176485033,-0.02,-0.89,-0.41
176487006,-0.02,-0.89,-0.41
176489020,-0.02,-0.89,-0.41
176491142,-0.01,-0.89,-0.42
176493018,-0.01,-0.89,-0.42
176495017,-0.01,-0.89,-0.42
176497007,-0.01,-0.89,-0.42
176499006,-0.01,-0.89,-0.42
176500967,-0.01,-0.88,-0.42
176502978,-0.01,-0.88,-0.42
176505081,-0.01,-0.88,-0.42
176506997,-0.01,-0.88,-0.42
176508966,-0.01,-0.88,-0.42
176510957,-0.00,-0.88,-0.42
176512968,-0.00,-0.88,-0.42
176515063,-0.00,-0.88,-0.42
176516997,-0.00,-0.88,-0.42
176519018,-0.00,-0.88,-0.42
176520973,-0.00,-0.88,-0.42
176523025,-0.00,-0.88,-0.42
176525014,-0.00,-0.88,-0.42
176527009,-0.00,-0.88,-0.42
176529008,-0.00,-0.88,-0.42
176531026,-0.00,-0.89,-0.41
176533048,-0.00,-0.89,-0.41
176535024,-0.00,-0.89,-0.41
176537009,-0.00,-0.89,-0.41
176538969,-0.00,-0.89,-0.41
176541078,-0.01,-0.89,-0.42
176542968,-0.01,-0.89,-0.42
176544983,-0.01,-0.89,-0.42
176547057,-0.01,-0.89,-0.42
176548998,-0.01,-0.89,-0.42
176550959,-0.01,-0.89,-0.42
176552967,-0.00,-0.89,-0.42
176554987,-0.00,-0.89,-0.42
176557017,-0.00,-0.89,-0.42
176558970,-0.00,-0.89,-0.42
176560959,-0.00,-0.89,-0.42
176563031,-0.00,-0.88,-0.42
176565120,-0.00,-0.88,-0.42
176567017,-0.00,-0.88,-0.42
176569015,-0.00,-0.88,-0.42
176571033,-0.00,-0.88,-0.42
176573026,-0.00,-0.89,-0.42
176575012,-0.00,-0.89,-0.42
176577007,-0.00,-0.89,-0.42
176578999,-0.00,-0.89,-0.42
176581081,-0.00,-0.89,-0.42
176582995,-0.00,-0.88,-0.42
176585007,-0.00,-0.88,-0.42
176586989,-0.00,-0.88,-0.42
176588958,-0.00,-0.88,-0.42
176591074,-0.00,-0.88,-0.42
176592982,-0.01,-0.89,-0.41
176595016,-0.01,-0.89,-0.41
176596968,-0.01,-0.89,-0.41
176598966,-0.01,-0.89,-0.41
176600958,-0.01,-0.89,-0.41
176603030,-0.00,-0.89,-0.42
176605016,-0.00,-0.89,-0.42
176607009,-0.00,-0.89,-0.42
176609011,-0.00,-0.89,-0.42
176611019,-0.00,-0.89,-0.42
176613083,-0.01,-0.89,-0.42
176615122,-0.01,-0.89,-0.42
176617016,-0.01,-0.89,-0.42
176618994,-0.01,-0.89,-0.42
176620976,-0.01,-0.89,-0.42
176622969,-0.01,-0.89,-0.42
176624974,-0.01,-0.89,-0.41
176626968,-0.01,-0.89,-0.41
176628968,-0.01,-0.89,-0.41
176630967,-0.01,-0.89,-0.41
176632966,-0.01,-0.89,-0.41
176634975,-0.01,-0.88,-0.42
176636968,-0.01,-0.88,-0.42
176638971,-0.01,-0.88,-0.42
176641049,-0.01,-0.88,-0.42
176643014,-0.01,-0.88,-0.42
176645059,-0.01,-0.88,-0.42
176647034,-0.01,-0.88,-0.42
176649038,-0.01,-0.88,-0.42
176651008,-0.01,-0.88,-0.42
176653007,-0.01,-0.88,-0.42
176655032,-0.01,-0.89,-0.42
176657037,-0.01,-0.89,-0.42
176659020,-0.01,-0.89,-0.42
176661008,-0.01,-0.89,-0.42
176662970,-0.01,-0.89,-0.42
176665084,-0.01,-0.88,-0.42
176667098,-0.01,-0.88,-0.42
176668996,-0.01,-0.88,-0.42
176670967,-0.01,-0.88,-0.42
176672980,-0.01,-0.88,-0.42
176675017,-0.01,-0.89,-0.43
176676968,-0.01,-0.89,-0.43
176678959,-0.01,-0.89,-0.43
176680959,-0.01,-0.89,-0.43
176683028,-0.01,-0.89,-0.43
176685029,-0.00,-0.89,-0.42
176687011,-0.00,-0.89,-0.42
176689035,-0.00,-0.89,-0.42
176691143,-0.00,-0.89,-0.42
176693023,-0.00,-0.89,-0.42
176695015,-0.01,-0.89,-0.42
176697011,-0.01,-0.89,-0.42
176699025,-0.01,-0.89,-0.42
176701026,-0.01,-0.89,-0.42
176703131,-0.01,-0.89,-0.42
176704996,-0.01,-0.89,-0.42
176706981,-0.01,-0.89,-0.41
176708976,-0.01,-0.89,-0.41
176710974,-0.01,-0.89,-0.41
176712983,-0.01,-0.89,-0.41
176715125,-0.01,-0.89,-0.41
176716981,-0.00,-0.89,-0.41
176718977,-0.00,-0.89,-0.41
176720971,-0.00,-0.89,-0.41
176723028,-0.00,-0.89,-0.41
176725018,-0.00,-0.89,-0.41
176727013,-0.00,-0.89,-0.42
176729019,-0.00,-0.89,-0.42
176731039,-0.00,-0.89,-0.42
176733019,-0.00,-0.89,-0.42
176735017,-0.00,-0.89,-0.42
176737014,-0.00,-0.89,-0.42
176738976,-0.00,-0.89,-0.42
176741078,-0.00,-0.89,-0.42
176743017,-0.00,-0.89,-0.42
176745038,-0.00,-0.89,-0.42
176747000,-0.00,-0.88,-0.42
176748976,-0.00,-0.88,-0.42
176751003,-0.00,-0.88,-0.42
176753011,-0.00,-0.88,-0.42
176755032,-0.00,-0.88,-0.42
176756990,-0.01,-0.89,-0.42
176758972,-0.01,-0.89,-0.42
176760970,-0.01,-0.89,-0.42
176763032,-0.01,-0.89,-0.42
176765122,-0.01,-0.89,-0.42
176767016,-0.01,-0.89,-0.42
176769038,-0.01,-0.89,-0.42
176771069,-0.01,-0.89,-0.42
176773025,-0.01,-0.89,-0.42
176775013,-0.01,-0.89,-0.42
176777016,-0.01,-0.89,-0.42
176779008,-0.01,-0.88,-0.43
176781045,-0.01,-0.88,-0.43
176782997,-0.01,-0.88,-0.43
176785008,-0.01,-0.88,-0.43
176786973,-0.01,-0.88,-0.43
176788997,-0.02,-0.88,-0.43
176791125,-0.02,-0.88,-0.43
176792974,-0.02,-0.88,-0.43
176794986,-0.02,-0.88,-0.43
176796974,-0.02,-0.88,-0.43
176798972,-0.01,-0.89,-0.42
176800972,-0.01,-0.89,-0.42
176803030,-0.01,-0.89,-0.42
176805017,-0.01,-0.89,-0.42
176807012,-0.01,-0.89,-0.42
176809021,-0.00,-0.89,-0.42
176811052,-0.00,-0.89,-0.42
176813020,-0.00,-0.89,-0.42
176815117,-0.00,-0.89,-0.42
176817023,-0.00,-0.89,-0.42
176819021,-0.01,-0.89,-0.43
176821048,-0.01,-0.89,-0.43
176822997,-0.01,-0.89,-0.43
176824985,-0.01,-0.89,-0.43
176826976,-0.01,-0.89,-0.43
176828976,-0.01,-0.89,-0.42
176830975,-0.01,-0.89,-0.42
176833016,-0.01,-0.89,-0.42
176835019,-0.01,-0.89,-0.42
176836971,-0.01,-0.89,-0.42
176838969,-0.01,-0.89,-0.43
176841076,-0.01,-0.89,-0.43
176843063,-0.01,-0.89,-0.43
176845019,-0.01,-0.89,-0.43
176847016,-0.01,-0.89,-0.43
176849013,-0.01,-0.89,-0.43
176851013,-0.01,-0.88,-0.43
176853042,-0.01,-0.88,-0.43
176855036,-0.01,-0.88,-0.43
176857018,-0.01,-0.88,-0.43
176859011,-0.01,-0.88,-0.43
176860981,-0.01,-0.88,-0.42
176862981,-0.01,-0.88,-0.42
176865130,-0.01,-0.88,-0.42
176867012,-0.01,-0.88,-0.42
176868979,-0.01,-0.88,-0.42
176870983,-0.00,-0.89,-0.42
176873016,-0.00,-0.89,-0.42
176874970,-0.00,-0.89,-0.42
176876968,-0.00,-0.89,-0.42
176878972,-0.00,-0.89,-0.42
176880972,0.00,-0.89,-0.42
176883025,0.00,-0.89,-0.42
176885036,0.00,-0.89,-0.42
176887018,0.00,-0.89,-0.42
176889014,0.00,-0.89,-0.42
176891160,-0.00,-0.89,-0.43
176893037,-0.00,-0.89,-0.43
176895014,-0.00,-0.89,-0.43
176897012,-0.00,-0.89,-0.43
176899012,-0.00,-0.89,-0.43
176901043,0.00,-0.89,-0.42
176903011,0.00,-0.89,-0.42
176904978,0.00,-0.89,-0.42
176907022,0.00,-0.89,-0.42
176909000,0.00,-0.89,-0.42
176911026,-0.00,-0.88,-0.42
176912976,-0.00,-0.88,-0.42
176915079,-0.00,-0.88,-0.42
176916976,-0.00,-0.88,-0.42
176918969,-0.00,-0.88,-0.42
176920970,-0.00,-0.88,-0.42
176923027,-0.00,-0.88,-0.42
176925014,-0.00,-0.88,-0.42
176927010,-0.00,-0.88,-0.42
176929011,-0.00,-0.88,-0.42
176931013,-0.00,-0.88,-0.42
176933011,0.00,-0.89,-0.43
176935006,0.00,-0.89,-0.43
176936970,0.00,-0.89,-0.43
176938970,0.00,-0.89,-0.43
176941067,0.00,-0.89,-0.43
176942969,0.00,-0.88,-0.43
176945055,0.00,-0.88,-0.43
176946994,0.00,-0.88,-0.43
176948972,0.00,-0.88,-0.43
176950971,0.00,-0.88,-0.43
176952969,-0.00,-0.88,-0.43
176954972,-0.00,-0.88,-0.43
176957006,-0.00,-0.88,-0.43
176958980,-0.00,-0.88,-0.43
176961016,-0.00,-0.88,-0.43
176963029,-0.00,-0.88,-0.42
176965116,-0.00,-0.88,-0.42
176967017,-0.00,-0.88,-0.42
176969040,-0.00,-0.88,-0.42
176971029,-0.00,-0.88,-0.42
176973019,-0.00,-0.89,-0.42
176975012,-0.00,-0.89,-0.42
176977008,-0.00,-0.89,-0.42
176978972,-0.00,-0.89,-0.42
176980982,-0.00,-0.89,-0.42
176983034,-0.01,-0.88,-0.43
176985008,-0.01,-0.88,-0.43
176986968,-0.01,-0.88,-0.43
176988966,-0.01,-0.88,-0.43
176991105,-0.01,-0.88,-0.43
176993024,-0.00,-0.89,-0.43
176994990,-0.00,-0.89,-0.43
176996959,-0.00,-0.89,-0.43
176998968,-0.00,-0.89,-0.43
177000967,-0.00,-0.89,-0.43
177003032,-0.00,-0.89,-0.43
177005014,-0.00,-0.88,-0.43
177007009,-0.00,-0.88,-0.43
177009032,-0.00,-0.88,-0.43
177011037,-0.00,-0.88,-0.43
177013022,-0.00,-0.88,-0.43
177015111,0.00,-0.89,-0.43
177017011,0.00,-0.89,-0.43
177019016,0.00,-0.89,-0.43
177021042,0.00,-0.89,-0.43
177022991,0.00,-0.89,-0.43
177024971,-0.01,-0.88,-0.43
177026974,-0.01,-0.88,-0.43
177029020,-0.01,-0.88,-0.43
177030996,-0.01,-0.88,-0.43
177032967,-0.01,-0.88,-0.43
177034958,-0.00,-0.89,-0.43
177036970,-0.00,-0.89,-0.43
177038968,-0.00,-0.89,-0.43
177041079,-0.00,-0.89,-0.43
177043038,-0.00,-0.89,-0.43
177045019,-0.01,-0.88,-0.43
177047010,-0.01,-0.88,-0.43
177049014,-0.01,-0.88,-0.43
177051036,-0.01,-0.88,-0.43
177053019,-0.01,-0.88,-0.43
177055008,0.00,-0.88,-0.43
177057013,0.00,-0.88,-0.43
177059016,0.00,-0.88,-0.43
177061021,0.00,-0.88,-0.43
177063020,0.00,-0.88,-0.43
177065076,-0.01,-0.89,-0.42
177066976,-0.01,-0.89,-0.42
177068966,-0.01,-0.89,-0.42
177070966,-0.01,-0.89,-0.42
177072969,-0.01,-0.89,-0.42
177075027,-0.01,-0.89,-0.42
177076995,-0.01,-0.88,-0.43
177078979,-0.01,-0.88,-0.43
177080969,-0.01,-0.88,-0.43
177083031,-0.01,-0.88,-0.43
177085035,-0.01,-0.88,-0.43
177087008,-0.00,-0.88,-0.43
177089025,-0.00,-0.88,-0.43
177091136,-0.00,-0.88,-0.43
177093021,-0.00,-0.88,-0.43
177095015,-0.00,-0.88,-0.43
177097011,-0.00,-0.88,-0.43
177099001,-0.00,-0.88,-0.43
177100958,-0.00,-0.88,-0.43
177103012,-0.00,-0.88,-0.43
177105042,-0.00,-0.88,-0.43
177106986,-0.00,-0.88,-0.43
177108968,-0.00,-0.88,-0.43
177110968,-0.00,-0.88,-0.43
177112970,-0.00,-0.88,-0.43
177115064,-0.00,-0.88,-0.43
177116976,-0.00,-0.88,-0.44
177118996,-0.00,-0.88,-0.44
177121018,-0.00,-0.88,-0.44
177123024,-0.00,-0.88,-0.44
177125014,-0.00,-0.88,-0.44
177127009,0.00,-0.88,-0.43
177129038,0.00,-0.88,-0.43
177131042,0.00,-0.88,-0.43
177133025,0.00,-0.88,-0.43
177135010,0.00,-0.88,-0.43
177137007,0.00,-0.88,-0.43
177139000,0.00,-0.88,-0.43
177141145,0.00,-0.88,-0.43
177142984,0.00,-0.88,-0.43
177144979,0.00,-0.88,-0.43
177146967,0.00,-0.88,-0.43
177148978,-0.00,-0.88,-0.43
177151018,-0.00,-0.88,-0.43
177152972,-0.00,-0.88,-0.43
177154959,-0.00,-0.88,-0.43
177156968,-0.00,-0.88,-0.43
177158982,-0.00,-0.88,-0.43
177161001,-0.00,-0.88,-0.43
177163030,-0.00,-0.88,-0.43
177165118,-0.00,-0.88,-0.43
177167015,-0.00,-0.88,-0.43
177169021,0.00,-0.88,-0.43
177171057,0.00,-0.88,-0.43
177173027,0.00,-0.88,-0.43
177175010,0.00,-0.88,-0.43
177177010,0.00,-0.88,-0.43
177178997,-0.04,-0.89,-0.43
177181036,-0.04,-0.89,-0.43
177182968,-0.04,-0.89,-0.43
177185001,-0.04,-0.89,-0.43
177186958,-0.04,-0.89,-0.43
177188967,-0.09,-0.89,-0.41
177191086,-0.09,-0.89,-0.41
177193017,-0.09,-0.89,-0.41
177195020,-0.09,-0.89,-0.41
177196971,-0.09,-0.89,-0.41
177198966,-0.04,-0.89,-0.41
177200959,-0.04,-0.89,-0.41
177203031,-0.04,-0.89,-0.41
177205014,-0.04,-0.89,-0.41
177207011,-0.04,-0.89,-0.41
177209015,0.00,-0.87,-0.41
177211037,0.00,-0.87,-0.41
177213017,0.00,-0.87,-0.41
177215115,0.00,-0.87,-0.41
177217012,0.00,-0.87,-0.41
177218969,0.02,-0.88,-0.41
177220968,0.02,-0.88,-0.41
177222979,0.02,-0.88,-0.41
177225063,0.02,-0.88,-0.41
177226994,0.02,-0.88,-0.41
177228966,0.02,-0.88,-0.41
177230956,0.01,-0.88,-0.43
177232967,0.01,-0.88,-0.43
177234966,0.01,-0.88,-0.43
177236959,0.01,-0.88,-0.43
177238968,0.01,-0.88,-0.43
177241069,0.01,-0.89,-0.44
177243021,0.01,-0.89,-0.44
177245013,0.01,-0.89,-0.44
177247013,0.01,-0.89,-0.44
177249012,0.01,-0.89,-0.44
177251012,0.01,-0.87,-0.46
177253010,0.01,-0.87,-0.46
177254967,0.01,-0.87,-0.46
177256968,0.01,-0.87,-0.46
177258968,0.01,-0.87,-0.46
177261000,0.01,-0.88,-0.46
177263013,0.01,-0.88,-0.46
177265129,0.01,-0.88,-0.46
177267003,0.01,-0.88,-0.46
177268969,0.01,-0.88,-0.46
177270958,0.00,-0.88,-0.44
177272959,0.00,-0.88,-0.44
177274972,0.00,-0.88,-0.44
177277021,0.00,-0.88,-0.44
177278970,0.00,-0.88,-0.44
177280969,-0.02,-0.89,-0.44
177283034,-0.02,-0.89,-0.44
177285036,-0.02,-0.89,-0.44
177287008,-0.02,-0.89,-0.44
177289030,-0.02,-0.89,-0.44
177291146,0.00,-0.88,-0.41
177293018,0.00,-0.88,-0.41
177295018,0.00,-0.88,-0.41
177297017,0.00,-0.88,-0.41
177299052,0.00,-0.88,-0.41
177301035,0.00,-0.88,-0.41
177303001,0.00,-0.87,-0.42
177304969,0.00,-0.87,-0.42
177306972,0.00,-0.87,-0.42
177308981,0.00,-0.87,-0.42
177311044,0.00,-0.87,-0.42
177312979,0.00,-0.87,-0.43
177315064,0.00,-0.87,-0.43
177317006,0.00,-0.87,-0.43
177319021,0.00,-0.87,-0.43
177320969,0.00,-0.87,-0.43
177323034,0.01,-0.88,-0.44
177325018,0.01,-0.88,-0.44
177327017,0.01,-0.88,-0.44
177329018,0.01,-0.88,-0.44
177331047,0.01,-0.88,-0.44
177333017,0.01,-0.88,-0.46
177335014,0.01,-0.88,-0.46
177337009,0.01,-0.88,-0.46
177338969,0.01,-0.88,-0.46
177341087,0.01,-0.88,-0.46
177343117,0.00,-0.89,-0.44
177344998,0.00,-0.89,-0.44
177346975,0.00,-0.89,-0.44
177348969,0.00,-0.89,-0.44
177350971,0.00,-0.89,-0.44
177352967,0.00,-0.88,-0.46
177354967,0.00,-0.88,-0.46
177356959,0.00,-0.88,-0.46
177358969,0.00,-0.88,-0.46
177360969,0.00,-0.88,-0.46
177363027,0.00,-0.88,-0.43
177365126,0.00,-0.88,-0.43
177367020,0.00,-0.88,-0.43
177369007,0.00,-0.88,-0.43
177371014,0.00,-0.88,-0.43
177373052,-0.01,-0.88,-0.42
177375033,-0.01,-0.88,-0.42
177377008,-0.01,-0.88,-0.42
177379006,-0.01,-0.88,-0.42
177380983,-0.01,-0.88,-0.42
177383040,-0.01,-0.88,-0.42
177385011,0.00,-0.87,-0.43
177386967,0.00,-0.87,-0.43
177388966,0.00,-0.87,-0.43
177391137,0.00,-0.87,-0.43
177392995,0.00,-0.87,-0.43
177394991,-0.00,-0.88,-0.43
177396974,-0.00,-0.88,-0.43
177398966,-0.00,-0.88,-0.43
177400968,-0.00,-0.88,-0.43
177403037,-0.00,-0.88,-0.43
177405013,-0.01,-0.89,-0.44
177407016,-0.01,-0.89,-0.44
177409011,-0.01,-0.89,-0.44
177411006,-0.01,-0.89,-0.44
177413042,-0.01,-0.89,-0.44
177415129,-0.00,-0.89,-0.44
177417022,-0.00,-0.89,-0.44
177418998,-0.00,-0.89,-0.44
177420966,-0.00,-0.89,-0.44
177422966,-0.00,-0.89,-0.44
177424967,0.01,-0.88,-0.45
177426967,0.01,-0.88,-0.45
177428966,0.01,-0.88,-0.45
177430967,0.01,-0.88,-0.45
177432969,0.01,-0.88,-0.45
177434970,0.00,-0.88,-0.45
177436970,0.00,-0.88,-0.45
177438969,0.00,-0.88,-0.45
177441047,0.00,-0.88,-0.45
177443024,0.00,-0.88,-0.45
177445011,-0.00,-0.88,-0.43
177447009,-0.00,-0.88,-0.43
177449015,-0.00,-0.88,-0.43
177451029,-0.00,-0.88,-0.43
177453097,-0.00,-0.88,-0.43
177455028,-0.00,-0.88,-0.43
177457003,0.00,-0.88,-0.45
177458968,0.00,-0.88,-0.45
177460973,0.00,-0.88,-0.45
177462969,0.00,-0.88,-0.45
177465062,0.00,-0.88,-0.45
177466976,0.00,-0.88,-0.44
177469000,0.00,-0.88,-0.44
177471013,0.00,-0.88,-0.44
177473007,0.00,-0.88,-0.44
177475043,0.00,-0.88,-0.44
177476997,0.00,-0.87,-0.43
177478969,0.00,-0.87,-0.43
177480968,0.00,-0.87,-0.43
177483045,0.00,-0.87,-0.43
177485036,0.00,-0.87,-0.43
177487021,0.00,-0.88,-0.43
177489019,0.00,-0.88,-0.43
177491132,0.00,-0.88,-0.43
177493083,0.00,-0.88,-0.43
177495044,0.00,-0.88,-0.43
177497014,-0.00,-0.88,-0.43
177499015,-0.00,-0.88,-0.43
177501017,-0.00,-0.88,-0.43
177503065,-0.00,-0.88,-0.43
177504995,-0.00,-0.88,-0.43
177506966,0.00,-0.88,-0.44
177508958,0.00,-0.88,-0.44
177510977,0.00,-0.88,-0.44
177513016,0.00,-0.88,-0.44
177515062,0.00,-0.88,-0.44
177516977,0.00,-0.88,-0.43
177518968,0.00,-0.88,-0.43
177520958,0.00,-0.88,-0.43
177523037,0.00,-0.88,-0.43
177525012,0.00,-0.88,-0.43
177527018,0.00,-0.88,-0.43
177529014,0.00,-0.88,-0.43
177531014,0.00,-0.88,-0.43
177533012,0.00,-0.88,-0.43
177535007,0.00,-0.88,-0.43
177536978,0.00,-0.88,-0.43
177538971,0.00,-0.88,-0.44
177541066,0.00,-0.88,-0.44
177542966,0.00,-0.88,-0.44
177544977,0.00,-0.88,-0.44
177547056,0.00,-0.88,-0.44
177548999,0.00,-0.88,-0.44
177550966,0.00,-0.88,-0.44
177552975,0.00,-0.88,-0.44
177554971,0.00,-0.88,-0.44
177556969,0.00,-0.88,-0.44
177559016,0.00,-0.88,-0.43
177560972,0.00,-0.88,-0.43
177563037,0.00,-0.88,-0.43
177565118,0.00,-0.88,-0.43
177567016,0.00,-0.88,-0.43
177569014,0.00,-0.88,-0.44
177571040,0.00,-0.88,-0.44
177573033,0.00,-0.88,-0.44
177575016,0.00,-0.88,-0.44
177577012,0.00,-0.88,-0.44
177578996,0.00,-0.88,-0.43
177580967,0.00,-0.88,-0.43
177582971,0.00,-0.88,-0.43
177585014,0.00,-0.88,-0.43
177587053,0.00,-0.88,-0.43
177588993,0.00,-0.88,-0.44
177591082,0.00,-0.88,-0.44
177592977,0.00,-0.88,-0.44
177595035,0.00,-0.88,-0.44
177596998,0.00,-0.88,-0.44
177598968,0.00,-0.88,-0.44
177600966,0.00,-0.88,-0.44
177603035,0.00,-0.88,-0.44
177605022,0.00,-0.88,-0.44
177607017,0.00,-0.88,-0.44
177609035,0.00,-0.88,-0.44
177611040,-0.00,-0.88,-0.44
177613029,-0.00,-0.88,-0.44
177615118,-0.00,-0.88,-0.44
177617016,-0.00,-0.88,-0.44
177619021,-0.00,-0.88,-0.44
177621030,0.00,-0.88,-0.45
177622970,0.00,-0.88,-0.45
177624959,0.00,-0.88,-0.45
177626966,0.00,-0.88,-0.45
177628996,0.00,-0.88,-0.45
177631014,0.00,-0.88,-0.44
177632970,0.00,-0.88,-0.44
177634968,0.00,-0.88,-0.44
177636957,0.00,-0.88,-0.44
177638966,0.00,-0.88,-0.44
177641071,0.00,-0.88,-0.43
177643027,0.00,-0.88,-0.43
177645013,0.00,-0.88,-0.43
177647008,0.00,-0.88,-0.43
177649039,0.00,-0.88,-0.43
177651070,0.00,-0.88,-0.44
177653031,0.00,-0.88,-0.44
177655018,0.00,-0.88,-0.44
177657007,0.00,-0.88,-0.44
177658981,0.00,-0.88,-0.44
177661040,-0.00,-0.88,-0.43
177662985,-0.00,-0.88,-0.43
177665063,-0.00,-0.88,-0.43
177666982,-0.00,-0.88,-0.43
177668971,-0.00,-0.88,-0.43
177670984,0.00,-0.88,-0.44
177673006,0.00,-0.88,-0.44
177675004,0.00,-0.88,-0.44
177677019,0.00,-0.88,-0.44
177678969,0.00,-0.88,-0.44
177680956,0.00,-0.88,-0.44
177683030,0.00,-0.88,-0.44
177685033,0.00,-0.88,-0.44
177687018,0.00,-0.88,-0.44
177689027,0.00,-0.88,-0.44
177691145,0.00,-0.88,-0.44
177693020,0.00,-0.88,-0.44
177695018,0.00,-0.88,-0.44
177697016,0.00,-0.88,-0.44
177699011,0.00,-0.88,-0.44
177700981,0.00,-0.88,-0.44
177703084,0.00,-0.88,-0.44
177704997,0.00,-0.88,-0.44
177706969,0.00,-0.88,-0.44
177708966,0.00,-0.88,-0.44
177710967,0.00,-0.88,-0.44
177712966,0.00,-0.88,-0.44
177715061,0.00,-0.88,-0.44
177716978,0.00,-0.88,-0.44
177718967,0.00,-0.88,-0.44
177720970,0.00,-0.88,-0.44
177723053,0.00,-0.88,-0.44
177725040,0.00,-0.88,-0.44
177727017,0.00,-0.88,-0.44
177729016,0.00,-0.88,-0.44
177731044,0.00,-0.88,-0.44
177733033,0.00,-0.88,-0.45
177735015,0.00,-0.88,-0.45
177737016,0.00,-0.88,-0.45
177739021,0.00,-0.88,-0.45
177741138,0.00,-0.88,-0.45
177742995,0.00,-0.88,-0.44
177744971,0.00,-0.88,-0.44
177746968,0.00,-0.88,-0.44
177748984,0.00,-0.88,-0.44
177751014,0.00,-0.88,-0.44
177752966,0.00,-0.88,-0.44
177754966,0.00,-0.88,-0.45
177756966,0.00,-0.88,-0.45
177758966,0.00,-0.88,-0.45
177760967,0.00,-0.88,-0.45
177763028,0.00,-0.88,-0.45
177765119,0.00,-0.88,-0.45
177767015,0.00,-0.88,-0.45
177769015,0.00,-0.88,-0.45
177771039,0.00,-0.88,-0.45
177773041,0.00,-0.88,-0.45
177775042,0.00,-0.88,-0.43
177777017,0.00,-0.88,-0.43
177779010,0.00,-0.88,-0.43
177780970,0.00,-0.88,-0.43
177783046,0.00,-0.88,-0.43
177785019,-0.00,-0.88,-0.44
177786969,-0.00,-0.88,-0.44
177788969,-0.00,-0.88,-0.44
177791075,-0.00,-0.88,-0.44
177793005,-0.00,-0.88,-0.44
177795018,0.00,-0.88,-0.44
177796968,0.00,-0.88,-0.44
177798967,0.00,-0.88,-0.44
177800970,0.00,-0.88,-0.44
177803027,0.00,-0.88,-0.44
177805021,0.00,-0.88,-0.44
177807017,0.00,-0.88,-0.44
177809042,0.00,-0.88,-0.44
177811034,0.00,-0.88,-0.44
177813024,0.00,-0.88,-0.44
177815121,-0.04,-0.84,-0.43
177817016,-0.04,-0.84,-0.43
177818996,-0.04,-0.84,-0.43
177820971,-0.04,-0.84,-0.43
177822977,-0.04,-0.84,-0.43
177824989,0.02,-0.89,-0.41
177826992,0.02,-0.89,-0.41
177829094,0.02,-0.89,-0.41
177830997,0.02,-0.89,-0.41
177832966,0.02,-0.89,-0.41
177834959,0.02,-0.89,-0.41
177836967,-0.01,-0.87,-0.50
177838970,-0.01,-0.87,-0.50
177841072,-0.01,-0.87,-0.50
177843017,-0.01,-0.87,-0.50
177845013,-0.01,-0.87,-0.50
177847012,0.02,-0.89,-0.42
177849010,0.02,-0.89,-0.42
177851009,0.02,-0.89,-0.42
177853009,0.02,-0.89,-0.42
177854975,0.02,-0.89,-0.42
177856968,0.00,-0.88,-0.48
177858968,0.00,-0.88,-0.48
177860968,0.00,-0.88,-0.48
177863011,0.00,-0.88,-0.48
177865133,0.00,-0.88,-0.48
177866998,0.00,-0.87,-0.45
177868967,0.00,-0.87,-0.45
177870970,0.00,-0.87,-0.45
177872970,0.00,-0.87,-0.45
177874958,0.00,-0.87,-0.45
177876989,0.00,-0.87,-0.43
177879017,0.00,-0.87,-0.43
177880973,0.00,-0.87,-0.43
177883032,0.00,-0.87,-0.43
177885035,0.00,-0.87,-0.43
177887014,-0.01,-0.86,-0.42
177889036,-0.01,-0.86,-0.42
177891144,-0.01,-0.86,-0.42
177893023,-0.01,-0.86,-0.42
177895014,-0.01,-0.86,-0.42
177897010,-0.00,-0.86,-0.41
177899050,-0.00,-0.86,-0.41
177901025,-0.00,-0.86,-0.41
177902971,-0.00,-0.86,-0.41
177904971,-0.00,-0.86,-0.41
177906968,-0.00,-0.86,-0.41
177908970,0.00,-0.87,-0.45
177910969,0.00,-0.87,-0.45
177913049,0.00,-0.87,-0.45
177915104,0.00,-0.87,-0.45
177916975,0.00,-0.87,-0.45
177918968,0.02,-0.89,-0.46
177921019,0.02,-0.89,-0.46
177923024,0.02,-0.89,-0.46
177925011,0.02,-0.89,-0.46
177927010,0.02,-0.89,-0.46
177929028,0.03,-0.90,-0.54
177931033,0.03,-0.90,-0.54
177933015,0.03,-0.90,-0.54
177935008,0.03,-0.90,-0.54
177937006,0.03,-0.90,-0.54
177938971,0.01,-0.89,-0.50
177941077,0.01,-0.89,-0.50
177942981,0.01,-0.89,-0.50
177945057,0.01,-0.89,-0.50
177946994,0.01,-0.89,-0.50
177948959,-0.07,-0.88,-0.39
177950968,-0.07,-0.88,-0.39
177952989,-0.07,-0.88,-0.39
177955010,-0.07,-0.88,-0.39
177956958,-0.07,-0.88,-0.39
177958959,-0.05,-0.87,-0.41
177960966,-0.05,-0.87,-0.41
177963031,-0.05,-0.87,-0.41
177965116,-0.05,-0.87,-0.41
177967014,-0.05,-0.87,-0.41
177969016,-0.03,-0.85,-0.35
177971083,-0.03,-0.85,-0.35
177973026,-0.03,-0.85,-0.35
177975010,-0.03,-0.85,-0.35
177977002,-0.03,-0.85,-0.35
177978985,-0.03,-0.85,-0.35
177981009,0.02,-0.86,-0.41
177983040,0.02,-0.86,-0.41
177985018,0.02,-0.86,-0.41
177986969,0.02,-0.86,-0.41
177988967,0.02,-0.86,-0.41
177991076,0.01,-0.88,-0.46
177992972,0.01,-0.88,-0.46
177994985,0.01,-0.88,-0.46
177996975,0.01,-0.88,-0.46
177999021,0.01,-0.88,-0.46
178000959,0.01,-0.90,-0.46
178003027,0.01,-0.90,-0.46
178005012,0.01,-0.90,-0.46
178007007,0.01,-0.90,-0.46
178009015,0.01,-0.90,-0.46
178011040,0.00,-0.89,-0.52
178013015,0.00,-0.89,-0.52
178015111,0.00,-0.89,-0.52
178017012,0.00,-0.89,-0.52
178019021,0.00,-0.89,-0.52
178021022,-0.09,-0.89,-0.56
178022974,-0.09,-0.89,-0.56
178024971,-0.09,-0.89,-0.56
178026971,-0.09,-0.89,-0.56
178028966,-0.09,-0.89,-0.56
178030969,-0.16,-0.88,-0.44
178033007,-0.16,-0.88,-0.44
178035017,-0.16,-0.88,-0.44
178036971,-0.16,-0.88,-0.44
178038969,-0.16,-0.88,-0.44
178041070,-0.08,-0.86,-0.32
178043033,-0.08,-0.86,-0.32
178045017,-0.08,-0.86,-0.32
178047009,-0.08,-0.86,-0.32
178049028,-0.08,-0.86,-0.32
178051045,-0.05,-0.84,-0.32
178053016,-0.05,-0.84,-0.32
178055007,-0.05,-0.84,-0.32
178057008,-0.05,-0.84,-0.32
178058966,-0.05,-0.84,-0.32
178060969,-0.05,-0.84,-0.32
178063041,-0.02,-0.85,-0.33
178065112,-0.02,-0.85,-0.33
178066974,-0.02,-0.85,-0.33
178068969,-0.02,-0.85,-0.33
178070965,-0.02,-0.85,-0.33
178073020,-0.03,-0.91,-0.38
178074978,-0.03,-0.91,-0.38
178076969,-0.03,-0.91,-0.38
178078967,-0.03,-0.91,-0.38
178080973,-0.03,-0.91,-0.38
178083037,0.00,-0.93,-0.47
178085051,0.00,-0.93,-0.47
178087015,0.00,-0.93,-0.47
178089009,0.00,-0.93,-0.47
178091139,0.00,-0.93,-0.47
178093026,0.03,-0.87,-0.50
178095032,0.03,-0.87,-0.50
178097008,0.03,-0.87,-0.50
178099008,0.03,-0.87,-0.50
178101041,0.03,-0.87,-0.50
178103010,0.02,-0.89,-0.53
178104966,0.02,-0.89,-0.53
178106968,0.02,-0.89,-0.53
178108970,0.02,-0.89,-0.53
178110995,0.02,-0.89,-0.53
178113021,0.01,-0.86,-0.49
178115062,0.01,-0.86,-0.49
178116977,0.01,-0.86,-0.49
178118958,0.01,-0.86,-0.49
178120968,0.01,-0.86,-0.49
178123032,-0.01,-0.87,-0.45
178125014,-0.01,-0.87,-0.45
178127022,-0.01,-0.87,-0.45
178129013,-0.01,-0.87,-0.45
178131011,-0.01,-0.87,-0.45
178133009,-0.01,-0.87,-0.45
178135009,-0.04,-0.82,-0.39
178136974,-0.04,-0.82,-0.39
178138973,-0.04,-0.82,-0.39
178141068,-0.04,-0.82,-0.39
178142981,-0.04,-0.82,-0.39
178145069,-0.00,-0.85,-0.35
178146996,-0.00,-0.85,-0.35
178148968,-0.00,-0.85,-0.35
178150968,-0.00,-0.85,-0.35
178152958,-0.00,-0.85,-0.35
178154996,0.04,-0.89,-0.39
178157009,0.04,-0.89,-0.39
178158969,0.04,-0.89,-0.39
178160966,0.04,-0.89,-0.39
178163032,0.04,-0.89,-0.39
178165116,0.05,-0.91,-0.48
178167016,0.05,-0.91,-0.48
178169019,0.05,-0.91,-0.48
178171080,0.05,-0.91,-0.48
178173029,0.05,-0.91,-0.48
178175014,0.01,-0.91,-0.50
178177008,0.01,-0.91,-0.50
178178993,0.01,-0.91,-0.50
178180968,0.01,-0.91,-0.50
178182981,0.01,-0.91,-0.50
178185047,0.03,-0.86,-0.45
178187019,0.03,-0.86,-0.45
178189000,0.03,-0.86,-0.45
178191088,0.03,-0.86,-0.45
178192979,0.03,-0.86,-0.45
178195020,0.04,-0.87,-0.43
178197011,0.04,-0.87,-0.43
178198972,0.04,-0.87,-0.43
178200966,0.04,-0.87,-0.43
178203030,0.04,-0.87,-0.43
178205015,0.04,-0.87,-0.43
178207009,0.04,-0.88,-0.43
178209008,0.04,-0.88,-0.43
178211035,0.04,-0.88,-0.43
178213020,0.04,-0.88,-0.43
178215114,0.04,-0.88,-0.43
178217008,0.03,-0.85,-0.41
178219027,0.03,-0.85,-0.41
178221044,0.03,-0.85,-0.41
178222979,0.03,-0.85,-0.41
178224968,0.03,-0.85,-0.41
178226967,0.04,-0.86,-0.45
178229005,0.04,-0.86,-0.45
178231010,0.04,-0.86,-0.45
178232970,0.04,-0.86,-0.45
178234959,0.04,-0.86,-0.45
178236969,-0.02,-0.89,-0.41
178238958,-0.02,-0.89,-0.41
178241072,-0.02,-0.89,-0.41
178243037,-0.02,-0.89,-0.41
178245018,-0.02,-0.89,-0.41
178247012,0.02,-0.89,-0.43
178249018,0.02,-0.89,-0.43
178251035,0.02,-0.89,-0.43
178253020,0.02,-0.89,-0.43
178255011,0.02,-0.89,-0.43
178257006,0.04,-0.86,-0.45
178259035,0.04,-0.86,-0.45
178261012,0.04,-0.86,-0.45
178262968,0.04,-0.86,-0.45
178265065,0.04,-0.86,-0.45
178266979,0.04,-0.86,-0.46
178268968,0.04,-0.86,-0.46
178270959,0.04,-0.86,-0.46
178272969,0.04,-0.86,-0.46
178274978,0.04,-0.86,-0.46
178277020,0.03,-0.88,-0.49
178278971,0.03,-0.88,-0.49
178280969,0.03,-0.88,-0.49
178283030,0.03,-0.88,-0.49
178285013,0.03,-0.88,-0.49
178287018,0.03,-0.88,-0.49
178289032,0.01,-0.86,-0.48
178291144,0.01,-0.86,-0.48
178293070,0.01,-0.86,-0.48
178295035,0.01,-0.86,-0.48
178297012,0.01,-0.86,-0.48
178299017,0.01,-0.84,-0.46
178301012,0.01,-0.84,-0.46
178302975,0.01,-0.84,-0.46
178304972,0.01,-0.84,-0.46
178307065,0.01,-0.84,-0.46
178308996,0.00,-0.86,-0.48
178310969,0.00,-0.86,-0.48
178312958,0.00,-0.86,-0.48
178315121,0.00,-0.86,-0.48
178317009,0.00,-0.86,-0.48
178318982,0.01,-0.84,-0.42
178320969,0.01,-0.84,-0.42
178323033,0.01,-0.84,-0.42
178325025,0.01,-0.84,-0.42
178327007,0.01,-0.84,-0.42
178329033,0.02,-0.86,-0.46
178331083,0.02,-0.86,-0.46
178333023,0.02,-0.86,-0.46
178335011,0.02,-0.86,-0.46
178337004,0.02,-0.86,-0.46
178339025,0.00,-0.88,-0.48
178341128,0.00,-0.88,-0.48
178342971,0.00,-0.88,-0.48
178344972,0.00,-0.88,-0.48
178346967,0.00,-0.88,-0.48
178349025,-0.03,-0.90,-0.47
178350984,-0.03,-0.90,-0.47
178352971,-0.03,-0.90,-0.47
178354966,-0.03,-0.90,-0.47
178356970,-0.03,-0.90,-0.47
178358970,-0.03,-0.90,-0.47
178360969,-0.01,-0.89,-0.46
178363032,-0.01,-0.89,-0.46
178365115,-0.01,-0.89,-0.46
178367016,-0.01,-0.89,-0.46
178369031,-0.01,-0.89,-0.46
178371037,0.01,-0.86,-0.42
178373033,0.01,-0.86,-0.42
178375016,0.01,-0.86,-0.42
178377009,0.01,-0.86,-0.42
178379017,0.01,-0.86,-0.42
178381030,-0.03,-0.87,-0.39
178382976,-0.03,-0.87,-0.39
178384966,-0.03,-0.87,-0.39
178386968,-0.03,-0.87,-0.39
178389022,-0.03,-0.87,-0.39
178391110,-0.00,-0.88,-0.41
178392977,-0.00,-0.88,-0.41
178394987,-0.00,-0.88,-0.41
178396968,-0.00,-0.88,-0.41
178398966,-0.00,-0.88,-0.41
178401030,0.00,-0.86,-0.44
178403052,0.00,-0.86,-0.44
178405027,0.00,-0.86,-0.44
178407008,0.00,-0.86,-0.44
178409007,0.00,-0.86,-0.44
178411049,0.01,-0.88,-0.46
178413023,0.01,-0.88,-0.46
178415120,0.01,-0.88,-0.46
178417017,0.01,-0.88,-0.46
178419013,0.01,-0.88,-0.46
178420972,-0.01,-0.90,-0.46
178422968,-0.01,-0.90,-0.46
178424967,-0.01,-0.90,-0.46
178426968,-0.01,-0.90,-0.46
178428967,-0.01,-0.90,-0.46
178430966,-0.01,-0.90,-0.46
178432966,-0.01,-0.91,-0.46
178434974,-0.01,-0.91,-0.46
178436968,-0.01,-0.91,-0.46
178438970,-0.01,-0.91,-0.46
178441052,-0.01,-0.91,-0.46
178443011,0.01,-0.87,-0.43
178445016,0.01,-0.87,-0.43
178447016,0.01,-0.87,-0.43
178449009,0.01,-0.87,-0.43
178451008,0.01,-0.87,-0.43
178453006,0.01,-0.85,-0.42
178454986,0.01,-0.85,-0.42
178456968,0.01,-0.85,-0.42
178458970,0.01,-0.85,-0.42
178461045,0.01,-0.85,-0.42
178463013,-0.02,-0.88,-0.43
178465065,-0.02,-0.88,-0.43
178466977,-0.02,-0.88,-0.43
178468970,-0.02,-0.88,-0.43
178470965,-0.02,-0.88,-0.43
178472970,0.01,-0.90,-0.44
178474966,0.01,-0.90,-0.44
178477018,0.01,-0.90,-0.44
178478968,0.01,-0.90,-0.44
178480959,0.01,-0.90,-0.44
178483034,0.00,-0.88,-0.45
178485011,0.00,-0.88,-0.45
178487015,0.00,-0.88,-0.45
178489029,0.00,-0.88,-0.45
178491147,0.00,-0.88,-0.45
178493045,-0.01,-0.87,-0.48
178495035,-0.01,-0.87,-0.48
178497021,-0.01,-0.87,-0.48
178499009,-0.01,-0.87,-0.48
178501007,-0.01,-0.87,-0.48
178503024,0.00,-0.86,-0.42
178505014,0.00,-0.86,-0.42
178506968,0.00,-0.86,-0.42
178508967,0.00,-0.86,-0.42
178510967,0.00,-0.86,-0.42
178513014,0.00,-0.86,-0.42
178515062,-0.00,-0.89,-0.43
178516975,-0.00,-0.89,-0.43
178518966,-0.00,-0.89,-0.43
178520968,-0.00,-0.89,-0.43
178523030,-0.00,-0.89,-0.43
178525010,-0.05,-0.93,-0.36
178527015,-0.05,-0.93,-0.36
178529031,-0.05,-0.93,-0.36
178531037,-0.05,-0.93,-0.36
178533019,-0.05,-0.93,-0.36
178535011,-0.07,-0.95,-0.43
178537007,-0.07,-0.95,-0.43
178538974,-0.07,-0.95,-0.43
178541078,-0.07,-0.95,-0.43
178542969,-0.07,-0.95,-0.43
178544967,-0.08,-0.88,-0.35
178546968,-0.08,-0.88,-0.35
178549028,-0.08,-0.88,-0.35
178551018,-0.08,-0.88,-0.35
178552966,-0.08,-0.88,-0.35
178554967,-0.04,-0.90,-0.40
178556986,-0.04,-0.90,-0.40
178559020,-0.04,-0.90,-0.40
178560971,-0.04,-0.90,-0.40
178563031,-0.04,-0.90,-0.40
178565113,-0.04,-0.82,-0.39
178567015,-0.04,-0.82,-0.39
178569009,-0.04,-0.82,-0.39
178571041,-0.04,-0.82,-0.39
178573025,-0.04,-0.82,-0.39
178575011,-0.03,-0.87,-0.40
178577006,-0.03,-0.87,-0.40
178579006,-0.03,-0.87,-0.40
178581073,-0.03,-0.87,-0.40
178582997,-0.03,-0.87,-0.40
178584971,-0.03,-0.87,-0.40
178586992,0.00,-0.86,-0.43
178589016,0.00,-0.86,-0.43
178591116,0.00,-0.86,-0.43
178592977,0.00,-0.86,-0.43
178595008,0.00,-0.86,-0.43
178596967,0.01,-0.86,-0.46
178598965,0.01,-0.86,-0.46
178600965,0.01,-0.86,-0.46
178603033,0.01,-0.86,-0.46
178605012,0.01,-0.86,-0.46
178607006,0.04,-0.71,-0.46
178609020,0.04,-0.71,-0.46
178611035,0.04,-0.71,-0.46
178613021,0.04,-0.71,-0.46
178615114,0.04,-0.71,-0.46
178617012,0.04,-0.83,-0.50
178619030,0.04,-0.83,-0.50
178621018,0.04,-0.83,-0.50
178622967,0.04,-0.83,-0.50
178624959,0.04,-0.83,-0.50
178626970,0.06,-0.83,-0.53
178628971,0.06,-0.83,-0.53
178630959,0.06,-0.83,-0.53
178632969,0.06,-0.83,-0.53
178634968,0.06,-0.83,-0.53
178636969,0.07,-0.87,-0.54
178638966,0.07,-0.87,-0.54
178641130,0.07,-0.87,-0.54
178643041,0.07,-0.87,-0.54
178645035,0.07,-0.87,-0.54
178647007,0.06,-0.84,-0.50
178649008,0.06,-0.84,-0.50
178651012,0.06,-0.84,-0.50
178653028,0.06,-0.84,-0.50
178655022,0.06,-0.84,-0.50
178657009,0.06,-0.84,-0.50
178659006,0.08,-0.84,-0.54
178660970,0.08,-0.84,-0.54
178662969,0.08,-0.84,-0.54
178665064,0.08,-0.84,-0.54
178666976,0.08,-0.84,-0.54
178668969,0.10,-0.84,-0.52
178670969,0.10,-0.84,-0.52
178672969,0.10,-0.84,-0.52
178674970,0.10,-0.84,-0.52
178676968,0.10,-0.84,-0.52
178678966,0.06,-0.83,-0.50
178680970,0.06,-0.83,-0.50
178683049,0.06,-0.83,-0.50
178685029,0.06,-0.83,-0.50
178687012,0.06,-0.83,-0.50
178689024,0.05,-0.85,-0.49
178691124,0.05,-0.85,-0.49
178693016,0.05,-0.85,-0.49
178695016,0.05,-0.85,-0.49
178697008,0.05,-0.85,-0.49
178698974,0.04,-0.88,-0.48
178700975,0.04,-0.88,-0.48
178703152,0.04,-0.88,-0.48
178705050,0.04,-0.88,-0.48
178707016,0.04,-0.88,-0.48
178708976,0.07,-0.90,-0.46
178710972,0.07,-0.90,-0.46
178712970,0.07,-0.90,-0.46
178715072,0.07,-0.90,-0.46
178716986,0.07,-0.90,-0.46
178718986,-0.00,-0.85,-0.39
178721019,-0.00,-0.85,-0.39
178723028,-0.00,-0.85,-0.39
178725017,-0.00,-0.85,-0.39
178727011,-0.00,-0.85,-0.39
178729018,-0.04,-0.82,-0.46
178731017,-0.04,-0.82,-0.46
178733014,-0.04,-0.82,-0.46
178735012,-0.04,-0.82,-0.46
178736979,-0.04,-0.82,-0.46
178738978,-0.04,-0.82,-0.46
178741079,-0.02,-0.84,-0.45
178742974,-0.02,-0.84,-0.45
178744971,-0.02,-0.84,-0.45
178747066,-0.02,-0.84,-0.45
178749006,-0.02,-0.84,-0.45
178750977,0.00,-0.91,-0.48
178752980,0.00,-0.91,-0.48
178754979,0.00,-0.91,-0.48
178756981,0.00,-0.91,-0.48
178759017,0.00,-0.91,-0.48
178760971,0.02,-0.86,-0.50
178763036,0.02,-0.86,-0.50
178765122,0.02,-0.86,-0.50
178767015,0.02,-0.86,-0.50
178769038,0.02,-0.86,-0.50
178771042,0.02,-0.88,-0.51
178773024,0.02,-0.88,-0.51
178775015,0.02,-0.88,-0.51
178777015,0.02,-0.88,-0.51
178779011,0.02,-0.88,-0.51
178780974,0.01,-0.87,-0.48
178783050,0.01,-0.87,-0.48
178785006,0.01,-0.87,-0.48
178786979,0.01,-0.87,-0.48
178789007,0.01,-0.87,-0.48
178791082,0.01,-0.87,-0.47
178792988,0.01,-0.87,-0.47
178795022,0.01,-0.87,-0.47
178796978,0.01,-0.87,-0.47
178799008,0.01,-0.87,-0.47
178800970,0.00,-0.86,-0.44
178803027,0.00,-0.86,-0.44
178805016,0.00,-0.86,-0.44
178807019,0.00,-0.86,-0.44
178809015,0.00,-0.86,-0.44
178811011,0.00,-0.86,-0.44
178813012,0.00,-0.85,-0.42
178815130,0.00,-0.85,-0.42
178817044,0.00,-0.85,-0.42
178819014,0.00,-0.85,-0.42
178820974,0.00,-0.85,-0.42
178822985,-0.00,-0.85,-0.45
178824993,-0.00,-0.85,-0.45
178827058,-0.00,-0.85,-0.45
178828997,-0.00,-0.85,-0.45
178830971,-0.00,-0.85,-0.45
178833003,0.00,-0.86,-0.45
178835017,0.00,-0.86,-0.45
178836970,0.00,-0.86,-0.45
178838967,0.00,-0.86,-0.45
178841076,0.00,-0.86,-0.45
178843058,0.01,-0.87,-0.47
178845016,0.01,-0.87,-0.47
178847017,0.01,-0.87,-0.47
178849026,0.01,-0.87,-0.47
178851049,0.01,-0.87,-0.47
178853025,0.02,-0.88,-0.49
178855015,0.02,-0.88,-0.49
178857013,0.02,-0.88,-0.49
178859040,0.02,-0.88,-0.49
178861017,0.02,-0.88,-0.49
178862976,0.01,-0.88,-0.49
178865069,0.01,-0.88,-0.49
178866981,0.01,-0.88,-0.49
178868972,0.01,-0.88,-0.49
178870975,0.01,-0.88,-0.49
178872989,0.01,-0.87,-0.47
178875021,0.01,-0.87,-0.47
178876977,0.01,-0.87,-0.47
178878971,0.01,-0.87,-0.47
178880976,0.01,-0.87,-0.47
178883035,0.01,-0.87,-0.47
178885014,0.00,-0.86,-0.45
178887017,0.00,-0.86,-0.45
178889057,0.00,-0.86,-0.45
178891134,0.00,-0.86,-0.45
178893025,0.00,-0.86,-0.45
178895020,0.00,-0.86,-0.45
178897017,0.00,-0.86,-0.45
178899013,0.00,-0.86,-0.45
178901024,0.00,-0.86,-0.45
178902979,0.00,-0.86,-0.45
178905069,0.00,-0.86,-0.44
178907014,0.00,-0.86,-0.44
178908995,0.00,-0.86,-0.44
178910970,0.00,-0.86,-0.44
178912978,0.00,-0.86,-0.44
178915128,0.00,-0.87,-0.47
178916972,0.00,-0.87,-0.47
178918969,0.00,-0.87,-0.47
178920959,0.00,-0.87,-0.47
178923029,0.00,-0.87,-0.47
178925016,0.02,-0.88,-0.50
178927009,0.02,-0.88,-0.50
178929010,0.02,-0.88,-0.50
178931010,0.02,-0.88,-0.50
178933031,0.02,-0.88,-0.50
178935068,0.01,-0.85,-0.47
178937022,0.01,-0.85,-0.47
178938972,0.01,-0.85,-0.47
178941073,0.01,-0.85,-0.47
178942968,0.01,-0.85,-0.47
178945025,0.00,-0.86,-0.43
178947017,0.00,-0.86,-0.43
178948967,0.00,-0.86,-0.43
178950959,0.00,-0.86,-0.43
178953020,0.00,-0.86,-0.43
178954970,0.00,-0.86,-0.48
178956967,0.00,-0.86,-0.48
178958971,0.00,-0.86,-0.48
178960971,0.00,-0.86,-0.48
178963030,0.00,-0.86,-0.48
178965115,0.00,-0.86,-0.48
178967019,0.01,-0.87,-0.49
178969042,0.01,-0.87,-0.49
178971025,0.01,-0.87,-0.49
178973022,0.01,-0.87,-0.49
178975013,0.01,-0.87,-0.49
178977008,0.00,-0.86,-0.45
178979040,0.00,-0.86,-0.45
178981015,0.00,-0.86,-0.45
178982970,0.00,-0.86,-0.45
178984972,0.00,-0.86,-0.45
178986968,0.00,-0.86,-0.45
178989010,0.00,-0.86,-0.45
178991087,0.00,-0.86,-0.45
178992986,0.00,-0.86,-0.45
178995022,0.00,-0.86,-0.45
178996972,0.01,-0.87,-0.49
178998959,0.01,-0.87,-0.49
179000958,0.01,-0.87,-0.49
179003048,0.01,-0.87,-0.49
179005024,0.01,-0.87,-0.49
179007013,0.01,-0.87,-0.45
179009012,0.01,-0.87,-0.45
179011008,0.01,-0.87,-0.45
179013009,0.01,-0.87,-0.45
179015103,0.01,-0.87,-0.45
179016975,0.00,-0.86,-0.47
179018969,0.00,-0.86,-0.47
179021004,0.00,-0.86,-0.47
179023053,0.00,-0.86,-0.47
179024997,0.00,-0.86,-0.47
179026968,0.02,-0.88,-0.45
179028971,0.02,-0.88,-0.45
179030971,0.02,-0.88,-0.45
179032967,0.02,-0.88,-0.45
179034967,0.02,-0.88,-0.45
179036967,0.02,-0.88,-0.45
179038959,0.01,-0.87,-0.47
179041070,0.01,-0.87,-0.47
179043017,0.01,-0.87,-0.47
179045015,0.01,-0.87,-0.47
179047013,0.01,-0.87,-0.47
179049012,0.01,-0.85,-0.46
179051007,0.01,-0.85,-0.46
179053005,0.01,-0.85,-0.46
179054971,0.01,-0.85,-0.46
179056969,0.01,-0.85,-0.46
179058971,0.00,-0.84,-0.47
179061001,0.00,-0.84,-0.47
179063050,0.00,-0.84,-0.47
179065098,0.00,-0.84,-0.47
179066980,0.00,-0.84,-0.47
179068967,0.00,-0.86,-0.50
179070970,0.00,-0.86,-0.50
179073002,0.00,-0.86,-0.50
179075015,0.00,-0.86,-0.50
179076968,0.00,-0.86,-0.50
179078968,0.01,-0.86,-0.50
179080959,0.01,-0.86,-0.50
179083026,0.01,-0.86,-0.50
179085012,0.01,-0.86,-0.50
179087011,0.01,-0.86,-0.50
179089048,0.02,-0.87,-0.43
179091138,0.02,-0.87,-0.43
179093021,0.02,-0.87,-0.43
179095016,0.02,-0.87,-0.43
179097009,0.02,-0.87,-0.43
179099060,0.00,-0.86,-0.44
179101028,0.00,-0.86,-0.44
179102972,0.00,-0.86,-0.44
179104966,0.00,-0.86,-0.44
179106969,0.00,-0.86,-0.44
179108970,0.00,-0.86,-0.44
179110972,0.00,-0.86,-0.46
179112968,0.00,-0.86,-0.46
179115062,0.00,-0.86,-0.46
179117037,0.00,-0.86,-0.46
179119019,0.00,-0.86,-0.46
179120968,0.02,-0.88,-0.46
179123021,0.02,-0.88,-0.46
179125044,0.02,-0.88,-0.46
179127024,0.02,-0.88,-0.46
179129012,0.02,-0.88,-0.46
179131015,0.02,-0.86,-0.48
179133037,0.02,-0.86,-0.48
179135021,0.02,-0.86,-0.48
179137006,0.02,-0.86,-0.48
179139013,0.02,-0.86,-0.48
179141077,0.00,-0.86,-0.46
179142968,0.00,-0.86,-0.46
179145035,0.00,-0.86,-0.46
179147018,0.00,-0.86,-0.46
179148972,0.00,-0.86,-0.46
179150959,0.01,-0.87,-0.46
179152971,0.01,-0.87,-0.46
179155019,0.01,-0.87,-0.46
179156970,0.01,-0.87,-0.46
179158968,0.01,-0.87,-0.46
179160968,0.01,-0.86,-0.48
179163028,0.01,-0.86,-0.48
179165118,0.01,-0.86,-0.48
179167020,0.01,-0.86,-0.48
179169010,0.01,-0.86,-0.48
179171063,0.01,-0.87,-0.47
179173027,0.01,-0.87,-0.47
179175013,0.01,-0.87,-0.47
179177011,0.01,-0.87,-0.47
179179035,0.01,-0.87,-0.47
179181020,0.01,-0.86,-0.46
179182969,0.01,-0.86,-0.46
179184970,0.01,-0.86,-0.46
179186969,0.01,-0.86,-0.46
179189014,0.01,-0.86,-0.46
179191119,0.01,-0.86,-0.46
179192974,0.01,-0.87,-0.46
179194989,0.01,-0.87,-0.46
179196969,0.01,-0.87,-0.46
179198968,0.01,-0.87,-0.46
179200969,0.01,-0.87,-0.46
179203027,0.01,-0.86,-0.45
179205015,0.01,-0.86,-0.45
179207016,0.01,-0.86,-0.45
179209039,0.01,-0.86,-0.45
179211007,0.01,-0.86,-0.45
179213011,0.01,-0.86,-0.47
179215104,0.01,-0.86,-0.47
179217007,0.01,-0.86,-0.47
179219052,0.01,-0.86,-0.47
179220995,0.01,-0.86,-0.47
179222967,0.01,-0.86,-0.49
179224971,0.01,-0.86,-0.49
179226968,0.01,-0.86,-0.49
179228959,0.01,-0.86,-0.49
179230969,0.01,-0.86,-0.49
179232967,0.01,-0.87,-0.48
179234991,0.01,-0.87,-0.48
179237020,0.01,-0.87,-0.48
179238968,0.01,-0.87,-0.48
179241077,0.01,-0.87,-0.48
179243050,0.02,-0.87,-0.46
179245016,0.02,-0.87,-0.46
179247010,0.02,-0.87,-0.46
179249011,0.02,-0.87,-0.46
179251052,0.02,-0.87,-0.46
179253020,0.01,-0.87,-0.46
179255011,0.01,-0.87,-0.46
179257010,0.01,-0.87,-0.46
179258995,0.01,-0.87,-0.46
179260970,0.01,-0.87,-0.46
179262975,0.01,-0.87,-0.46
179265079,0.00,-0.86,-0.45
179267042,0.00,-0.86,-0.45
179268996,0.00,-0.86,-0.45
179270969,0.00,-0.86,-0.45
179272958,0.00,-0.86,-0.45
179274969,0.02,-0.87,-0.46
179276967,0.02,-0.87,-0.46
179278968,0.02,-0.87,-0.46
179280967,0.02,-0.87,-0.46
179283019,0.02,-0.87,-0.46
179285008,0.02,-0.88,-0.47
179287011,0.02,-0.88,-0.47
179289025,0.02,-0.88,-0.47
179291116,0.02,-0.88,-0.47
179293018,0.02,-0.88,-0.47
179295057,0.02,-0.87,-0.48
179297018,0.02,-0.87,-0.48
179298977,0.02,-0.87,-0.48
179300975,0.02,-0.87,-0.48
179302967,0.02,-0.87,-0.48
179304969,0.00,-0.86,-0.48
179306979,0.00,-0.86,-0.48
179308975,0.00,-0.86,-0.48
179310967,0.00,-0.86,-0.48
179313010,0.00,-0.86,-0.48
179315063,0.00,-0.85,-0.45
179317010,0.00,-0.85,-0.45
179319042,0.00,-0.85,-0.45
179320996,0.00,-0.85,-0.45
179323026,0.00,-0.85,-0.45
179325021,0.00,-0.86,-0.48
179327022,0.00,-0.86,-0.48
179329029,0.00,-0.86,-0.48
179331015,0.00,-0.86,-0.48
179333012,0.00,-0.86,-0.48
179335012,0.00,-0.86,-0.48
179337008,0.01,-0.87,-0.47
179338971,0.01,-0.87,-0.47
179341079,0.01,-0.87,-0.47
179342971,0.01,-0.87,-0.47
179344970,0.01,-0.87,-0.47
179346971,0.00,-0.86,-0.45
179348967,0.00,-0.86,-0.45
179350969,0.00,-0.86,-0.45
179352968,0.00,-0.86,-0.45
179354968,0.00,-0.86,-0.45
179356971,0.01,-0.87,-0.47
179358970,0.01,-0.87,-0.47
179360968,0.01,-0.87,-0.47
179363013,0.01,-0.87,-0.47
179365098,0.01,-0.87,-0.47
179367113,0.01,-0.87,-0.45
179369026,0.01,-0.87,-0.45
179371007,0.01,-0.87,-0.45
179373018,0.01,-0.87,-0.45
179375013,0.01,-0.87,-0.45
179377029,0.01,-0.86,-0.46
179379041,0.01,-0.86,-0.46
179380991,0.01,-0.86,-0.46
179382970,0.01,-0.86,-0.46
179384971,0.01,-0.86,-0.46
179386992,0.01,-0.86,-0.46
179389031,0.01,-0.86,-0.46
179391079,0.01,-0.86,-0.46
179392980,0.01,-0.86,-0.46
179394987,0.01,-0.86,-0.46
179396967,0.00,-0.86,-0.45
179398967,0.00,-0.86,-0.45
179400967,0.00,-0.86,-0.45
179403033,0.00,-0.86,-0.45
179405013,0.00,-0.86,-0.45
179407011,0.00,-0.87,-0.46
179409008,0.00,-0.87,-0.46
179411013,0.00,-0.87,-0.46
179413035,0.00,-0.87,-0.46
179415126,0.00,-0.87,-0.46
179417029,0.00,-0.87,-0.46
179419007,0.01,-0.87,-0.47
179420972,0.01,-0.87,-0.47
179422971,0.01,-0.87,-0.47
179424991,0.01,-0.87,-0.47
179427049,0.01,-0.87,-0.47
179428979,0.01,-0.87,-0.48
179430970,0.01,-0.87,-0.48
179432968,0.01,-0.87,-0.48
179435015,0.01,-0.87,-0.48
179437010,0.01,-0.87,-0.48
179438975,0.01,-0.86,-0.46
179441079,0.01,-0.86,-0.46
179443040,0.01,-0.86,-0.46
179445018,0.01,-0.86,-0.46
179447011,0.01,-0.86,-0.46
179449016,0.02,-0.88,-0.45
179451043,0.02,-0.88,-0.45
179453022,0.02,-0.88,-0.45
179455008,0.02,-0.88,-0.45
179457007,0.02,-0.88,-0.45
179458984,0.00,-0.86,-0.44
179461058,0.00,-0.86,-0.44
179462996,0.00,-0.86,-0.44
179465063,0.00,-0.86,-0.44
179466971,0.00,-0.86,-0.44
179468966,0.00,-0.86,-0.44
179470969,0.00,-0.86,-0.44
179472978,0.00,-0.86,-0.44
179475016,0.00,-0.86,-0.44
179476966,0.00,-0.86,-0.44
179479007,0.00,-0.86,-0.44
179480966,0.00,-0.86,-0.44
179483029,0.00,-0.86,-0.44
179485014,0.00,-0.86,-0.44
179487010,0.00,-0.86,-0.44
179489031,0.00,-0.86,-0.44
179491180,0.00,-0.86,-0.46
179493032,0.00,-0.86,-0.46
179495017,0.00,-0.86,-0.46
179497012,0.00,-0.86,-0.46
179499006,0.00,-0.86,-0.46
179500968,0.01,-0.88,-0.50
179502986,0.01,-0.88,-0.50
179505040,0.01,-0.88,-0.50
179506990,0.01,-0.88,-0.50
179508967,0.01,-0.88,-0.50
179510967,0.02,-0.88,-0.48
179512970,0.02,-0.88,-0.48
179515119,0.02,-0.88,-0.48
179517046,0.02,-0.88,-0.48
179518980,0.02,-0.88,-0.48
179520969,0.02,-0.88,-0.46
179523029,0.02,-0.88,-0.46
179525011,0.02,-0.88,-0.46
179527010,0.02,-0.88,-0.46
179529019,0.02,-0.88,-0.46
179531017,0.00,-0.87,-0.45
179533008,0.00,-0.87,-0.45
179535094,0.00,-0.87,-0.45
179537033,0.00,-0.87,-0.45
179538968,0.00,-0.87,-0.45
179541075,0.00,-0.87,-0.41
179542969,0.00,-0.87,-0.41
179544979,0.00,-0.87,-0.41
179547043,0.00,-0.87,-0.41
179548998,0.00,-0.87,-0.41
179550968,-0.01,-0.85,-0.44
179552980,-0.01,-0.85,-0.44
179555015,-0.01,-0.85,-0.44
179556967,-0.01,-0.85,-0.44
179558958,-0.01,-0.85,-0.44
179560958,-0.01,-0.85,-0.44
179563037,-0.00,-0.86,-0.42
179565118,-0.00,-0.86,-0.42
179567018,-0.00,-0.86,-0.42
179569021,-0.00,-0.86,-0.42
179571057,-0.00,-0.86,-0.42
179573031,0.01,-0.88,-0.47
179575015,0.01,-0.88,-0.47
179577007,0.01,-0.88,-0.47
179579014,0.01,-0.88,-0.47
179581039,0.01,-0.88,-0.47
179582989,0.01,-0.88,-0.48
179584969,0.01,-0.88,-0.48
179586990,0.01,-0.88,-0.48
179589007,0.01,-0.88,-0.48
179591075,0.01,-0.88,-0.48
179592982,0.01,-0.87,-0.47
179595035,0.01,-0.87,-0.47
179596996,0.01,-0.87,-0.47
179598967,0.01,-0.87,-0.47
179600966,0.01,-0.87,-0.47
179603029,0.01,-0.88,-0.48
179605014,0.01,-0.88,-0.48
179607014,0.01,-0.88,-0.48
179609017,0.01,-0.88,-0.48
179611018,0.01,-0.88,-0.48
179613015,0.01,-0.88,-0.44
179615110,0.01,-0.88,-0.44
179616982,0.01,-0.88,-0.44
179619023,0.01,-0.88,-0.44
179621038,0.01,-0.88,-0.44
179622987,0.00,-0.87,-0.43
179624973,0.00,-0.87,-0.43
179626966,0.00,-0.87,-0.43
179628971,0.00,-0.87,-0.43
179630967,0.00,-0.87,-0.43
179632967,-0.00,-0.87,-0.42
179634971,-0.00,-0.87,-0.42
179636968,-0.00,-0.87,-0.42
179638967,-0.00,-0.87,-0.42
179641070,-0.00,-0.87,-0.42
179643027,-0.00,-0.87,-0.42
179645017,-0.01,-0.86,-0.43
179647008,-0.01,-0.86,-0.43
179649009,-0.01,-0.86,-0.43
179651014,-0.01,-0.86,-0.43
179653084,-0.01,-0.86,-0.43
179655022,-0.00,-0.86,-0.43
179657005,-0.00,-0.86,-0.43
179658969,-0.00,-0.86,-0.43
179660971,-0.00,-0.86,-0.43
179663035,-0.00,-0.86,-0.43
179665116,-0.00,-0.87,-0.46
179666975,-0.00,-0.87,-0.46
179668968,-0.00,-0.87,-0.46
179670987,-0.00,-0.87,-0.46
179673019,-0.00,-0.87,-0.46
179674974,0.02,-0.89,-0.45
179676969,0.02,-0.89,-0.45
179678958,0.02,-0.89,-0.45
179680966,0.02,-0.89,-0.45
179683033,0.02,-0.89,-0.45
179685011,-0.00,-0.87,-0.45
179687011,-0.00,-0.87,-0.45
179689034,-0.00,-0.87,-0.45
179691117,-0.00,-0.87,-0.45
179693015,-0.00,-0.87,-0.45
179695017,0.01,-0.88,-0.47
179696995,0.01,-0.88,-0.47
179698966,0.01,-0.88,-0.47
179700971,0.01,-0.88,-0.47
179702967,0.01,-0.88,-0.47
179704971,-0.02,-0.87,-0.42
179706966,-0.02,-0.87,-0.42
179708970,-0.02,-0.87,-0.42
179710971,-0.02,-0.87,-0.42
179712973,-0.02,-0.87,-0.42
179715044,-0.02,-0.87,-0.42
179716971,-0.02,-0.86,-0.48
179718977,-0.02,-0.86,-0.48
179721014,-0.02,-0.86,-0.48
179723016,-0.02,-0.86,-0.48
179725011,-0.02,-0.86,-0.48
179727007,-0.02,-0.86,-0.43
179729010,-0.02,-0.86,-0.43
179731009,-0.02,-0.86,-0.43
179733007,-0.02,-0.86,-0.43
179734969,-0.02,-0.86,-0.43
179736972,-0.00,-0.89,-0.45
179738969,-0.00,-0.89,-0.45
179741056,-0.00,-0.89,-0.45
179742971,-0.00,-0.89,-0.45
179744967,-0.00,-0.89,-0.45
179746967,-0.01,-0.88,-0.45
179748966,-0.01,-0.88,-0.45
179750969,-0.01,-0.88,-0.45
179752971,-0.01,-0.88,-0.45
179754968,-0.01,-0.88,-0.45
179756970,-0.02,-0.88,-0.43
179758968,-0.02,-0.88,-0.43
179760971,-0.02,-0.88,-0.43
179763011,-0.02,-0.88,-0.43
179765091,-0.02,-0.88,-0.43
179767012,-0.01,-0.87,-0.43
179769012,-0.01,-0.87,-0.43
179771031,-0.01,-0.87,-0.43
179773009,-0.01,-0.87,-0.43
179775004,-0.01,-0.87,-0.43
179776967,-0.02,-0.86,-0.44
179778970,-0.02,-0.86,-0.44
179780970,-0.02,-0.86,-0.44
179782969,-0.02,-0.86,-0.44
179784967,-0.02,-0.86,-0.44
179786971,-0.02,-0.86,-0.44
179789012,-0.00,-0.86,-0.45
179791074,-0.00,-0.86,-0.45
179792972,-0.00,-0.86,-0.45
179794985,-0.00,-0.86,-0.45
179796970,-0.00,-0.86,-0.45
179798966,-0.02,-0.88,-0.45
179800968,-0.02,-0.88,-0.45
179803015,-0.02,-0.88,-0.45
179805008,-0.02,-0.88,-0.45
179807008,-0.02,-0.88,-0.45
179809007,-0.00,-0.88,-0.43
179811008,-0.00,-0.88,-0.43
179813006,-0.00,-0.88,-0.43
179815045,-0.00,-0.88,-0.43
179816970,-0.00,-0.88,-0.43
179818968,0.02,-0.88,-0.40
179820971,0.02,-0.88,-0.40
179822969,0.02,-0.88,-0.40
179824974,0.02,-0.88,-0.40
179826968,0.02,-0.88,-0.40
179828967,0.02,-0.89,-0.40
179830976,0.02,-0.89,-0.40
179832974,0.02,-0.89,-0.40
179834971,0.02,-0.89,-0.40
179836973,0.02,-0.89,-0.40
179838968,0.02,-0.89,-0.38
179841031,0.02,-0.89,-0.38
179843018,0.02,-0.89,-0.38
179845013,0.02,-0.89,-0.38
179847008,0.02,-0.89,-0.38
179849008,0.02,-0.89,-0.39
179851006,0.02,-0.89,-0.39
179853006,0.02,-0.89,-0.39
179854969,0.02,-0.89,-0.39
179856971,0.02,-0.89,-0.39
179858970,0.01,-0.89,-0.39
179860970,0.01,-0.89,-0.39
179862969,0.01,-0.89,-0.39
179865043,0.01,-0.89,-0.39
179866976,0.01,-0.89,-0.39
179868968,0.01,-0.89,-0.39
179870970,0.00,-0.88,-0.43
179872968,0.00,-0.88,-0.43
179874968,0.00,-0.88,-0.43
179876972,0.00,-0.88,-0.43
179878970,0.00,-0.88,-0.43
179880974,0.00,-0.89,-0.44
179883011,0.00,-0.89,-0.44
179885026,0.00,-0.89,-0.44
179887010,0.00,-0.89,-0.44
179889005,0.00,-0.89,-0.44
179891057,0.00,-0.89,-0.46
179892951,0.00,-0.89,-0.46
179894980,0.00,-0.89,-0.46
179896956,0.00,-0.89,-0.46
179898947,0.00,-0.89,-0.46
179900948,-0.00,-0.88,-0.46
179902952,-0.00,-0.88,-0.46
179904946,-0.00,-0.88,-0.46
179906949,-0.00,-0.88,-0.46
179908947,-0.00,-0.88,-0.46
179910948,0.00,-0.88,-0.45
179912948,0.00,-0.88,-0.45
179914949,0.00,-0.88,-0.45
179916955,0.00,-0.88,-0.45
179918946,0.00,-0.88,-0.45
179920948,0.00,-0.88,-0.42
179922949,0.00,-0.88,-0.42
179924947,0.00,-0.88,-0.42
179926948,0.00,-0.88,-0.42
179928952,0.00,-0.88,-0.42
179930950,-0.03,-0.86,-0.43
180959049,-0.06,-0.90,-0.42
180961033,-0.06,-0.90,-0.42
180963032,-0.06,-0.90,-0.42
180965115,-0.06,-0.90,-0.42
180967019,-0.06,-0.90,-0.42
180969016,-0.05,-0.91,-0.42
180971018,-0.05,-0.91,-0.42
180973014,-0.05,-0.91,-0.42
180975014,-0.05,-0.91,-0.42
180977018,-0.05,-0.91,-0.42
180979090,-0.06,-0.91,-0.36
180980996,-0.06,-0.91,-0.36
180982972,-0.06,-0.91,-0.36
180984967,-0.06,-0.91,-0.36
180986970,-0.06,-0.91,-0.36
180989007,-0.09,-0.84,-0.27
180991118,-0.09,-0.84,-0.27
180992972,-0.09,-0.84,-0.27
180994988,-0.09,-0.84,-0.27
180996971,-0.09,-0.84,-0.27
180999031,-0.09,-0.84,-0.27
181001014,-0.08,-0.92,-0.37
181003008,-0.08,-0.92,-0.37
181005011,-0.08,-0.92,-0.37
181007015,-0.08,-0.92,-0.37
181009080,-0.08,-0.92,-0.37
181011023,-0.09,-0.92,-0.30
181013006,-0.09,-0.92,-0.30
181015066,-0.09,-0.92,-0.30
181016979,-0.09,-0.92,-0.30
181018969,-0.09,-0.92,-0.30
181020995,-0.11,-0.95,-0.25
181023039,-0.11,-0.95,-0.25
181024988,-0.11,-0.95,-0.25
181026968,-0.11,-0.95,-0.25
181028967,-0.11,-0.95,-0.25
181030974,-0.11,-0.99,-0.26
181033021,-0.11,-0.99,-0.26
181034971,-0.11,-0.99,-0.26
181036968,-0.11,-0.99,-0.26
181039031,-0.11,-0.99,-0.26
181041109,-0.13,-1.07,-0.25
181043016,-0.13,-1.07,-0.25
181045011,-0.13,-1.07,-0.25
181047048,-0.13,-1.07,-0.25
181049039,-0.13,-1.07,-0.25
181051032,-0.13,-0.91,-0.25
181053024,-0.13,-0.91,-0.25
181055007,-0.13,-0.91,-0.25
181056971,-0.13,-0.91,-0.25
181058971,-0.13,-0.91,-0.25
181060968,-0.12,-0.96,-0.21
181062980,-0.12,-0.96,-0.21
181065130,-0.12,-0.96,-0.21
181067005,-0.12,-0.96,-0.21
181068967,-0.12,-0.96,-0.21
181070970,-0.12,-0.96,-0.21
181073023,-0.13,-0.95,-0.25
181074981,-0.13,-0.95,-0.25
181076986,-0.13,-0.95,-0.25
181079034,-0.13,-0.95,-0.25
181081016,-0.13,-0.95,-0.25
181083009,-0.14,-0.93,-0.23
181085007,-0.14,-0.93,-0.23
181087050,-0.14,-0.93,-0.23
181089045,-0.14,-0.93,-0.23
181091139,-0.14,-0.93,-0.23
181093019,-0.14,-0.97,-0.19
181095019,-0.14,-0.97,-0.19
181097053,-0.14,-0.97,-0.19
181099002,-0.14,-0.97,-0.19
181100967,-0.14,-0.97,-0.19
181102972,-0.17,-0.94,-0.17
181104968,-0.17,-0.94,-0.17
181107026,-0.17,-0.94,-0.17
181108992,-0.17,-0.94,-0.17
181110967,-0.17,-0.94,-0.17
181112967,-0.16,-0.94,-0.19
181115061,-0.16,-0.94,-0.19
181116974,-0.16,-0.94,-0.19
181119032,-0.16,-0.94,-0.19
181121010,-0.16,-0.94,-0.19
181123009,-0.16,-0.96,-0.21
181125011,-0.16,-0.96,-0.21
181127044,-0.16,-0.96,-0.21
181129041,-0.16,-0.96,-0.21
181131015,-0.16,-0.96,-0.21
181133012,-0.17,-0.96,-0.18
181134982,-0.17,-0.96,-0.18
181136968,-0.17,-0.96,-0.18
181138969,-0.17,-0.96,-0.18
181141071,-0.17,-0.96,-0.18
181142974,-0.17,-0.96,-0.18
181144969,-0.20,-0.96,-0.13
181146968,-0.20,-0.96,-0.13
181148967,-0.20,-0.96,-0.13
181150967,-0.20,-0.96,-0.13
181152978,-0.20,-0.96,-0.13
181155009,-0.21,-0.97,-0.13
181157007,-0.21,-0.97,-0.13
181159042,-0.21,-0.97,-0.13
181161029,-0.21,-0.97,-0.13
181163009,-0.21,-0.97,-0.13
181165108,-0.21,-0.96,-0.18
181167115,-0.21,-0.96,-0.18
181169033,-0.21,-0.96,-0.18
181171009,-0.21,-0.96,-0.18
181173005,-0.21,-0.96,-0.18
181175000,-0.20,-0.94,-0.17
181177036,-0.20,-0.94,-0.17
181178995,-0.20,-0.94,-0.17
181180969,-0.20,-0.94,-0.17
181182966,-0.20,-0.94,-0.17
181184976,-0.21,-0.93,-0.12
181187021,-0.21,-0.93,-0.12
181188972,-0.21,-0.93,-0.12
181191109,-0.21,-0.93,-0.12
181192971,-0.21,-0.93,-0.12
181194987,-0.17,-0.91,-0.16
181196967,-0.17,-0.91,-0.16
181198969,-0.17,-0.91,-0.16
181201032,-0.17,-0.91,-0.16
181203016,-0.17,-0.91,-0.16
181205009,-0.18,-0.89,-0.27
181207012,-0.18,-0.89,-0.27
181209010,-0.18,-0.89,-0.27
181211014,-0.18,-0.89,-0.27
181213049,-0.18,-0.89,-0.27
181215118,-0.20,-0.89,-0.21
181216976,-0.20,-0.89,-0.21
181218967,-0.20,-0.89,-0.21
181220967,-0.20,-0.89,-0.21
181223031,-0.20,-0.89,-0.21
181225015,-0.20,-0.89,-0.21
181226973,-0.22,-0.89,-0.12
181228968,-0.22,-0.89,-0.12
181231021,-0.22,-0.89,-0.12
181233003,-0.22,-0.89,-0.12
181234967,-0.22,-0.89,-0.12
181236959,-0.25,-0.89,-0.10
181238970,-0.25,-0.89,-0.10
181241136,-0.25,-0.89,-0.10
181243012,-0.25,-0.89,-0.10
181245012,-0.25,-0.89,-0.10
181247011,-0.27,-0.89,-0.10
181249020,-0.27,-0.89,-0.10
181251014,-0.27,-0.89,-0.10
181253005,-0.27,-0.89,-0.10
181254982,-0.27,-0.89,-0.10
181257006,-0.28,-0.94,-0.08
181258972,-0.28,-0.94,-0.08
181260969,-0.28,-0.94,-0.08
181262968,-0.28,-0.94,-0.08
181265050,-0.28,-0.94,-0.08
181266974,-0.29,-0.91,-0.14
181268976,-0.29,-0.91,-0.14
181270969,-0.29,-0.91,-0.14
181272978,-0.29,-0.91,-0.14
181274969,-0.29,-0.91,-0.14
181276959,-0.33,-0.91,-0.12
181278972,-0.33,-0.91,-0.12
181281016,-0.33,-0.91,-0.12
181283012,-0.33,-0.91,-0.12
181285008,-0.33,-0.91,-0.12
181287008,-0.34,-0.91,-0.09
181289011,-0.34,-0.91,-0.09
181291112,-0.34,-0.91,-0.09
181292981,-0.34,-0.91,-0.09
181294988,-0.34,-0.91,-0.09
181296967,-0.34,-0.91,-0.09
181298969,-0.33,-0.91,-0.04
181300970,-0.33,-0.91,-0.04
181302975,-0.33,-0.91,-0.04
181304974,-0.33,-0.91,-0.04
181306971,-0.33,-0.91,-0.04
181308970,-0.33,-0.91,0.00
181310975,-0.33,-0.91,0.00
181312974,-0.33,-0.91,0.00
181315033,-0.33,-0.91,0.00
181316976,-0.33,-0.91,0.00
181318979,-0.31,-0.91,-0.05
181321037,-0.31,-0.91,-0.05
181323052,-0.31,-0.91,-0.05
181325035,-0.31,-0.91,-0.05
181327009,-0.31,-0.91,-0.05
181329009,-0.34,-0.86,-0.07
181331009,-0.34,-0.86,-0.07
181333006,-0.34,-0.86,-0.07
181335004,-0.34,-0.86,-0.07
181336969,-0.34,-0.86,-0.07
181338979,-0.38,-0.83,-0.04
181341148,-0.38,-0.83,-0.04
181343009,-0.38,-0.83,-0.04
181344969,-0.38,-0.83,-0.04
181346966,-0.38,-0.83,-0.04
181348958,-0.36,-0.86,-0.05
181350969,-0.36,-0.86,-0.05
181352975,-0.36,-0.86,-0.05
181355019,-0.36,-0.86,-0.05
181356993,-0.36,-0.86,-0.05
181359000,-0.39,-0.86,-0.04
181361033,-0.39,-0.86,-0.04
181363013,-0.39,-0.86,-0.04
181365107,-0.39,-0.86,-0.04
181367022,-0.39,-0.86,-0.04
181369029,-0.39,-0.86,-0.04
181371027,-0.42,-0.85,-0.07
181373007,-0.42,-0.85,-0.07
181375006,-0.42,-0.85,-0.07
181377016,-0.42,-0.85,-0.07
181379033,-0.42,-0.85,-0.07
181380984,-0.43,-0.89,-0.05
181382973,-0.43,-0.89,-0.05
181384967,-0.43,-0.89,-0.05
181386973,-0.43,-0.89,-0.05
181389016,-0.43,-0.89,-0.05
181391107,-0.42,-0.86,0.01
181392979,-0.42,-0.86,0.01
181394988,-0.42,-0.86,0.01
181396970,-0.42,-0.86,0.01
181398968,-0.42,-0.86,0.01
181401028,-0.43,-0.80,-0.04
181403014,-0.43,-0.80,-0.04
181405009,-0.43,-0.80,-0.04
181407017,-0.43,-0.80,-0.04
181409046,-0.43,-0.80,-0.04
181411029,-0.47,-0.86,-0.05
181413012,-0.47,-0.86,-0.05
181415103,-0.47,-0.86,-0.05
181416979,-0.47,-0.86,-0.05
181418972,-0.47,-0.86,-0.05
181421042,-0.46,-0.91,-0.06
181422982,-0.46,-0.91,-0.06
181424966,-0.46,-0.91,-0.06
181426970,-0.46,-0.91,-0.06
181428975,-0.46,-0.91,-0.06
181430966,-0.47,-0.89,0.02
181432966,-0.47,-0.89,0.02
181434970,-0.47,-0.89,0.02
181436965,-0.47,-0.89,0.02
181438967,-0.47,-0.89,0.02
181441129,-0.48,-0.82,-0.10
181443010,-0.48,-0.82,-0.10
181445054,-0.48,-0.82,-0.10
181447034,-0.48,-0.82,-0.10
181449011,-0.48,-0.82,-0.10
181451006,-0.48,-0.82,-0.10
181453015,-0.49,-0.82,-0.05
181455039,-0.49,-0.82,-0.05
181457016,-0.49,-0.82,-0.05
181458970,-0.49,-0.82,-0.05
181460982,-0.49,-0.82,-0.05
181463006,-0.51,-0.78,-0.03
181465087,-0.51,-0.78,-0.03
181467070,-0.51,-0.78,-0.03
181468995,-0.51,-0.78,-0.03
181470970,-0.51,-0.78,-0.03
181472973,-0.53,-0.99,-0.03
181475013,-0.53,-0.99,-0.03
181476968,-0.53,-0.99,-0.03
181478966,-0.53,-0.99,-0.03
181481043,-0.53,-0.99,-0.03
181483037,-0.57,-0.73,0.11
181485013,-0.57,-0.73,0.11
181487018,-0.57,-0.73,0.11
181489028,-0.57,-0.73,0.11
181491139,-0.57,-0.73,0.11
181493018,-0.55,-0.79,-0.12
181495018,-0.55,-0.79,-0.12
181497115,-0.55,-0.79,-0.12
181499034,-0.55,-0.79,-0.12
181501007,-0.55,-0.79,-0.12
181502967,-0.57,-0.90,0.03
181504969,-0.57,-0.90,0.03
181507062,-0.57,-0.90,0.03
181508999,-0.57,-0.90,0.03
181510968,-0.57,-0.90,0.03
181512985,-0.55,-0.80,0.05
181515115,-0.55,-0.80,0.05
181516977,-0.55,-0.80,0.05
181518966,-0.55,-0.80,0.05
181521033,-0.55,-0.80,0.05
181523013,-0.55,-0.80,0.05
181525010,-0.58,-0.81,0.06
181527033,-0.58,-0.81,0.06
181529037,-0.58,-0.81,0.06
181531021,-0.58,-0.81,0.06
181533008,-0.58,-0.81,0.06
181535015,-0.56,-0.81,0.05
181537033,-0.56,-0.81,0.05
181539006,-0.56,-0.81,0.05
181541074,-0.56,-0.81,0.05
181542966,-0.56,-0.81,0.05
181544968,-0.56,-0.84,0.01
181547018,-0.56,-0.84,0.01
181548967,-0.56,-0.84,0.01
181550957,-0.56,-0.84,0.01
181552958,-0.56,-0.84,0.01
181554958,-0.57,-0.93,0.01
181556967,-0.57,-0.93,0.01
181558966,-0.57,-0.93,0.01
181561035,-0.57,-0.93,0.01
181563034,-0.57,-0.93,0.01
181565116,-0.58,-0.77,0.00
181567016,-0.58,-0.77,0.00
181569016,-0.58,-0.77,0.00
181571043,-0.58,-0.77,0.00
181573034,-0.58,-0.77,0.00
181575017,-0.57,-0.82,0.07
181577008,-0.57,-0.82,0.07
181578978,-0.57,-0.82,0.07
181581036,-0.57,-0.82,0.07
181582986,-0.57,-0.82,0.07
181584973,-0.62,-0.80,0.09
181586985,-0.62,-0.80,0.09
181589016,-0.62,-0.80,0.09
181591101,-0.62,-0.80,0.09
181592974,-0.62,-0.80,0.09
181594989,-0.62,-0.80,0.09
181596968,-0.68,-0.81,0.02
181598971,-0.68,-0.81,0.02
181601035,-0.68,-0.81,0.02
181603012,-0.68,-0.81,0.02
181605011,-0.68,-0.81,0.02
181607036,-0.63,-0.82,0.02
181609029,-0.63,-0.82,0.02
181611019,-0.63,-0.82,0.02
181613008,-0.63,-0.82,0.02
181615112,-0.63,-0.82,0.02
181617046,-0.62,-0.80,0.01
181619008,-0.62,-0.80,0.01
181620970,-0.62,-0.80,0.01
181622968,-0.62,-0.80,0.01
181624971,-0.62,-0.80,0.01
181626959,-0.64,-0.75,0.04
181628972,-0.64,-0.75,0.04
181631021,-0.64,-0.75,0.04
181632968,-0.64,-0.75,0.04
181634968,-0.64,-0.75,0.04
181636971,-0.61,-0.71,0.05
181638975,-0.61,-0.71,0.05
181641138,-0.61,-0.71,0.05
181643012,-0.61,-0.71,0.05
181645010,-0.61,-0.71,0.05
181647018,-0.59,-0.72,0.03
181649036,-0.59,-0.72,0.03
181651030,-0.59,-0.72,0.03
181653017,-0.59,-0.72,0.03
181655007,-0.59,-0.72,0.03
181657010,-0.61,-0.73,0.02
181659043,-0.61,-0.73,0.02
181660997,-0.61,-0.73,0.02
181662969,-0.61,-0.73,0.02
181665082,-0.61,-0.73,0.02
181667009,-0.62,-0.72,0.02
181669033,-0.62,-0.72,0.02
181670987,-0.62,-0.72,0.02
181672966,-0.62,-0.72,0.02
181674965,-0.62,-0.72,0.02
181676966,-0.62,-0.72,0.02
181678965,-0.64,-0.73,-0.03
181681034,-0.64,-0.73,-0.03
181683012,-0.64,-0.73,-0.03
181685007,-0.64,-0.73,-0.03
181687032,-0.64,-0.73,-0.03
181689038,-0.70,-0.71,-0.09
181691142,-0.70,-0.71,-0.09
181693015,-0.70,-0.71,-0.09
181695014,-0.70,-0.71,-0.09
181697011,-0.70,-0.71,-0.09
181699028,-0.70,-0.66,-0.04
181700996,-0.70,-0.66,-0.04
181702966,-0.70,-0.66,-0.04
181704967,-0.70,-0.66,-0.04
181706967,-0.70,-0.66,-0.04
181708967,-0.72,-0.59,-0.00
181710967,-0.72,-0.59,-0.00
181713021,-0.72,-0.59,-0.00
181715063,-0.72,-0.59,-0.00
181716975,-0.72,-0.59,-0.00
181718966,-0.68,-0.54,0.10
181721034,-0.68,-0.54,0.10
181723014,-0.68,-0.54,0.10
181725011,-0.68,-0.54,0.10
181727008,-0.68,-0.54,0.10
181729016,-0.69,-0.77,0.12
181731012,-0.69,-0.77,0.12
181733009,-0.69,-0.77,0.12
181734974,-0.69,-0.77,0.12
181736966,-0.69,-0.77,0.12
181738975,-0.66,-0.99,0.11
181741066,-0.66,-0.99,0.11
181742971,-0.66,-0.99,0.11
181744967,-0.66,-0.99,0.11
181747051,-0.66,-0.99,0.11
181748998,-0.66,-0.99,0.11
181750968,-0.70,-0.59,-0.02
181752971,-0.70,-0.59,-0.02
181754970,-0.70,-0.59,-0.02
181756969,-0.70,-0.59,-0.02
181759016,-0.70,-0.59,-0.02
181761027,-0.73,-0.71,-0.02
181763012,-0.73,-0.71,-0.02
181765119,-0.73,-0.71,-0.02
181767024,-0.73,-0.71,-0.02
181769037,-0.73,-0.71,-0.02
181771033,-0.75,-0.68,0.10
181773024,-0.75,-0.68,0.10
181775008,-0.75,-0.68,0.10
181777007,-0.75,-0.68,0.10
181778971,-0.75,-0.68,0.10
181780968,-0.74,-0.64,0.01
181782968,-0.74,-0.64,0.01
181784967,-0.74,-0.64,0.01
181786967,-0.74,-0.64,0.01
181788968,-0.74,-0.64,0.01
181791099,-0.74,-0.63,-0.05
181792984,-0.74,-0.63,-0.05
181795052,-0.74,-0.63,-0.05
181797009,-0.74,-0.63,-0.05
181798974,-0.74,-0.63,-0.05
181801021,-0.77,-0.62,0.04
181803010,-0.77,-0.62,0.04
181805053,-0.77,-0.62,0.04
181807033,-0.77,-0.62,0.04
181809014,-0.77,-0.62,0.04
181811011,-0.80,-0.62,0.03
181813006,-0.80,-0.62,0.03
181815124,-0.80,-0.62,0.03
181817015,-0.80,-0.62,0.03
181818968,-0.80,-0.62,0.03
181820967,-0.80,-0.62,0.03
181822968,-0.81,-0.56,0.07
181824984,-0.81,-0.56,0.07
181826967,-0.81,-0.56,0.07
181828959,-0.81,-0.56,0.07
181830968,-0.81,-0.56,0.07
181832967,-0.83,-0.61,0.03
181834966,-0.83,-0.61,0.03
181837020,-0.83,-0.61,0.03
181838967,-0.83,-0.61,0.03
181841137,-0.83,-0.61,0.03
181843018,-0.79,-0.49,0.02
181845015,-0.79,-0.49,0.02
181847027,-0.79,-0.49,0.02
181849043,-0.79,-0.49,0.02
181851014,-0.79,-0.49,0.02
181853009,-0.76,-0.49,-0.01
181855006,-0.76,-0.49,-0.01
181856999,-0.76,-0.49,-0.01
181858968,-0.76,-0.49,-0.01
181861049,-0.76,-0.49,-0.01
181863008,-0.78,-0.55,0.02
181865064,-0.78,-0.55,0.02
181866974,-0.78,-0.55,0.02
181868966,-0.78,-0.55,0.02
181870969,-0.78,-0.55,0.02
181872970,-0.78,-0.55,0.07
181875003,-0.78,-0.55,0.07
181876970,-0.78,-0.55,0.07
181878959,-0.78,-0.55,0.07
181881023,-0.78,-0.55,0.07
181883023,-0.79,-0.55,0.07
181885067,-0.79,-0.55,0.07
181887027,-0.79,-0.55,0.07
181889013,-0.79,-0.55,0.07
181891131,-0.79,-0.55,0.07
181893081,-0.79,-0.54,0.07
181895033,-0.79,-0.54,0.07
181897007,-0.79,-0.54,0.07
181899005,-0.79,-0.54,0.07
181900968,-0.79,-0.54,0.07
181902969,-0.79,-0.54,0.07
181904968,-0.83,-0.51,0.09
181906967,-0.83,-0.51,0.09
181908966,-0.83,-0.51,0.09
181910970,-0.83,-0.51,0.09
181913043,-0.83,-0.51,0.09
181915112,-0.85,-0.50,0.13
181916982,-0.85,-0.50,0.13
181918971,-0.85,-0.50,0.13
181921030,-0.85,-0.50,0.13
181923034,-0.85,-0.50,0.13
181925023,-0.92,-0.53,0.06
181927010,-0.92,-0.53,0.06
181929007,-0.92,-0.53,0.06
181931009,-0.92,-0.53,0.06
181933035,-0.92,-0.53,0.06
181935017,-0.95,-0.53,0.05
181937008,-0.95,-0.53,0.05
181938971,-0.95,-0.53,0.05
181941101,-0.95,-0.53,0.05
181943112,-0.95,-0.53,0.05
181944997,-0.97,-0.50,0.17
181946966,-0.97,-0.50,0.17
181948978,-0.97,-0.50,0.17
181951014,-0.97,-0.50,0.17
181952969,-0.97,-0.50,0.17
181954958,-0.98,-0.49,0.14
181956967,-0.98,-0.49,0.14
181958966,-0.98,-0.49,0.14
181961031,-0.98,-0.49,0.14
181963012,-0.98,-0.49,0.14
181965109,-0.93,-0.46,0.11
181967019,-0.93,-0.46,0.11
181969078,-0.93,-0.46,0.11
181971031,-0.93,-0.46,0.11
181973014,-0.93,-0.46,0.11
181975022,-0.93,-0.46,0.11
181977022,-0.86,-0.43,0.09
181979020,-0.86,-0.43,0.09
181981017,-0.86,-0.43,0.09
181982971,-0.86,-0.43,0.09
181984967,-0.86,-0.43,0.09
181986968,-0.84,-0.41,0.07
181988977,-0.84,-0.41,0.07
181991130,-0.84,-0.41,0.07
181993023,-0.84,-0.41,0.07
181994990,-0.84,-0.41,0.07
181996975,-0.83,-0.40,0.06
181998975,-0.83,-0.40,0.06
182001028,-0.83,-0.40,0.06
182003012,-0.83,-0.40,0.06
182005006,-0.83,-0.40,0.06
182007016,-0.84,-0.39,0.03
182009033,-0.84,-0.39,0.03
182011021,-0.84,-0.39,0.03
182013007,-0.84,-0.39,0.03
182015106,-0.84,-0.39,0.03
182016981,-0.85,-0.34,0.02
182018969,-0.85,-0.34,0.02
182020971,-0.85,-0.34,0.02
182022968,-0.85,-0.34,0.02
182024967,-0.85,-0.34,0.02
182026969,-0.88,-0.41,0.11
182028968,-0.88,-0.41,0.11
182030971,-0.88,-0.41,0.11
182032972,-0.88,-0.41,0.11
182034974,-0.88,-0.41,0.11
182036967,-0.88,-0.36,0.04
182038968,-0.88,-0.36,0.04
182041085,-0.88,-0.36,0.04
182043016,-0.88,-0.36,0.04
182045050,-0.88,-0.36,0.04
182047025,-0.88,-0.36,0.04
182049013,-0.88,-0.35,0.04
182051010,-0.88,-0.35,0.04
182053008,-0.88,-0.35,0.04
182055129,-0.88,-0.35,0.04
182056997,-0.88,-0.35,0.04
182058969,-0.86,-0.38,0.04
182060971,-0.86,-0.38,0.04
182062975,-0.86,-0.38,0.04
182065115,-0.86,-0.38,0.04
182066978,-0.86,-0.38,0.04
182068969,-0.87,-0.34,0.00
182070968,-0.87,-0.34,0.00
182072970,-0.87,-0.34,0.00
182074976,-0.87,-0.34,0.00
182076968,-0.87,-0.34,0.00
182078966,-0.88,-0.31,0.00
182081027,-0.88,-0.31,0.00
182083011,-0.88,-0.31,0.00
182085009,-0.88,-0.31,0.00
182087032,-0.88,-0.31,0.00
182089039,-0.89,-0.30,0.01
182091127,-0.89,-0.30,0.01
182093029,-0.89,-0.30,0.01
182095015,-0.89,-0.30,0.01
182097047,-0.89,-0.30,0.01
182099020,-0.89,-0.30,0.00
182100971,-0.89,-0.30,0.00
182102966,-0.89,-0.30,0.00
182104966,-0.89,-0.30,0.00
182106989,-0.89,-0.30,0.00
182109027,-0.90,-0.28,-0.03
182110973,-0.90,-0.28,-0.03
182112968,-0.90,-0.28,-0.03
182115121,-0.90,-0.28,-0.03
182117009,-0.90,-0.28,-0.03
182118969,-0.90,-0.28,-0.03
182121033,-0.91,-0.30,-0.03
182123014,-0.91,-0.30,-0.03
182125015,-0.91,-0.30,-0.03
182127014,-0.91,-0.30,-0.03
182129039,-0.91,-0.30,-0.03
182131015,-0.93,-0.31,-0.02
182133014,-0.93,-0.31,-0.02
182135009,-0.93,-0.31,-0.02
182137029,-0.93,-0.31,-0.02
182139018,-0.93,-0.31,-0.02
182141071,-0.93,-0.29,0.17
182142967,-0.93,-0.29,0.17
182144969,-0.93,-0.29,0.17
182147019,-0.93,-0.29,0.17
182148966,-0.93,-0.29,0.17
182150967,-0.95,-0.28,0.02
182152958,-0.95,-0.28,0.02
182154956,-0.95,-0.28,0.02
182156957,-0.95,-0.28,0.02
182158966,-0.95,-0.28,0.02
182161028,-0.97,-0.26,0.01
182163012,-0.97,-0.26,0.01
182165110,-0.97,-0.26,0.01
182167035,-0.97,-0.26,0.01
182169041,-0.97,-0.26,0.01
182171016,-0.97,-0.27,0.01
182173013,-0.97,-0.27,0.01
182175009,-0.97,-0.27,0.01
182177001,-0.97,-0.27,0.01
182179014,-0.97,-0.27,0.01
182181038,-0.96,-0.29,0.02
182182989,-0.96,-0.29,0.02
182184968,-0.96,-0.29,0.02
182186972,-0.96,-0.29,0.02
182189018,-0.96,-0.29,0.02
182191119,-0.95,-0.27,0.04
182193013,-0.95,-0.27,0.04
182194992,-0.95,-0.27,0.04
182196969,-0.95,-0.27,0.04
182198968,-0.95,-0.27,0.04
182201031,-0.95,-0.27,0.04
182203013,-0.95,-0.25,0.01
182205008,-0.95,-0.25,0.01
182207015,-0.95,-0.25,0.01
182209081,-0.95,-0.25,0.01
182211022,-0.95,-0.25,0.01
182213009,-0.93,-0.23,0.00
182215103,-0.93,-0.23,0.00
182216994,-0.93,-0.23,0.00
182219037,-0.93,-0.23,0.00
182220977,-0.93,-0.23,0.00
182222969,-0.95,-0.23,-0.01
182224967,-0.95,-0.23,-0.01
182226991,-0.95,-0.23,-0.01
182229012,-0.95,-0.23,-0.01
182230968,-0.95,-0.23,-0.01
182232959,-0.97,-0.21,0.00
182234967,-0.97,-0.21,0.00
182236967,-0.97,-0.21,0.00
182238967,-0.97,-0.21,0.00
182241135,-0.97,-0.21,0.00
182243012,-0.98,-0.21,-0.01
182245011,-0.98,-0.21,-0.01
182247010,-0.98,-0.21,-0.01
182249012,-0.98,-0.21,-0.01
182251013,-0.98,-0.21,-0.01
182253049,-0.96,-0.21,-0.04
182255018,-0.96,-0.21,-0.04
182256980,-0.96,-0.21,-0.04
182258969,-0.96,-0.21,-0.04
182260967,-0.96,-0.21,-0.04
182262966,-0.96,-0.21,-0.04
182265066,-0.96,-0.21,-0.04
182266982,-0.96,-0.21,-0.04
182269082,-0.96,-0.21,-0.04
182270997,-0.96,-0.21,-0.04
182272968,-0.96,-0.21,-0.04
182274967,-0.97,-0.20,-0.00
182277019,-0.97,-0.20,-0.00
182278976,-0.97,-0.20,-0.00
182281049,-0.97,-0.20,-0.00
182283035,-0.97,-0.20,-0.00
182285009,-0.96,-0.20,0.02
182287012,-0.96,-0.20,0.02
182289015,-0.96,-0.20,0.02
182291142,-0.96,-0.20,0.02
182293023,-0.96,-0.20,0.02
182295026,-0.96,-0.22,0.02
182297009,-0.96,-0.22,0.02
182298979,-0.96,-0.22,0.02
182301084,-0.96,-0.22,0.02
182302998,-0.96,-0.22,0.02
182304967,-0.98,-0.23,-0.00
182306967,-0.98,-0.23,-0.00
182308966,-0.98,-0.23,-0.00
182310978,-0.98,-0.23,-0.00
182313015,-0.98,-0.23,-0.00
182315067,-0.98,-0.23,-0.00
182316972,-0.98,-0.23,-0.00
182318979,-0.98,-0.23,-0.00
182321034,-0.98,-0.23,-0.00
182323014,-0.98,-0.23,-0.00
182325008,-0.98,-0.21,-0.00
182327007,-0.98,-0.21,-0.00
182329009,-0.98,-0.21,-0.00
182331009,-0.98,-0.21,-0.00
182333009,-0.98,-0.21,-0.00
182334971,-0.98,-0.20,0.00
182336968,-0.98,-0.20,0.00
182338966,-0.98,-0.20,0.00
182341067,-0.98,-0.20,0.00
182342971,-0.98,-0.20,0.00
182344967,-0.98,-0.20,0.00
182346968,-0.99,-0.21,-0.04
182348999,-0.99,-0.21,-0.04
182351047,-0.99,-0.21,-0.04
182352994,-0.99,-0.21,-0.04
182354969,-0.99,-0.21,-0.04
182356968,-0.99,-0.16,-0.01
182358958,-0.99,-0.16,-0.01
182361035,-0.99,-0.16,-0.01
182363034,-0.99,-0.16,-0.01
182365119,-0.99,-0.16,-0.01
182367015,-1.00,-0.12,0.00
182369042,-1.00,-0.12,0.00
182371036,-1.00,-0.12,0.00
182373015,-1.00,-0.12,0.00
182375011,-1.00,-0.12,0.00
182377007,-0.99,-0.12,0.01
182378968,-0.99,-0.12,0.01
182380978,-0.99,-0.12,0.01
182383009,-0.99,-0.12,0.01
182385001,-0.99,-0.12,0.01
182387044,-0.98,-0.15,0.01
182388994,-0.98,-0.15,0.01
182391076,-0.98,-0.15,0.01
182392970,-0.98,-0.15,0.01
182395011,-0.98,-0.15,0.01
182397028,-0.97,-0.20,-0.01
182398970,-0.97,-0.20,-0.01
182401028,-0.97,-0.20,-0.01
182403013,-0.97,-0.20,-0.01
182405009,-0.97,-0.20,-0.01
182407041,-0.98,-0.18,-0.02
182409038,-0.98,-0.18,-0.02
182411022,-0.98,-0.18,-0.02
182413011,-0.98,-0.18,-0.02
182415111,-0.98,-0.18,-0.02
182417046,-0.98,-0.15,-0.00
182419008,-0.98,-0.15,-0.00
182420968,-0.98,-0.15,-0.00
182422969,-0.98,-0.15,-0.00
182424971,-0.98,-0.15,-0.00
182426970,-0.98,-0.15,-0.00
182429013,-0.99,-0.13,0.00
182430966,-0.99,-0.13,0.00
182432958,-0.99,-0.13,0.00
182434959,-0.99,-0.13,0.00
182436956,-0.99,-0.13,0.00
182438969,-0.98,-0.10,0.00
182441137,-0.98,-0.10,0.00
182443010,-0.98,-0.10,0.00
182445011,-0.98,-0.10,0.00
182447027,-0.98,-0.10,0.00
182449049,-0.98,-0.11,-0.07
182451029,-0.98,-0.11,-0.07
182453013,-0.98,-0.11,-0.07
182455006,-0.98,-0.11,-0.07
182456977,-0.98,-0.11,-0.07
182459046,-0.95,-0.05,-0.02
182460981,-0.95,-0.05,-0.02
182462970,-0.95,-0.05,-0.02
182465060,-0.95,-0.05,-0.02
182467004,-0.95,-0.05,-0.02
182469016,-0.96,-0.07,-0.02
182470966,-0.96,-0.07,-0.02
182472959,-0.96,-0.07,-0.02
182474958,-0.96,-0.07,-0.02
182476957,-0.96,-0.07,-0.02
182478967,-0.97,-0.08,-0.03
182481032,-0.97,-0.08,-0.03
182483009,-0.97,-0.08,-0.03
182485015,-0.97,-0.08,-0.03
182487034,-0.97,-0.08,-0.03
182489008,-0.96,-0.05,0.03
182491110,-0.96,-0.05,0.03
182493056,-0.96,-0.05,0.03
182495039,-0.96,-0.05,0.03
182497017,-0.96,-0.05,0.03
182499000,-0.96,-0.05,0.03
182500966,-0.95,-0.07,0.07
182502970,-0.95,-0.07,0.07
182504966,-0.95,-0.07,0.07
182506967,-0.95,-0.07,0.07
182508969,-0.95,-0.07,0.07
182510970,-0.96,-0.06,0.02
182512969,-0.96,-0.06,0.02
182515083,-0.96,-0.06,0.02
182517130,-0.96,-0.06,0.02
182519000,-0.96,-0.06,0.02
182521019,-0.95,-0.05,0.00
182523008,-0.95,-0.05,0.00
182525012,-0.95,-0.05,0.00
182527009,-0.95,-0.05,0.00
182529006,-0.95,-0.05,0.00
182531006,-0.96,-0.02,0.00
182532968,-0.96,-0.02,0.00
182534967,-0.96,-0.02,0.00
182537009,-0.96,-0.02,0.00
182539027,-0.96,-0.02,0.00
182541071,-0.96,-0.00,0.00
182542973,-0.96,-0.00,0.00
182544971,-0.96,-0.00,0.00
182546971,-0.96,-0.00,0.00
182548967,-0.96,-0.00,0.00
182550975,-0.98,-0.01,-0.01
182553021,-0.98,-0.01,-0.01
182554972,-0.98,-0.01,-0.01
182556966,-0.98,-0.01,-0.01
182558967,-0.98,-0.01,-0.01
182561032,-0.98,-0.03,-0.02
182563010,-0.98,-0.03,-0.02
182565118,-0.98,-0.03,-0.02
182567019,-0.98,-0.03,-0.02
182569043,-0.98,-0.03,-0.02
182571024,-1.00,-0.05,-0.02
182573016,-1.00,-0.05,-0.02
182575008,-1.00,-0.05,-0.02
182576982,-1.00,-0.05,-0.02
182579050,-1.00,-0.05,-0.02
182580994,-1.00,-0.05,-0.02
182582965,-1.00,-0.05,-0.00
182584970,-1.00,-0.05,-0.00
182586993,-1.00,-0.05,-0.00
182589006,-1.00,-0.05,-0.00
182591113,-1.00,-0.05,-0.00
182593013,-0.99,-0.01,0.00
182595012,-0.99,-0.01,0.00
182596969,-0.99,-0.01,0.00
182598966,-0.99,-0.01,0.00
182601028,-0.99,-0.01,0.00
182603014,-1.00,-0.00,-0.00
182605007,-1.00,-0.00,-0.00
182607009,-1.00,-0.00,-0.00
182609012,-1.00,-0.00,-0.00
182611012,-1.00,-0.00,-0.00
182613005,-1.03,-0.03,-0.04
182615062,-1.03,-0.03,-0.04
182616976,-1.03,-0.03,-0.04
182619120,-1.03,-0.03,-0.04
182620994,-1.03,-0.03,-0.04
182622967,-1.03,-0.04,-0.05
182624959,-1.03,-0.04,-0.05
182626959,-1.03,-0.04,-0.05
182628969,-1.03,-0.04,-0.05
182630958,-1.03,-0.04,-0.05
182632968,-0.98,-0.01,0.04
182634966,-0.98,-0.01,0.04
182636959,-0.98,-0.01,0.04
182638967,-0.98,-0.01,0.04
182641127,-0.98,-0.01,0.04
182643011,-0.99,-0.02,0.00
182645007,-0.99,-0.02,0.00
182647043,-0.99,-0.02,0.00
182649043,-0.99,-0.02,0.00
182651016,-0.99,-0.02,0.00
182653011,-0.99,-0.02,0.00
182655007,-0.99,0.00,-0.01
182656965,-0.99,0.00,-0.01
182658967,-0.99,0.00,-0.01
182660966,-0.99,0.00,-0.01
182662966,-0.99,0.00,-0.01
182665130,-0.98,-0.01,-0.02
182666985,-0.98,-0.01,-0.02
182668966,-0.98,-0.01,-0.02
182670958,-0.98,-0.01,-0.02
182673026,-0.98,-0.01,-0.02
182675005,-0.98,0.00,-0.00
182676967,-0.98,0.00,-0.00
182678965,-0.98,0.00,-0.00
182681028,-0.98,0.00,-0.00
182683012,-0.98,0.00,-0.00
182685007,-0.99,0.01,-0.00
182687009,-0.99,0.01,-0.00
182689020,-0.99,0.01,-0.00
182691144,-0.99,0.01,-0.00
182693027,-0.99,0.01,-0.00
182695040,-0.99,0.03,-0.02
182697005,-0.99,0.03,-0.02
182698966,-0.99,0.03,-0.02
182700986,-0.99,0.03,-0.02
182703229,-0.99,0.03,-0.02
182705017,-1.00,0.00,-0.03
182706973,-1.00,0.00,-0.03
182708972,-1.00,0.00,-0.03
182710982,-1.00,0.00,-0.03
182713020,-1.00,0.00,-0.03
182715092,-1.00,0.01,-0.03
182716975,-1.00,0.01,-0.03
182718972,-1.00,0.01,-0.03
182721036,-1.00,0.01,-0.03
182723018,-1.00,0.01,-0.03
182725012,-1.00,0.01,-0.03
182727019,-0.99,0.02,-0.02
182729042,-0.99,0.02,-0.02
182731023,-0.99,0.02,-0.02
182733015,-0.99,0.02,-0.02
182735015,-0.99,0.02,-0.02
182737009,-0.98,0.02,-0.00
182738993,-0.98,0.02,-0.00
182741143,-0.98,0.02,-0.00
182742989,-0.98,0.02,-0.00
182744970,-0.98,0.02,-0.00
182746976,-0.96,0.01,0.00
182749017,-0.96,0.01,0.00
182750975,-0.96,0.01,0.00
182752969,-0.96,0.01,0.00
182754967,-0.96,0.01,0.00
182756968,-0.96,0.08,0.02
182758967,-0.96,0.08,0.02
182761035,-0.96,0.08,0.02
182763015,-0.96,0.08,0.02
182765115,-0.96,0.08,0.02
182767028,-0.97,0.02,0.03
182769079,-0.97,0.02,0.03
182771037,-0.97,0.02,0.03
182773014,-0.97,0.02,0.03
182775012,-0.97,0.02,0.03
182777039,-0.97,-0.00,-0.02
182779016,-0.97,-0.00,-0.02
182780981,-0.97,-0.00,-0.02
182782972,-0.97,-0.00,-0.02
182784976,-0.97,-0.00,-0.02
182786988,-0.99,-0.04,-0.04
182789018,-0.99,-0.04,-0.04
182791080,-0.99,-0.04,-0.04
182793015,-0.99,-0.04,-0.04
182795017,-0.99,-0.04,-0.04
182796979,-1.00,0.00,-0.02
182798971,-1.00,0.00,-0.02
182801026,-1.00,0.00,-0.02
182803014,-1.00,0.00,-0.02
182805013,-1.00,0.00,-0.02
182807030,-1.00,0.00,-0.02
182809079,-0.99,0.06,-0.03
182811024,-0.99,0.06,-0.03
182813015,-0.99,0.06,-0.03
182815113,-0.99,0.06,-0.03
182817025,-0.99,0.06,-0.03
182819036,-0.99,0.05,-0.03
182820982,-0.99,0.05,-0.03
182822978,-0.99,0.05,-0.03
182824983,-0.99,0.05,-0.03
182827018,-0.99,0.05,-0.03
182828971,-0.98,0.01,-0.03
182830969,-0.98,0.01,-0.03
182832968,-0.98,0.01,-0.03
182834970,-0.98,0.01,-0.03
182836974,-0.98,0.01,-0.03
182838971,-0.97,0.02,-0.02
182841140,-0.97,0.02,-0.02
182843017,-0.97,0.02,-0.02
182845011,-0.97,0.02,-0.02
182847016,-0.97,0.02,-0.02
182849053,-0.98,0.00,-0.01
182851026,-0.98,0.00,-0.01
182853018,-0.98,0.00,-0.01
182855013,-0.98,0.00,-0.01
182857043,-0.98,0.00,-0.01
182859019,-0.98,0.02,-0.00
182860972,-0.98,0.02,-0.00
182862974,-0.98,0.02,-0.00
182865080,-0.98,0.02,-0.00
182867036,-0.98,0.02,-0.00
182869000,-0.98,0.04,-0.01
182870972,-0.98,0.04,-0.01
182872972,-0.98,0.04,-0.01
182874970,-0.98,0.04,-0.01
182876975,-0.98,0.04,-0.01
182878978,-0.98,0.04,-0.01
182881029,-0.98,0.02,-0.03
182883014,-0.98,0.02,-0.03
182885013,-0.98,0.02,-0.03
182887025,-0.98,0.02,-0.03
182889043,-0.98,0.02,-0.03
182891132,-0.93,0.02,-0.02
182893017,-0.93,0.02,-0.02
182895037,-0.93,0.02,-0.02
182897040,-0.93,0.02,-0.02
182899039,-0.93,0.02,-0.02
182901018,-0.97,0.03,0.00
182902972,-0.97,0.03,0.00
182904972,-0.97,0.03,0.00
182907007,-0.97,0.03,0.00
182908994,-0.97,0.03,0.00
182911034,-0.98,0.03,0.00
182912972,-0.98,0.03,0.00
182915065,-0.98,0.03,0.00
182916982,-0.98,0.03,0.00
182918967,-0.98,0.03,0.00
182921027,-0.98,0.00,-0.02
182923011,-0.98,0.00,-0.02
182925010,-0.98,0.00,-0.02
182927012,-0.98,0.00,-0.02
182929013,-0.98,0.00,-0.02
182931011,-0.96,0.01,-0.02
182933006,-0.96,0.01,-0.02
182934969,-0.96,0.01,-0.02
182936971,-0.96,0.01,-0.02
182938968,-0.96,0.01,-0.02
182941065,-0.96,0.01,-0.00
182942969,-0.96,0.01,-0.00
182944971,-0.96,0.01,-0.00
182946982,-0.96,0.01,-0.00
182949084,-0.96,0.01,-0.00
182950996,-0.96,0.01,-0.00
182952967,-0.89,0.05,0.07
182954966,-0.89,0.05,0.07
182956967,-0.89,0.05,0.07
182958971,-0.89,0.05,0.07
182961049,-0.89,0.05,0.07
182963035,-0.94,0.06,-0.07
182965110,-0.94,0.06,-0.07
182967019,-0.94,0.06,-0.07
182969014,-0.94,0.06,-0.07
182971083,-0.94,0.06,-0.07
182973025,-1.00,0.00,0.06
182975009,-1.00,0.00,0.06
182977010,-1.00,0.00,0.06
182978969,-1.00,0.00,0.06
182980968,-1.00,0.00,0.06
182982967,-1.06,0.02,-0.02
182985041,-1.06,0.02,-0.02
182986985,-1.06,0.02,-0.02
182988967,-1.06,0.02,-0.02
182991074,-1.06,0.02,-0.02
182993006,-1.04,0.02,0.08
182995037,-1.04,0.02,0.08
182997006,-1.04,0.02,0.08
182998966,-1.04,0.02,0.08
183001025,-1.04,0.02,0.08
183003014,-1.00,0.03,0.09
183005009,-1.00,0.03,0.09
183007010,-1.00,0.03,0.09
183009048,-1.00,0.03,0.09
183011035,-1.00,0.03,0.09
183013010,-1.00,0.01,0.20
183015107,-1.00,0.01,0.20
183016979,-1.00,0.01,0.20
183019038,-1.00,0.01,0.20
183021007,-1.00,0.01,0.20
183022972,-1.00,0.01,0.20
183024971,-1.02,-0.04,0.24
183026981,-1.02,-0.04,0.24
183029019,-1.02,-0.04,0.24
183030968,-1.02,-0.04,0.24
183032959,-1.02,-0.04,0.24
183034959,-0.99,0.05,-0.12
183036968,-0.99,0.05,-0.12
183038967,-0.99,0.05,-0.12
183041137,-0.99,0.05,-0.12
183043019,-0.99,0.05,-0.12
183045010,-1.03,0.11,-0.10
183047018,-1.03,0.11,-0.10
183049074,-1.03,0.11,-0.10
183051018,-1.03,0.11,-0.10
183053008,-1.03,0.11,-0.10
183055006,-1.01,0.06,0.05
183057033,-1.01,0.06,0.05
183059019,-1.01,0.06,0.05
183060975,-1.01,0.06,0.05
183062970,-1.01,0.06,0.05
183065062,-0.99,-0.01,0.09
183067033,-0.99,-0.01,0.09
183068975,-0.99,-0.01,0.09
183070972,-0.99,-0.01,0.09
183072982,-0.99,-0.01,0.09
183074982,-0.98,0.01,0.13
183076969,-0.98,0.01,0.13
183078974,-0.98,0.01,0.13
183081031,-0.98,0.01,0.13
183083014,-0.98,0.01,0.13
183085009,-1.00,0.06,0.13
183087011,-1.00,0.06,0.13
183089042,-1.00,0.06,0.13
183091126,-1.00,0.06,0.13
183093018,-1.00,0.06,0.13
183095031,-1.00,0.03,0.11
183097007,-1.00,0.03,0.11
183099021,-1.00,0.03,0.11
183101057,-1.00,0.03,0.11
183103000,-1.00,0.03,0.11
183104969,-1.00,0.03,0.11
183106967,-1.00,0.02,0.09
183108971,-1.00,0.02,0.09
183110967,-1.00,0.02,0.09
183112972,-1.00,0.02,0.09
183115123,-1.00,0.02,0.09
183116971,-0.99,0.04,0.09
183118968,-0.99,0.04,0.09
183121030,-0.99,0.04,0.09
183123014,-0.99,0.04,0.09
183125009,-0.99,0.04,0.09
183127008,-0.98,0.07,0.05
183129026,-0.98,0.07,0.05
183131042,-0.98,0.07,0.05
183133016,-0.98,0.07,0.05
183135005,-0.98,0.07,0.05
183136972,-0.98,0.04,0.05
183138981,-0.98,0.04,0.05
183141150,-0.98,0.04,0.05
183142997,-0.98,0.04,0.05
183144970,-0.98,0.04,0.05
183146999,-0.98,0.04,0.06
183149017,-0.98,0.04,0.06
183150970,-0.98,0.04,0.06
183152967,-0.98,0.04,0.06
183154971,-0.98,0.04,0.06
183156971,-0.99,0.07,0.06
183158967,-0.99,0.07,0.06
183161035,-0.99,0.07,0.06
183163010,-0.99,0.07,0.06
183165109,-0.99,0.07,0.06
183167016,-0.98,0.08,0.07
183169033,-0.98,0.08,0.07
183171021,-0.98,0.08,0.07
183173014,-0.98,0.08,0.07
183175007,-0.98,0.08,0.07
183177017,-0.98,0.08,0.07
183179019,-0.95,0.03,0.09
183180974,-0.95,0.03,0.09
183182971,-0.95,0.03,0.09
183184968,-0.95,0.03,0.09
183187018,-0.95,0.03,0.09
183188969,-0.97,0.05,0.08
183191087,-0.97,0.05,0.08
183192978,-0.97,0.05,0.08
183195015,-0.97,0.05,0.08
183196972,-0.97,0.05,0.08
183198968,-0.96,0.07,0.07
183201037,-0.96,0.07,0.07
183203033,-0.96,0.07,0.07
183205008,-0.96,0.07,0.07
183207012,-0.96,0.07,0.07
183209011,-0.98,0.02,0.07
183211033,-0.98,0.02,0.07
183213031,-0.98,0.02,0.07
183215120,-0.98,0.02,0.07
183217012,-0.98,0.02,0.07
183218968,-0.96,0.03,0.07
183220968,-0.96,0.03,0.07
183222975,-0.96,0.03,0.07
183224969,-0.96,0.03,0.07
183226979,-0.96,0.03,0.07
183229044,-0.99,0.13,0.15
183230981,-0.99,0.13,0.15
183232968,-0.99,0.13,0.15
183234966,-0.99,0.13,0.15
183236970,-0.99,0.13,0.15
183238972,-0.95,0.12,0.14
183241128,-0.95,0.12,0.14
183243012,-0.95,0.12,0.14
183245010,-0.95,0.12,0.14
183247009,-0.95,0.12,0.14
183249011,-0.96,0.13,0.04
183251014,-0.96,0.13,0.04
183253038,-0.96,0.13,0.04
183255017,-0.96,0.13,0.04
183256970,-0.96,0.13,0.04
183258967,-0.96,0.13,0.04
183260967,-0.95,0.05,0.09
183262966,-0.95,0.05,0.09
183265120,-0.95,0.05,0.09
183266971,-0.95,0.05,0.09
183268967,-0.95,0.05,0.09
183270970,-0.96,0.07,0.09
183272969,-0.96,0.07,0.09
183274969,-0.96,0.07,0.09
183276970,-0.96,0.07,0.09
183278967,-0.96,0.07,0.09
183281030,-0.96,0.04,0.03
183283016,-0.96,0.04,0.03
183285014,-0.96,0.04,0.03
183287024,-0.96,0.04,0.03
183289083,-0.96,0.04,0.03
183291131,-0.95,0.08,0.12
183293014,-0.95,0.08,0.12
183295037,-0.95,0.08,0.12
183297095,-0.95,0.08,0.12
183299026,-0.95,0.08,0.12
183301005,-0.96,0.09,0.05
183302968,-0.96,0.09,0.05
183305019,-0.96,0.09,0.05
183306970,-0.96,0.09,0.05
183308968,-0.96,0.09,0.05
183310991,-0.93,0.11,0.11
183313036,-0.93,0.11,0.11
183315097,-0.93,0.11,0.11
183316976,-0.93,0.11,0.11
183318991,-0.93,0.11,0.11
183321048,-1.03,0.09,0.09
183323035,-1.03,0.09,0.09
183325017,-1.03,0.09,0.09
183327006,-1.03,0.09,0.09
183329037,-1.03,0.09,0.09
183331036,-1.03,0.09,0.09
183333017,-0.96,0.10,0.20
183335008,-0.96,0.10,0.20
183337007,-0.96,0.10,0.20
183338969,-0.96,0.10,0.20
183341079,-0.96,0.10,0.20
183343109,-1.01,0.11,0.19
183344998,-1.01,0.11,0.19
183346968,-1.01,0.11,0.19
183348969,-1.01,0.11,0.19
183351000,-1.01,0.11,0.19
183353013,-1.00,0.16,0.13
183354967,-1.00,0.16,0.13
183356969,-1.00,0.16,0.13
183358970,-1.00,0.16,0.13
183361031,-1.00,0.16,0.13
183363011,-0.95,0.16,0.09
183365109,-0.95,0.16,0.09
183367015,-0.95,0.16,0.09
183369041,-0.95,0.16,0.09
183371021,-0.95,0.16,0.09
183373007,-0.96,0.22,-0.00
183375006,-0.96,0.22,-0.00
183377037,-0.96,0.22,-0.00
183379014,-0.96,0.22,-0.00
183380971,-0.96,0.22,-0.00
183382969,-0.94,0.15,0.16
183384966,-0.94,0.15,0.16
183387015,-0.94,0.15,0.16
183388970,-0.94,0.15,0.16
183391075,-0.94,0.15,0.16
183392982,-0.97,0.21,0.12
183395009,-0.97,0.21,0.12
183396966,-0.97,0.21,0.12
183398959,-0.97,0.21,0.12
183401028,-0.97,0.21,0.12
183403015,-0.97,0.21,0.12
183405010,-0.96,0.32,0.14
183407036,-0.96,0.32,0.14
183409018,-0.96,0.32,0.14
183411037,-0.96,0.32,0.14
183413025,-0.96,0.32,0.14
183415123,-0.98,0.25,0.05
183417008,-0.98,0.25,0.05
183418974,-0.98,0.25,0.05
183420968,-0.98,0.25,0.05
183422968,-0.98,0.25,0.05
183424968,-0.98,0.33,0.23
183426966,-0.98,0.33,0.23
183428973,-0.98,0.33,0.23
183430983,-0.98,0.33,0.23
183433060,-0.98,0.33,0.23
183434997,-1.00,0.27,0.36
183436976,-1.00,0.27,0.36
183438965,-1.00,0.27,0.36
183441147,-1.00,0.27,0.36
183443029,-1.00,0.27,0.36
183445015,-1.03,0.04,0.21
183447006,-1.03,0.04,0.21
183449018,-1.03,0.04,0.21
183451033,-1.03,0.04,0.21
183453022,-1.03,0.04,0.21
183455012,-0.98,-0.14,0.21
183457007,-0.98,-0.14,0.21
183458966,-0.98,-0.14,0.21
183460971,-0.98,-0.14,0.21
183462974,-0.98,-0.14,0.21
183465127,-0.95,-0.12,0.16
183467007,-0.95,-0.12,0.16
183468967,-0.95,-0.12,0.16
183470967,-0.95,-0.12,0.16
183472967,-0.95,-0.12,0.16
183474967,-0.92,-0.02,0.01
183477028,-0.92,-0.02,0.01
183478998,-0.92,-0.02,0.01
183481025,-0.92,-0.02,0.01
183483014,-0.92,-0.02,0.01
183485009,-0.92,-0.02,0.01
183487008,-0.91,0.11,-0.10
183489008,-0.91,0.11,-0.10
183491151,-0.91,0.11,-0.10
183493032,-0.91,0.11,-0.10
183495033,-0.91,0.11,-0.10
183497007,-0.92,0.24,-0.14
183498970,-0.92,0.24,-0.14
183500976,-0.92,0.24,-0.14
183502975,-0.92,0.24,-0.14
183504969,-0.92,0.24,-0.14
183506969,-0.93,0.33,-0.07
183509038,-0.93,0.33,-0.07
183511037,-0.93,0.33,-0.07
183512995,-0.93,0.33,-0.07
183515065,-0.93,0.33,-0.07
183516978,-0.97,0.31,0.08
183518968,-0.97,0.31,0.08
183521022,-0.97,0.31,0.08
183523010,-0.97,0.31,0.08
183525011,-0.97,0.31,0.08
183527009,-1.00,0.23,0.25
183529005,-1.00,0.23,0.25
183531007,-1.00,0.23,0.25
183532974,-1.00,0.23,0.25
183534967,-1.00,0.23,0.25
183536969,-1.01,0.14,0.36
183538971,-1.01,0.14,0.36
183541051,-1.01,0.14,0.36
183542970,-1.01,0.14,0.36
183544974,-1.01,0.14,0.36
183547047,-1.02,0.11,0.37
183549007,-1.02,0.11,0.37
183550967,-1.02,0.11,0.37
183552969,-1.02,0.11,0.37
183554966,-1.02,0.11,0.37
183556968,-1.02,0.11,0.37
183559029,-0.98,0.16,0.29
183561036,-0.98,0.16,0.29
183563017,-0.98,0.16,0.29
183565108,-0.98,0.16,0.29
183567046,-0.98,0.16,0.29
183569071,-0.97,0.22,0.11
183571028,-0.97,0.22,0.11
183573014,-0.97,0.22,0.11
183575009,-0.97,0.22,0.11
183577032,-0.97,0.22,0.11
183579027,-0.96,0.35,0.02
183580991,-0.96,0.35,0.02
183582969,-0.96,0.35,0.02
183584971,-0.96,0.35,0.02
183587023,-0.96,0.35,0.02
183589001,-0.98,0.48,0.02
183591082,-0.98,0.48,0.02
183592975,-0.98,0.48,0.02
183595014,-0.98,0.48,0.02
183596968,-0.98,0.48,0.02
183598966,-0.99,0.46,0.09
183601031,-0.99,0.46,0.09
183603014,-0.99,0.46,0.09
183605013,-0.99,0.46,0.09
183607011,-0.99,0.46,0.09
183609010,-1.00,0.30,0.17
183611034,-1.00,0.30,0.17
183613039,-1.00,0.30,0.17
183615129,-1.00,0.30,0.17
183617017,-1.00,0.30,0.17
183618967,-0.98,0.11,0.23
183620971,-0.98,0.11,0.23
183622980,-0.98,0.11,0.23
183625038,-0.98,0.11,0.23
183626980,-0.98,0.11,0.23
183628972,-0.98,0.11,0.23
183631005,-0.95,0.04,0.25
183633006,-0.95,0.04,0.25
183634970,-0.95,0.04,0.25
183636968,-0.95,0.04,0.25
183638967,-0.95,0.04,0.25
183641137,-0.93,0.16,0.23
183643011,-0.93,0.16,0.23
183645011,-0.93,0.16,0.23
183647036,-0.93,0.16,0.23
183649042,-0.93,0.16,0.23
183651018,-0.92,0.32,0.13
183653009,-0.92,0.32,0.13
183655010,-0.92,0.32,0.13
183657086,-0.92,0.32,0.13
183659009,-0.92,0.32,0.13
183660968,-0.93,0.37,0.02
183662966,-0.93,0.37,0.02
183665061,-0.93,0.37,0.02
183667018,-0.93,0.37,0.02
183668967,-0.93,0.37,0.02
183670959,-0.95,0.28,-0.04
183672969,-0.95,0.28,-0.04
183674967,-0.95,0.28,-0.04
183676958,-0.95,0.28,-0.04
183678959,-0.95,0.28,-0.04
183681033,-0.96,0.13,-0.00
183683010,-0.96,0.13,-0.00
183685008,-0.96,0.13,-0.00
183687026,-0.96,0.13,-0.00
183689039,-0.96,0.13,-0.00
183691131,-0.98,0.04,0.12
183693015,-0.98,0.04,0.12
183695031,-0.98,0.04,0.12
183697045,-0.98,0.04,0.12
183699032,-0.98,0.04,0.12
183700996,-0.98,0.01,0.26
183702969,-0.98,0.01,0.26
183704968,-0.98,0.01,0.26
183707030,-0.98,0.01,0.26
183708992,-0.98,0.01,0.26
183710959,-0.98,0.01,0.26
183712972,-0.97,0.09,0.36
183715124,-0.97,0.09,0.36
183716976,-0.97,0.09,0.36
183718970,-0.97,0.09,0.36
183721030,-0.97,0.09,0.36
183723017,-0.96,0.21,0.32
183725014,-0.96,0.21,0.32
183727013,-0.96,0.21,0.32
183729010,-0.96,0.21,0.32
183731008,-0.96,0.21,0.32
183733039,-0.95,0.25,0.18
183735023,-0.95,0.25,0.18
183736971,-0.95,0.25,0.18
183738968,-0.95,0.25,0.18
183741073,-0.95,0.25,0.18
183742968,-0.89,0.26,0.02
183745034,-0.89,0.26,0.02
183747001,-0.89,0.26,0.02
183748969,-0.89,0.26,0.02
183750966,-0.89,0.26,0.02
183752966,-0.88,0.32,-0.06
183754969,-0.88,0.32,-0.06
183756967,-0.88,0.32,-0.06
183758968,-0.88,0.32,-0.06
183761027,-0.88,0.32,-0.06
183763018,-0.89,0.37,-0.06
183765115,-0.89,0.37,-0.06
183767016,-0.89,0.37,-0.06
183769013,-0.89,0.37,-0.06
183771016,-0.89,0.37,-0.06
183773052,-0.93,0.34,0.00
183775020,-0.93,0.34,0.00
183776994,-0.93,0.34,0.00
183778969,-0.93,0.34,0.00
183780970,-0.93,0.34,0.00
183783114,-0.93,0.34,0.00
183785000,-0.96,0.25,0.11
183786968,-0.96,0.25,0.11
183788968,-0.96,0.25,0.11
183791074,-0.96,0.25,0.11
183792972,-0.96,0.25,0.11
183795016,-0.98,0.16,0.21
183796969,-0.98,0.16,0.21
183798971,-0.98,0.16,0.21
183801024,-0.98,0.16,0.21
183803011,-0.98,0.16,0.21
183805013,-1.01,0.11,0.28
183807013,-1.01,0.11,0.28
183809009,-1.01,0.11,0.28
183811007,-1.01,0.11,0.28
183813008,-1.01,0.11,0.28
183815128,-1.00,0.10,0.27
183817006,-1.00,0.10,0.27
183818971,-1.00,0.10,0.27
183820970,-1.00,0.10,0.27
183822977,-1.00,0.10,0.27
183824994,-0.97,0.17,0.23
183827019,-0.97,0.17,0.23
183828978,-0.97,0.17,0.23
183830970,-0.97,0.17,0.23
183832965,-0.97,0.17,0.23
183834968,-0.92,0.27,0.14
183836967,-0.92,0.27,0.14
183838968,-0.92,0.27,0.14
183841132,-0.92,0.27,0.14
183843012,-0.92,0.27,0.14
183845008,-0.89,0.41,0.04
183847005,-0.89,0.41,0.04
183849006,-0.89,0.41,0.04
183851026,-0.89,0.41,0.04
183853061,-0.89,0.41,0.04
183855023,-0.89,0.41,0.04
183857000,-0.90,0.48,-0.01
183858967,-0.90,0.48,-0.01
183860966,-0.90,0.48,-0.01
183862966,-0.90,0.48,-0.01
183865129,-0.90,0.48,-0.01
183867007,-0.91,0.42,-0.04
183868974,-0.91,0.42,-0.04
183870969,-0.91,0.42,-0.04
183872966,-0.91,0.42,-0.04
183874969,-0.91,0.42,-0.04
183876966,-0.94,0.30,0.02
183878974,-0.94,0.30,0.02
183881044,-0.94,0.30,0.02
183883034,-0.94,0.30,0.02
183885013,-0.94,0.30,0.02
183887007,-0.96,0.17,0.13
183889031,-0.96,0.17,0.13
183891145,-0.96,0.17,0.13
183893016,-0.96,0.17,0.13
183895038,-0.96,0.17,0.13
183897011,-0.96,0.07,0.23
183899068,-0.96,0.07,0.23
183901025,-0.96,0.07,0.23
183903002,-0.96,0.07,0.23
183904975,-0.96,0.07,0.23
183906969,-0.98,0.04,0.27
183908971,-0.98,0.04,0.27
183910970,-0.98,0.04,0.27
183912967,-0.98,0.04,0.27
183915072,-0.98,0.04,0.27
183916984,-0.99,0.11,0.24
183918971,-0.99,0.11,0.24
183921060,-0.99,0.11,0.24
183923057,-0.99,0.11,0.24
183925025,-0.99,0.11,0.24
183927012,-0.96,0.24,0.16
183929015,-0.96,0.24,0.16
183931035,-0.96,0.24,0.16
183933021,-0.96,0.24,0.16
183935008,-0.96,0.24,0.16
183937008,-0.96,0.24,0.16
183939001,-0.98,0.69,0.11
183941080,-0.98,0.69,0.11
183943027,-0.98,0.69,0.11
183945019,-0.98,0.69,0.11
183946978,-0.98,0.69,0.11
183948967,-0.96,0.29,0.04
183950974,-0.96,0.29,0.04
183952971,-0.96,0.29,0.04
183954968,-0.96,0.29,0.04
183956967,-0.96,0.29,0.04
183958970,-0.99,0.18,-0.09
183961048,-0.99,0.18,-0.09
183963025,-0.99,0.18,-0.09
183965119,-0.99,0.18,-0.09
183967016,-0.99,0.18,-0.09
183969011,-0.95,0.25,0.09
183971029,-0.95,0.25,0.09
183973029,-0.95,0.25,0.09
183975014,-0.95,0.25,0.09
183977009,-0.95,0.25,0.09
183979027,-0.92,0.34,0.08
183981016,-0.92,0.34,0.08
183982975,-0.92,0.34,0.08
183984970,-0.92,0.34,0.08
183986966,-0.92,0.34,0.08
183988971,-0.95,0.27,0.11
183991074,-0.95,0.27,0.11
183992978,-0.95,0.27,0.11
183995015,-0.95,0.27,0.11
183997025,-0.95,0.27,0.11
183998999,-0.94,0.28,0.09
184001030,-0.94,0.28,0.09
184003013,-0.94,0.28,0.09
184005006,-0.94,0.28,0.09
184007017,-0.94,0.28,0.09
184009043,-0.94,0.28,0.09
184011017,-0.95,0.27,0.10
184013010,-0.95,0.27,0.10
184015108,-0.95,0.27,0.10
184016978,-0.95,0.27,0.10
184018978,-0.95,0.27,0.10
184020979,-0.95,0.26,0.11
184023011,-0.95,0.26,0.11
184024967,-0.95,0.26,0.11
184027050,-0.95,0.26,0.11
184029006,-0.95,0.26,0.11
184030967,-0.95,0.27,0.08
184032968,-0.95,0.27,0.08
184034968,-0.95,0.27,0.08
184036969,-0.95,0.27,0.08
184038971,-0.95,0.27,0.08
184041128,-0.95,0.26,0.11
184043052,-0.95,0.26,0.11
184045030,-0.95,0.26,0.11
184047012,-0.95,0.26,0.11
184049007,-0.95,0.26,0.11
184051042,-0.95,0.27,0.08
184053035,-0.95,0.27,0.08
184055017,-0.95,0.27,0.08
184057008,-0.95,0.27,0.08
184058969,-0.95,0.27,0.08
184060968,-0.95,0.27,0.10
184062969,-0.95,0.27,0.10
184065084,-0.95,0.27,0.10
184067044,-0.95,0.27,0.10
184068992,-0.95,0.27,0.10
184070959,-0.94,0.28,0.06
184072959,-0.94,0.28,0.06
184074986,-0.94,0.28,0.06
184077020,-0.94,0.28,0.06
184078967,-0.94,0.28,0.06
184081026,-0.94,0.28,0.06
184083012,-0.94,0.28,0.06
184085009,-0.94,0.28,0.06
184087009,-0.94,0.28,0.06
184089017,-0.94,0.28,0.06
184091145,-0.94,0.28,0.06
184093020,-0.95,0.27,0.07
184095030,-0.95,0.27,0.07
184097005,-0.95,0.27,0.07
184098967,-0.95,0.27,0.07
184101061,-0.95,0.27,0.07
184102997,-0.95,0.27,0.07
184104969,-0.95,0.27,0.07
184106957,-0.95,0.27,0.07
184108967,-0.95,0.27,0.07
184110999,-0.95,0.27,0.07
184113013,-0.95,0.26,0.07
184115065,-0.95,0.26,0.07
184116979,-0.95,0.26,0.07
184118965,-0.95,0.26,0.07
184121033,-0.95,0.26,0.07
184123035,-0.95,0.26,0.08
184125019,-0.95,0.26,0.08
184127010,-0.95,0.26,0.08
184129008,-0.95,0.26,0.08
184131008,-0.95,0.26,0.08
184133007,-0.95,0.27,0.06
184134991,-0.95,0.27,0.06
184136969,-0.95,0.27,0.06
184138970,-0.95,0.27,0.06
184141066,-0.95,0.27,0.06
184142969,-0.95,0.27,0.06
184144967,-0.95,0.27,0.06
184147051,-0.95,0.27,0.06
184149009,-0.95,0.27,0.06
184150969,-0.95,0.27,0.06
184152968,-0.95,0.27,0.06
184154971,-0.95,0.26,0.06
184156970,-0.95,0.26,0.06
184159015,-0.95,0.26,0.06
184161046,-0.95,0.26,0.06
184163027,-0.95,0.26,0.06
184165114,-0.95,0.26,0.06
184167014,-0.95,0.26,0.06
184169052,-0.95,0.26,0.06
184171030,-0.95,0.26,0.06
184173009,-0.95,0.26,0.06
184175007,-0.95,0.26,0.05
184177005,-0.95,0.26,0.05
184178977,-0.95,0.26,0.05
184181044,-0.95,0.26,0.05
184182979,-0.95,0.26,0.05
184184970,-0.95,0.27,0.05
184186970,-0.95,0.27,0.05
184189038,-0.95,0.27,0.05
184191092,-0.95,0.27,0.05
184192973,-0.95,0.27,0.05
184195013,-0.95,0.26,0.05
184196970,-0.95,0.26,0.05
184198967,-0.95,0.26,0.05
184201033,-0.95,0.26,0.05
184203012,-0.95,0.26,0.05
184205013,-0.96,0.25,0.03
184207044,-0.96,0.25,0.03
184209040,-0.96,0.25,0.03
184211014,-0.96,0.25,0.03
184213015,-0.96,0.25,0.03
184215131,-0.97,0.23,0.03
184217072,-0.97,0.23,0.03
184218992,-0.97,0.23,0.03
184220968,-0.97,0.23,0.03
184222975,-0.97,0.23,0.03
184224971,-0.97,0.24,0.01
184227002,-0.97,0.24,0.01
184229021,-0.97,0.24,0.01
184230968,-0.97,0.24,0.01
184232958,-0.97,0.24,0.01
184234958,-0.97,0.24,0.01
184236957,-0.96,0.23,0.01
184238968,-0.96,0.23,0.01
184241136,-0.96,0.23,0.01
184243012,-0.96,0.23,0.01
184245013,-0.96,0.23,0.01
184247026,-0.96,0.24,0.02
184249028,-0.96,0.24,0.02
184251016,-0.96,0.24,0.02
184253009,-0.96,0.24,0.02
184254998,-0.96,0.24,0.02
184257036,-0.96,0.24,0.01
184259012,-0.96,0.24,0.01
184260969,-0.96,0.24,0.01
184262967,-0.96,0.24,0.01
184265061,-0.96,0.24,0.01
184267022,-0.95,0.26,0.00
184268966,-0.95,0.26,0.00
184270967,-0.95,0.26,0.00
184272958,-0.95,0.26,0.00
184274967,-0.95,0.26,0.00
184276968,-0.95,0.25,0.01
184278966,-0.95,0.25,0.01
184281026,-0.95,0.25,0.01
184283012,-0.95,0.25,0.01
184285008,-0.95,0.25,0.01
184287034,-0.95,0.27,0.00
184289043,-0.95,0.27,0.00
184291114,-0.95,0.27,0.00
184293019,-0.95,0.27,0.00
184295032,-0.95,0.27,0.00
184297049,-0.95,0.28,0.00
184299034,-0.95,0.28,0.00
184300996,-0.95,0.28,0.00
184302968,-0.95,0.28,0.00
184304974,-0.95,0.28,0.00
184307035,-0.95,0.28,0.00
184308985,-0.93,0.29,0.00
184310967,-0.93,0.29,0.00
184312970,-0.93,0.29,0.00
184315063,-0.93,0.29,0.00
184316987,-0.93,0.29,0.00
184319019,-0.94,0.29,0.00
184321031,-0.94,0.29,0.00
184323019,-0.94,0.29,0.00
184325014,-0.94,0.29,0.00
184327014,-0.94,0.29,0.00
184329034,-0.94,0.30,-0.00
184331011,-0.94,0.30,-0.00
184333010,-0.94,0.30,-0.00
184335032,-0.94,0.30,-0.00
184337014,-0.94,0.30,-0.00
184338967,-0.94,0.29,-0.00
184341073,-0.94,0.29,-0.00
184342968,-0.94,0.29,-0.00
184344965,-0.94,0.29,-0.00
184347019,-0.94,0.29,-0.00
184348966,-0.94,0.30,-0.01
184350959,-0.94,0.30,-0.01
184352977,-0.94,0.30,-0.01
184354967,-0.94,0.30,-0.01
184356967,-0.94,0.30,-0.01
184358968,-0.94,0.31,0.00
184361027,-0.94,0.31,0.00
184363012,-0.94,0.31,0.00
184365109,-0.94,0.31,0.00
184367035,-0.94,0.31,0.00
184369066,-0.94,0.31,-0.01
184371025,-0.94,0.31,-0.01
184373012,-0.94,0.31,-0.01
184375010,-0.94,0.31,-0.01
184376996,-0.94,0.31,-0.01
184379037,-0.94,0.32,-0.00
184380969,-0.94,0.32,-0.00
184382972,-0.94,0.32,-0.00
184384966,-0.94,0.32,-0.00
184387019,-0.94,0.32,-0.00
184388968,-0.94,0.32,-0.00
184391073,-0.93,0.32,-0.01
184392973,-0.93,0.32,-0.01
184395012,-0.93,0.32,-0.01
184396967,-0.93,0.32,-0.01
184398966,-0.93,0.32,-0.01
184401031,-0.93,0.31,-0.01
184403013,-0.93,0.31,-0.01
184405003,-0.93,0.31,-0.01
184407008,-0.93,0.31,-0.01
184409009,-0.93,0.31,-0.01
184411016,-0.93,0.32,-0.02
184413060,-0.93,0.32,-0.02
184415121,-0.93,0.32,-0.02
184416980,-0.93,0.32,-0.02
184418977,-0.93,0.32,-0.02
184420972,-0.93,0.32,0.00
184422967,-0.93,0.32,0.00
184424971,-0.93,0.32,0.00
184426974,-0.93,0.32,0.00
184428969,-0.93,0.32,0.00
184430969,-0.93,0.33,-0.01
184432967,-0.93,0.33,-0.01
184434967,-0.93,0.33,-0.01
184436968,-0.93,0.33,-0.01
184438965,-0.93,0.33,-0.01
184441085,-0.93,0.33,-0.02
184443008,-0.93,0.33,-0.02
184445006,-0.93,0.33,-0.02
184447051,-0.93,0.33,-0.02
184449033,-0.93,0.33,-0.02
184451011,-0.93,0.33,-0.02
184453007,-0.93,0.33,-0.02
184455004,-0.93,0.33,-0.02
184457019,-0.93,0.33,-0.02
184459021,-0.93,0.33,-0.02
184460966,-0.93,0.33,-0.02
184462967,-0.93,0.32,-0.02
184465061,-0.93,0.32,-0.02
184467018,-0.93,0.32,-0.02
184468959,-0.93,0.32,-0.02
184470957,-0.93,0.32,-0.02
184472958,-0.93,0.32,-0.02
184474966,-0.93,0.32,-0.02
184476959,-0.93,0.32,-0.02
184478968,-0.93,0.32,-0.02
184481025,-0.93,0.32,-0.02
184483009,-0.93,0.32,-0.02
184485007,-0.93,0.32,-0.02
184487035,-0.93,0.32,-0.02
184489035,-0.93,0.32,-0.02
184491126,-0.93,0.32,-0.02
184493013,-0.93,0.32,0.00
184495029,-0.93,0.32,0.00
184497041,-0.93,0.32,0.00
184499032,-0.93,0.32,0.00
184500998,-0.93,0.32,0.00
184502967,-0.94,0.32,0.00
184504967,-0.94,0.32,0.00
184507045,-0.94,0.32,0.00
184508995,-0.94,0.32,0.00
184510970,-0.94,0.32,0.00
184512995,-0.94,0.31,-0.01
184515119,-0.94,0.31,-0.01
184516976,-0.94,0.31,-0.01
184518968,-0.94,0.31,-0.01
184521030,-0.94,0.31,-0.01
184523012,-0.93,0.32,-0.02
184525011,-0.93,0.32,-0.02
184527035,-0.93,0.32,-0.02
184529035,-0.93,0.32,-0.02
184531018,-0.93,0.32,-0.02
184533009,-0.93,0.32,-0.02
184535003,-0.94,0.30,-0.00
184536967,-0.94,0.30,-0.00
184538977,-0.94,0.30,-0.00
184541160,-0.94,0.30,-0.00
184542993,-0.94,0.30,-0.00
184544967,-0.94,0.30,-0.01
184546965,-0.94,0.30,-0.01
184548967,-0.94,0.30,-0.01
184551026,-0.94,0.30,-0.01
184552985,-0.94,0.30,-0.01
184554974,-0.94,0.31,-0.02
184556970,-0.94,0.31,-0.02
184558968,-0.94,0.31,-0.02
184561032,-0.94,0.31,-0.02
184563008,-0.94,0.31,-0.02
184565108,-0.93,0.30,-0.01
184567034,-0.93,0.30,-0.01
184569044,-0.93,0.30,-0.01
184571021,-0.93,0.30,-0.01
184573011,-0.93,0.30,-0.01
184575013,-0.94,0.30,-0.01
184577037,-0.94,0.30,-0.01
184579015,-0.94,0.30,-0.01
184580966,-0.94,0.30,-0.01
184582966,-0.94,0.30,-0.01
184584969,-0.95,0.29,0.00
184587016,-0.95,0.29,0.00
184588959,-0.95,0.29,0.00
184591074,-0.95,0.29,0.00
184592972,-0.95,0.29,0.00
184595012,-0.95,0.27,0.00
184596968,-0.95,0.27,0.00
184598968,-0.95,0.27,0.00
184601029,-0.95,0.27,0.00
184603015,-0.95,0.27,0.00
184605011,-0.95,0.27,0.00
184607029,-0.95,0.27,0.00
184609039,-0.95,0.27,0.00
184611021,-0.95,0.27,0.00
184613011,-0.95,0.27,0.00
184615113,-0.95,0.27,0.00
184617055,-0.95,0.27,0.00
184618998,-0.95,0.27,0.00
184620968,-0.95,0.27,0.00
184622967,-0.95,0.27,0.00
184624966,-0.95,0.27,0.00
184626968,-0.95,0.27,0.00
184628966,-0.95,0.27,0.00
184630976,-0.95,0.27,0.00
184633019,-0.95,0.27,0.00
184635013,-0.95,0.27,0.00
184636985,-0.95,0.28,0.01
184638971,-0.95,0.28,0.01
184641138,-0.95,0.28,0.01
184643009,-0.95,0.28,0.01
184645010,-0.95,0.28,0.01
184647025,-0.95,0.30,0.01
184649040,-0.95,0.30,0.01
184651018,-0.95,0.30,0.01
184653007,-0.95,0.30,0.01
184655007,-0.95,0.30,0.01
184656966,-0.94,0.29,0.02
184658967,-0.94,0.29,0.02
184660974,-0.94,0.29,0.02
184662969,-0.94,0.29,0.02
184665066,-0.94,0.29,0.02
184667102,-0.93,0.32,0.02
184668996,-0.93,0.32,0.02
184670974,-0.93,0.32,0.02
184672967,-0.93,0.32,0.02
184674978,-0.93,0.32,0.02
184677015,-0.93,0.32,0.03
184678966,-0.93,0.32,0.03
184681032,-0.93,0.32,0.03
184683012,-0.93,0.32,0.03
184685008,-0.93,0.32,0.03
184687020,-0.93,0.32,0.03
184689038,-0.93,0.32,0.02
184691124,-0.93,0.32,0.02
184693014,-0.93,0.32,0.02
184695032,-0.93,0.32,0.02
184697036,-0.93,0.32,0.02
184699032,-0.93,0.31,0.02
184701007,-0.93,0.31,0.02
184703135,-0.93,0.31,0.02
184704989,-0.93,0.31,0.02
184706983,-0.93,0.31,0.02
184709043,-0.94,0.30,0.03
184710990,-0.94,0.30,0.03
184712971,-0.94,0.30,0.03
184715074,-0.94,0.30,0.03
184717022,-0.94,0.30,0.03
184718971,-0.94,0.30,0.02
184721031,-0.94,0.30,0.02
184723016,-0.94,0.30,0.02
184725011,-0.94,0.30,0.02
184727014,-0.94,0.30,0.02
184729014,-0.94,0.30,0.03
184731015,-0.94,0.30,0.03
184733014,-0.94,0.30,0.03
184734975,-0.94,0.30,0.03
184736976,-0.94,0.30,0.03
184738978,-0.94,0.29,0.02
184741078,-0.94,0.29,0.02
184743006,-0.94,0.29,0.02
184745067,-0.94,0.29,0.02
184747012,-0.94,0.29,0.02
184748976,-0.94,0.30,0.02
184750972,-0.94,0.30,0.02
184752972,-0.94,0.30,0.02
184755014,-0.94,0.30,0.02
184757011,-0.94,0.30,0.02
184758974,-0.94,0.30,0.02
184761031,-0.94,0.31,0.02
184763017,-0.94,0.31,0.02
184765114,-0.94,0.31,0.02
184767043,-0.94,0.31,0.02
184769040,-0.94,0.31,0.02
184771025,-0.93,0.32,0.01
184773014,-0.93,0.32,0.01
184775017,-0.93,0.32,0.01
184777092,-0.93,0.32,0.01
184779011,-0.93,0.32,0.01
184780970,-0.93,0.33,0.01
184782975,-0.93,0.33,0.01
184785006,-0.93,0.33,0.01
184787025,-0.93,0.33,0.01
184788972,-0.93,0.33,0.01
184791080,-0.93,0.33,0.02
184793028,-0.93,0.33,0.02
184795020,-0.93,0.33,0.02
184796971,-0.93,0.33,0.02
184798968,-0.93,0.33,0.02
184801031,-0.93,0.33,0.01
184803018,-0.93,0.33,0.01
184805012,-0.93,0.33,0.01
184807027,-0.93,0.33,0.01
184809041,-0.93,0.33,0.01
184811019,-0.94,0.32,0.02
184813015,-0.94,0.32,0.02
184815118,-0.94,0.32,0.02
184817045,-0.94,0.32,0.02
184819015,-0.94,0.32,0.02
184820976,-0.93,0.32,0.02
184822973,-0.93,0.32,0.02
184824986,-0.93,0.32,0.02
184827019,-0.93,0.32,0.02
184828974,-0.93,0.32,0.02
184830970,-0.93,0.32,0.02
184832972,-0.94,0.31,0.02
184834974,-0.94,0.31,0.02
184836972,-0.94,0.31,0.02
184838981,-0.94,0.31,0.02
184841148,-0.94,0.31,0.02
184843037,-0.93,0.32,0.01
184845015,-0.93,0.32,0.01
184847013,-0.93,0.32,0.01
184849036,-0.93,0.32,0.01
184851028,-0.93,0.32,0.01
184853021,-0.94,0.32,0.03
184855016,-0.94,0.32,0.03
184857011,-0.94,0.32,0.03
184859049,-0.94,0.32,0.03
184861008,-0.94,0.32,0.03
184862980,-0.93,0.32,0.02
184865067,-0.93,0.32,0.02
184866983,-0.93,0.32,0.02
184868977,-0.93,0.32,0.02
184870982,-0.93,0.32,0.02
184873022,-0.93,0.33,0.01
184874973,-0.93,0.33,0.01
184876969,-0.93,0.33,0.01
184878980,-0.93,0.33,0.01
184881028,-0.93,0.33,0.01
184883017,-0.93,0.34,0.01
184885011,-0.93,0.34,0.01
184887025,-0.93,0.34,0.01
184889041,-0.93,0.34,0.01
184891129,-0.93,0.34,0.01
184893018,-0.92,0.35,-0.01
184895030,-0.92,0.35,-0.01
184897048,-0.92,0.35,-0.01
184899045,-0.92,0.35,-0.01
184901008,-0.92,0.35,-0.01
184902974,-0.93,0.35,0.00
184904971,-0.93,0.35,0.00
184907053,-0.93,0.35,0.00
184909007,-0.93,0.35,0.00
184910976,-0.93,0.35,0.00
184912975,-0.93,0.35,0.00
184915085,-0.93,0.34,0.02
184917023,-0.93,0.34,0.02
184918976,-0.93,0.34,0.02
184921034,-0.93,0.34,0.02
184923016,-0.93,0.34,0.02
184925012,-0.93,0.35,0.00
184927036,-0.93,0.35,0.00
184929042,-0.93,0.35,0.00
184931016,-0.93,0.35,0.00
184933018,-0.93,0.35,0.00
184935006,-0.92,0.35,0.00
184936971,-0.92,0.35,0.00
184938972,-0.92,0.35,0.00
184941079,-0.92,0.35,0.00
184943021,-0.92,0.35,0.00
184945041,-0.92,0.35,-0.01
184946996,-0.92,0.35,-0.01
184948969,-0.92,0.35,-0.01
184950975,-0.92,0.35,-0.01
184952991,-0.92,0.35,-0.01
184955021,-0.92,0.35,0.00
184956968,-0.92,0.35,0.00
184958969,-0.92,0.35,0.00
184961030,-0.92,0.35,0.00
184963016,-0.92,0.35,0.00
184965120,-0.92,0.36,0.00
184967038,-0.92,0.36,0.00
184969043,-0.92,0.36,0.00
184971022,-0.92,0.36,0.00
184973012,-0.92,0.36,0.00
184975015,-0.92,0.36,0.01
184977044,-0.92,0.36,0.01
184979013,-0.92,0.36,0.01
184980978,-0.92,0.36,0.01
184982975,-0.92,0.36,0.01
184984972,-0.92,0.36,0.01
184987020,-0.92,0.37,0.02
184988975,-0.92,0.37,0.02
184991079,-0.92,0.37,0.02
184992979,-0.92,0.37,0.02
184995015,-0.92,0.37,0.02
184996971,-0.91,0.38,0.02
184998974,-0.91,0.38,0.02
185001033,-0.91,0.38,0.02
185003017,-0.91,0.38,0.02
185005016,-0.91,0.38,0.02
185007015,-0.91,0.39,0.03
185009017,-0.91,0.39,0.03
185011017,-0.91,0.39,0.03
185013050,-0.91,0.39,0.03
185015119,-0.91,0.39,0.03
185016980,-0.91,0.39,0.02
185018972,-0.91,0.39,0.02
185020969,-0.91,0.39,0.02
185022971,-0.91,0.39,0.02
185024975,-0.91,0.39,0.02
185027019,-0.91,0.37,0.03
185028975,-0.91,0.37,0.03
185030975,-0.91,0.37,0.03
185032972,-0.91,0.37,0.03
185034968,-0.91,0.37,0.03
185036972,-0.91,0.38,0.03
185038970,-0.91,0.38,0.03
185041128,-0.91,0.38,0.03
185043012,-0.91,0.38,0.03
185045014,-0.91,0.38,0.03
185047010,-0.90,0.39,0.02
185049011,-0.90,0.39,0.02
185051021,-0.90,0.39,0.02
185053062,-0.90,0.39,0.02
185055025,-0.90,0.39,0.02
185057010,-0.91,0.39,0.04
185058979,-0.91,0.39,0.04
185060979,-0.91,0.39,0.04
185063053,-0.91,0.39,0.04
185065103,-0.91,0.39,0.04
185066981,-0.91,0.39,0.04
185068970,-0.91,0.39,0.04
185071020,-0.91,0.39,0.04
185072978,-0.91,0.39,0.04
185074978,-0.91,0.39,0.04
185076970,-0.91,0.39,0.04
185078972,-0.91,0.38,0.04
185081029,-0.91,0.38,0.04
185083016,-0.91,0.38,0.04
185085017,-0.91,0.38,0.04
185087017,-0.91,0.38,0.04
185089013,-0.91,0.38,0.04
185091116,-0.91,0.38,0.04
185093021,-0.91,0.38,0.04
185095063,-0.91,0.38,0.04
185097015,-0.91,0.38,0.04
185098977,-0.91,0.38,0.05
185100975,-0.91,0.38,0.05
185102970,-0.91,0.38,0.05
185104974,-0.91,0.38,0.05
185106976,-0.91,0.38,0.05
185109013,-0.91,0.38,0.06
185110999,-0.91,0.38,0.06
185112970,-0.91,0.38,0.06
185115073,-0.91,0.38,0.06
185116999,-0.91,0.38,0.06
185119021,-0.90,0.38,0.05
185121042,-0.90,0.38,0.05
185123018,-0.90,0.38,0.05
185125019,-0.90,0.38,0.05
185127017,-0.90,0.38,0.05
185129032,-0.91,0.38,0.06
185131031,-0.91,0.38,0.06
185133017,-0.91,0.38,0.06
185135011,-0.91,0.38,0.06
185137044,-0.91,0.38,0.06
185139012,-0.91,0.38,0.06
185141079,-0.91,0.39,0.05
185142972,-0.91,0.39,0.05
185144970,-0.91,0.39,0.05
185146968,-0.91,0.39,0.05
185148979,-0.91,0.39,0.05
185151007,-0.90,0.39,0.06
185153029,-0.90,0.39,0.06
185154994,-0.90,0.39,0.06
185156972,-0.90,0.39,0.06
185158968,-0.90,0.39,0.06
185161032,-0.90,0.39,0.06
185163009,-0.90,0.39,0.06
185165110,-0.90,0.39,0.06
185167031,-0.90,0.39,0.06
185169034,-0.90,0.39,0.06
185171014,-0.90,0.39,0.06
185173011,-0.90,0.39,0.06
185175008,-0.90,0.39,0.06
185176969,-0.90,0.39,0.06
185178966,-0.90,0.39,0.06
185180967,-0.90,0.39,0.05
185182978,-0.90,0.39,0.05
185185041,-0.90,0.39,0.05
185186992,-0.90,0.39,0.05
185188968,-0.90,0.39,0.05
185191087,-0.90,0.39,0.05
185192969,-0.90,0.39,0.05
185194989,-0.90,0.39,0.05
185197007,-0.90,0.39,0.05
185198970,-0.90,0.39,0.05
185201026,-0.91,0.39,0.06
185203007,-0.91,0.39,0.06
185205050,-0.91,0.39,0.06
185207036,-0.91,0.39,0.06
185209012,-0.91,0.39,0.06
185211007,-0.91,0.39,0.06
185213015,-0.90,0.40,0.06
185215129,-0.90,0.40,0.06
185217026,-0.90,0.40,0.06
185218968,-0.90,0.40,0.06
185220967,-0.90,0.40,0.06
185222967,-0.90,0.40,0.05
185224959,-0.90,0.40,0.05
185227067,-0.90,0.40,0.05
185228999,-0.90,0.40,0.05
185230969,-0.90,0.40,0.05
185233012,-0.90,0.40,0.05
185235006,-0.90,0.40,0.05
185236969,-0.90,0.40,0.05
185238967,-0.90,0.40,0.05
185241137,-0.90,0.40,0.05
185243011,-0.89,0.41,0.04
185245008,-0.89,0.41,0.04
185247007,-0.89,0.41,0.04
185249010,-0.89,0.41,0.04
185251031,-0.89,0.41,0.04
185253038,-0.89,0.41,0.05
185255014,-0.89,0.41,0.05
185257008,-0.89,0.41,0.05
185258971,-0.89,0.41,0.05
185260967,-0.89,0.41,0.05
185262967,-0.89,0.41,0.06
185265069,-0.89,0.41,0.06
185267040,-0.89,0.41,0.06
185268994,-0.89,0.41,0.06
185270978,-0.89,0.41,0.06
185272990,-0.90,0.41,0.05
185275021,-0.90,0.41,0.05
185276971,-0.90,0.41,0.05
185278959,-0.90,0.41,0.05
185281027,-0.90,0.41,0.05
185283014,-0.89,0.41,0.05
185285011,-0.89,0.41,0.05
185287033,-0.89,0.41,0.05
185289033,-0.89,0.41,0.05
185291116,-0.89,0.41,0.05
185293018,-0.89,0.41,0.05
185295016,-0.90,0.41,0.05
185297055,-0.90,0.41,0.05
185299016,-0.90,0.41,0.05
185300979,-0.90,0.41,0.05
185302967,-0.90,0.41,0.05
185304967,-0.89,0.42,0.04
185307029,-0.89,0.42,0.04
185308970,-0.89,0.42,0.04
185310969,-0.89,0.42,0.04
185312991,-0.89,0.42,0.04
185315119,-0.89,0.42,0.05
185316975,-0.89,0.42,0.05
185318979,-0.89,0.42,0.05
185321030,-0.89,0.42,0.05
185323021,-0.89,0.42,0.05
185325016,-0.89,0.41,0.05
185327010,-0.89,0.41,0.05
185329007,-0.89,0.41,0.05
185331006,-0.89,0.41,0.05
185333008,-0.89,0.41,0.05
185334973,-0.89,0.41,0.04
185336970,-0.89,0.41,0.04
185338971,-0.89,0.41,0.04
185341071,-0.89,0.41,0.04
185342971,-0.89,0.41,0.04
185345049,-0.89,0.42,0.05
185347008,-0.89,0.42,0.05
185348970,-0.89,0.42,0.05
185350971,-0.89,0.42,0.05
185352966,-0.89,0.42,0.05
185355014,-0.89,0.41,0.06
185356985,-0.89,0.41,0.06
185358971,-0.89,0.41,0.06
185361031,-0.89,0.41,0.06
185363034,-0.89,0.41,0.06
185365123,-0.89,0.41,0.06
185367014,-0.89,0.42,0.05
185369030,-0.89,0.42,0.05
185371050,-0.89,0.42,0.05
185373029,-0.89,0.42,0.05
185375010,-0.89,0.42,0.05
185377011,-0.89,0.43,0.05
185378971,-0.89,0.43,0.05
185380969,-0.89,0.43,0.05
185383025,-0.89,0.43,0.05
185385015,-0.89,0.43,0.05
185386969,-0.89,0.43,0.05
185388973,-0.89,0.43,0.05
185391071,-0.89,0.43,0.05
185393021,-0.89,0.43,0.05
185394988,-0.89,0.43,0.05
185396968,-0.89,0.42,0.05
185398958,-0.89,0.42,0.05
185401109,-0.89,0.42,0.05
185403021,-0.89,0.42,0.05
185405010,-0.89,0.42,0.05
185407008,-0.89,0.42,0.06
185409006,-0.89,0.42,0.06
185411012,-0.89,0.42,0.06
185413030,-0.89,0.42,0.06
185415124,-0.89,0.42,0.06
185417000,-0.89,0.42,0.05
185418969,-0.89,0.42,0.05
185420970,-0.89,0.42,0.05
185422967,-0.89,0.42,0.05
185424969,-0.89,0.42,0.05
185426973,-0.89,0.42,0.05
185428968,-0.89,0.42,0.05
185430971,-0.89,0.42,0.05
185433035,-0.89,0.42,0.05
185435018,-0.89,0.42,0.05
185436968,-0.89,0.42,0.05
185438969,-0.89,0.43,0.06
185441136,-0.89,0.43,0.06
185443042,-0.89,0.43,0.06
185445027,-0.89,0.43,0.06
185447012,-0.89,0.43,0.06
185449002,-0.89,0.42,0.07
185451022,-0.89,0.42,0.07
185453032,-0.89,0.42,0.07
185455040,-0.89,0.42,0.07
185457009,-0.89,0.42,0.07
185459001,-0.89,0.42,0.05
185460968,-0.89,0.42,0.05
185462968,-0.89,0.42,0.05
185465063,-0.89,0.42,0.05
185467063,-0.89,0.42,0.05
185469013,-0.89,0.42,0.05
185470969,-0.89,0.42,0.05
185472969,-0.89,0.42,0.05
185474971,-0.89,0.42,0.05
185477016,-0.89,0.42,0.05
185478967,-0.89,0.41,0.05
185481027,-0.89,0.41,0.05
185483012,-0.89,0.41,0.05
185485008,-0.89,0.41,0.05
185487021,-0.89,0.41,0.05
185489060,-0.89,0.42,0.06
185491131,-0.89,0.42,0.06
185493015,-0.89,0.42,0.06
185495019,-0.89,0.42,0.06
185497012,-0.89,0.42,0.06
185499044,-0.89,0.42,0.06
185501016,-0.89,0.42,0.06
185502970,-0.89,0.42,0.06
185505001,-0.89,0.42,0.06
185506996,-0.89,0.42,0.06
185509004,-0.89,0.42,0.06
185511020,-0.89,0.41,0.06
185512967,-0.89,0.41,0.06
185514959,-0.89,0.41,0.06
185516982,-0.89,0.41,0.06
185518971,-0.89,0.41,0.06
185521031,-0.89,0.41,0.05
185523013,-0.89,0.41,0.05
185525009,-0.89,0.41,0.05
185527009,-0.89,0.41,0.05
185529009,-0.89,0.41,0.05
185531006,-0.89,0.41,0.05
185533009,-0.89,0.41,0.05
185534971,-0.89,0.41,0.05
185536967,-0.89,0.41,0.05
185538957,-0.89,0.41,0.05
185541069,-0.89,0.42,0.04
185542968,-0.89,0.42,0.04
185544968,-0.89,0.42,0.04
185546968,-0.89,0.42,0.04
185548966,-0.89,0.42,0.04
185550967,-0.89,0.42,0.05
185552968,-0.89,0.42,0.05
185554968,-0.89,0.42,0.05
185556970,-0.89,0.42,0.05
185558969,-0.89,0.42,0.05
185561012,-0.89,0.42,0.05
185563009,-0.89,0.42,0.05
185565085,-0.89,0.42,0.05
185567008,-0.89,0.42,0.05
185569009,-0.89,0.42,0.05
185571008,-0.89,0.42,0.05
185572972,-0.89,0.42,0.05
185574979,-0.89,0.42,0.05
185576969,-0.89,0.42,0.05
185578996,-0.89,0.42,0.05
185581001,-0.89,0.43,0.02
185582967,-0.89,0.43,0.02
185584969,-0.89,0.43,0.02
185587047,-0.89,0.43,0.02
185589010,-0.89,0.43,0.02
185591073,-0.89,0.43,0.02
185592974,-0.89,0.43,0.03
185594988,-0.89,0.43,0.03
185596967,-0.89,0.43,0.03
185598980,-0.89,0.43,0.03
185601023,-0.89,0.43,0.03
185603010,-0.88,0.44,0.02
185605012,-0.88,0.44,0.02
185607020,-0.88,0.44,0.02
185609011,-0.88,0.44,0.02
185611011,-0.88,0.44,0.02
185612996,-0.89,0.43,0.01
185615052,-0.89,0.43,0.01
185616974,-0.89,0.43,0.01
185618967,-0.89,0.43,0.01
185620969,-0.89,0.43,0.01
185622968,-0.88,0.43,0.02
185624971,-0.88,0.43,0.02
185626966,-0.88,0.43,0.02
185628972,-0.88,0.43,0.02
185630969,-0.88,0.43,0.02
185632971,-0.88,0.43,0.03
185634970,-0.88,0.43,0.03
185636968,-0.88,0.43,0.03
185638967,-0.88,0.43,0.03
185641083,-0.88,0.43,0.03
185643013,-0.88,0.45,-0.00
185645014,-0.88,0.45,-0.00
185647025,-0.88,0.45,-0.00
185649017,-0.88,0.45,-0.00
185651026,-0.88,0.45,-0.00
185653010,-0.88,0.45,0.02
185655006,-0.88,0.45,0.02
185656968,-0.88,0.45,0.02
185659015,-0.88,0.45,0.02
185660996,-0.88,0.45,0.02
185662966,-0.88,0.45,0.02
185665084,-0.88,0.44,0.02
185666980,-0.88,0.44,0.02
185668967,-0.88,0.44,0.02
185670966,-0.88,0.44,0.02
185672966,-0.88,0.44,0.02
185674969,-0.88,0.45,-0.01
185676971,-0.88,0.45,-0.01
185678973,-0.88,0.45,-0.01
185681020,-0.88,0.45,-0.01
185683013,-0.88,0.45,-0.01
185685007,-0.88,0.45,0.00
185687013,-0.88,0.45,0.00
185689076,-0.88,0.45,0.00
185691131,-0.88,0.45,0.00
185693014,-0.88,0.45,0.00
185694994,-0.88,0.46,-0.00
185696971,-0.88,0.46,-0.00
185698971,-0.88,0.46,-0.00
185700971,-0.88,0.46,-0.00
185702968,-0.88,0.46,-0.00
185705042,-0.88,0.46,-0.02
185706969,-0.88,0.46,-0.02
185708978,-0.88,0.46,-0.02
185711029,-0.88,0.46,-0.02
185712969,-0.88,0.46,-0.02
185715063,-0.88,0.45,-0.01
185716984,-0.88,0.45,-0.01
185719017,-0.88,0.45,-0.01
185721039,-0.88,0.45,-0.01
185723022,-0.88,0.45,-0.01
185725016,-0.87,0.46,-0.02
185727034,-0.87,0.46,-0.02
185729044,-0.87,0.46,-0.02
185731034,-0.87,0.46,-0.02
185733016,-0.87,0.46,-0.02
185735019,-0.87,0.47,-0.02
185737009,-0.87,0.47,-0.02
185738978,-0.87,0.47,-0.02
185741074,-0.87,0.47,-0.02
185742969,-0.87,0.47,-0.02
185744968,-0.87,0.47,-0.02
185746973,-0.86,0.47,-0.03
185748968,-0.86,0.47,-0.03
185751012,-0.86,0.47,-0.03
185752968,-0.86,0.47,-0.03
185754959,-0.86,0.47,-0.03
185756967,-0.86,0.47,-0.03
185758958,-0.86,0.47,-0.03
185761018,-0.86,0.47,-0.03
185763037,-0.86,0.47,-0.03
185765102,-0.86,0.47,-0.03
185767015,-0.86,0.48,-0.05
185769010,-0.86,0.48,-0.05
185771013,-0.86,0.48,-0.05
185773005,-0.86,0.48,-0.05
185774971,-0.86,0.48,-0.05
185776978,-0.86,0.48,-0.04
185779091,-0.86,0.48,-0.04
185781000,-0.86,0.48,-0.04
185782958,-0.86,0.48,-0.04
185784959,-0.86,0.48,-0.04
185786966,-0.86,0.48,-0.03
185788967,-0.86,0.48,-0.03
185791080,-0.86,0.48,-0.03
185793021,-0.86,0.48,-0.03
185794991,-0.86,0.48,-0.03
185796970,-0.86,0.48,-0.05
185798973,-0.86,0.48,-0.05
185801031,-0.86,0.48,-0.05
185803012,-0.86,0.48,-0.05
185805007,-0.86,0.48,-0.05
185807035,-0.86,0.47,-0.04
185809037,-0.86,0.47,-0.04
185811016,-0.86,0.47,-0.04
185813010,-0.86,0.47,-0.04
185815108,-0.86,0.47,-0.04
185816973,-0.86,0.47,-0.04
185818971,-0.86,0.48,-0.06
185821036,-0.86,0.48,-0.06
185822989,-0.86,0.48,-0.06
185824985,-0.86,0.48,-0.06
185826969,-0.86,0.48,-0.06
185828973,-0.86,0.48,-0.05
185830968,-0.86,0.48,-0.05
185832967,-0.86,0.48,-0.05
185834968,-0.86,0.48,-0.05
185836967,-0.86,0.48,-0.05
185838977,-0.86,0.49,-0.06
185841128,-0.86,0.49,-0.06
185843011,-0.86,0.49,-0.06
185845008,-0.86,0.49,-0.06
185847005,-0.86,0.49,-0.06
185849011,-0.85,0.48,-0.07
185851027,-0.85,0.48,-0.07
185853003,-0.85,0.48,-0.07
185854970,-0.85,0.48,-0.07
185856969,-0.85,0.48,-0.07
185858973,-0.86,0.48,-0.07
185860976,-0.86,0.48,-0.07
185862983,-0.86,0.48,-0.07
185865104,-0.86,0.48,-0.07
185866974,-0.86,0.48,-0.07
185868966,-0.85,0.49,-0.08
185870967,-0.85,0.49,-0.08
185872967,-0.85,0.49,-0.08
185874970,-0.85,0.49,-0.08
185876966,-0.85,0.49,-0.08
185878967,-0.85,0.49,-0.07
185881015,-0.85,0.49,-0.07
185883011,-0.85,0.49,-0.07
185885007,-0.85,0.49,-0.07
185887012,-0.85,0.49,-0.07
185889008,-0.85,0.49,-0.07
185891085,-0.85,0.49,-0.07
185893012,-0.85,0.49,-0.07
185894991,-0.85,0.49,-0.07
185896970,-0.85,0.49,-0.07
185898971,-0.85,0.49,-0.07
185900966,-0.84,0.50,-0.09
185902966,-0.84,0.50,-0.09
185904968,-0.84,0.50,-0.09
185906973,-0.84,0.50,-0.09
185908967,-0.84,0.50,-0.09
185910968,-0.84,0.50,-0.08
185912968,-0.84,0.50,-0.08
185915041,-0.84,0.50,-0.08
185916978,-0.84,0.50,-0.08
185918972,-0.84,0.50,-0.08
185921015,-0.89,0.41,-0.11
185923008,-0.89,0.41,-0.11
185925012,-0.89,0.41,-0.11
185927047,-0.89,0.41,-0.11
185929028,-0.89,0.41,-0.11
185931010,-0.86,0.48,-0.05
185933007,-0.86,0.48,-0.05
185935007,-0.86,0.48,-0.05
185936968,-0.86,0.48,-0.05
185938969,-0.86,0.48,-0.05
185941076,-0.84,0.51,-0.11
185942968,-0.84,0.51,-0.11
185944969,-0.84,0.51,-0.11
185946967,-0.84,0.51,-0.11
185948972,-0.84,0.51,-0.11
185951006,-0.84,0.50,-0.09
185952967,-0.84,0.50,-0.09
185954966,-0.84,0.50,-0.09
185956959,-0.84,0.50,-0.09
185958967,-0.84,0.50,-0.09
185961017,-0.84,0.51,-0.10
185963012,-0.84,0.51,-0.10
185965105,-0.84,0.51,-0.10
185967044,-0.84,0.51,-0.10
185969011,-0.84,0.51,-0.10
185971011,-0.84,0.51,-0.10
185973008,-0.83,0.50,-0.09
185974971,-0.83,0.50,-0.09
185976968,-0.83,0.50,-0.09
185978966,-0.83,0.50,-0.09
185980969,-0.83,0.50,-0.09
185982969,-0.83,0.50,-0.10
185984968,-0.83,0.50,-0.10
185986966,-0.83,0.50,-0.10
185988974,-0.83,0.50,-0.10
185991062,-0.83,0.50,-0.10
185992983,-0.83,0.51,-0.10
185994994,-0.83,0.51,-0.10
185996967,-0.83,0.51,-0.10
185998970,-0.83,0.51,-0.10
186001013,-0.83,0.51,-0.10
186003009,-0.84,0.51,-0.11
186005006,-0.84,0.51,-0.11
186007009,-0.84,0.51,-0.11
186009009,-0.84,0.51,-0.11
186011005,-0.84,0.51,-0.11
186012968,-0.83,0.50,-0.11
186015043,-0.83,0.50,-0.11
186016970,-0.83,0.50,-0.11
186018968,-0.83,0.50,-0.11
186020969,-0.83,0.50,-0.11
186022969,-0.84,0.50,-0.10
186024969,-0.84,0.50,-0.10
186026967,-0.84,0.50,-0.10
186028967,-0.84,0.50,-0.10
186030968,-0.84,0.50,-0.10
186032968,-0.84,0.50,-0.10
186034966,-0.84,0.50,-0.10
186036969,-0.84,0.50,-0.10
186038971,-0.84,0.50,-0.10
186041085,-0.84,0.50,-0.10
186043053,-0.84,0.50,-0.10
186045018,-0.84,0.50,-0.09
186047018,-0.84,0.50,-0.09
186048949,-0.84,0.50,-0.09
186051004,-0.84,0.50,-0.09
186052947,-0.84,0.50,-0.09
186054946,-0.83,0.51,-0.09
186056971,-0.83,0.51,-0.09
186058947,-0.83,0.51,-0.09
186060948,-0.83,0.51,-0.09
186062947,-0.83,0.51,-0.09
186064947,-0.83,0.51,-0.10
186066974,-0.83,0.51,-0.10
186069016,-0.83,0.51,-0.10
186071041,-0.83,0.51,-0.10
186073038,-0.83,0.51,-0.10
186075015,-0.83,0.50,-0.10
186077011,-0.83,0.50,-0.10
186079068,-0.83,0.50,-0.10
186081026,-0.83,0.50,-0.10
186083011,-0.83,0.50,-0.10
186085007,-0.83,0.51,-0.12
186087046,-0.83,0.51,-0.12
186089036,-0.83,0.51,-0.12
186091106,-0.83,0.51,-0.12
186093019,-0.83,0.51,-0.12
186095019,-0.80,0.56,-0.12
186097045,-0.80,0.56,-0.12
186099034,-0.80,0.56,-0.12
186101007,-0.80,0.56,-0.12
186102967,-0.80,0.56,-0.12
186104967,-0.87,0.47,-0.21
186106971,-0.87,0.47,-0.21
186108967,-0.87,0.47,-0.21
186110968,-0.87,0.47,-0.21
186112968,-0.87,0.47,-0.21
186115066,-0.87,0.47,-0.21
186116979,-1.07,0.09,0.33
186118968,-1.07,0.09,0.33
186120969,-1.07,0.09,0.33
186123019,-1.07,0.09,0.33
186125012,-1.07,0.09,0.33
186127009,-0.70,0.76,-0.36
186129010,-0.70,0.76,-0.36
186131012,-0.70,0.76,-0.36
186133006,-0.70,0.76,-0.36
186134974,-0.70,0.76,-0.36
186136972,-0.88,0.44,-0.09
186138970,-0.88,0.44,-0.09
186141051,-0.88,0.44,-0.09
186142975,-0.88,0.44,-0.09
186144966,-0.88,0.44,-0.09
186146970,-0.64,0.83,-0.10
186148973,-0.64,0.83,-0.10
186151006,-0.64,0.83,-0.10
186152966,-0.64,0.83,-0.10
186154966,-0.64,0.83,-0.10
186156966,-0.82,0.53,-0.06
186158958,-0.82,0.53,-0.06
186160968,-0.82,0.53,-0.06
186163014,-0.82,0.53,-0.06
186165097,-0.82,0.53,-0.06
186167018,-0.90,0.41,-0.02
186169116,-0.90,0.41,-0.02
186171046,-0.90,0.41,-0.02
186173024,-0.90,0.41,-0.02
186175010,-0.90,0.41,-0.02
186177005,-0.81,0.55,-0.18
186178968,-0.81,0.55,-0.18
186180967,-0.81,0.55,-0.18
186182982,-0.81,0.55,-0.18
186185037,-0.81,0.55,-0.18
186186987,-0.81,0.55,-0.18
186189000,-0.82,0.53,-0.08
186191091,-0.82,0.53,-0.08
186193030,-0.82,0.53,-0.08
186195009,-0.82,0.53,-0.08
186196974,-0.82,0.53,-0.08
186198969,-0.80,0.57,-0.16
186200967,-0.80,0.57,-0.16
186203035,-0.80,0.57,-0.16
186205014,-0.80,0.57,-0.16
186207009,-0.80,0.57,-0.16
186209016,-0.81,0.54,-0.07
186211029,-0.81,0.54,-0.07
186213023,-0.81,0.54,-0.07
186215113,-0.81,0.54,-0.07
186217008,-0.81,0.54,-0.07
186218970,-0.77,0.62,-0.17
186220969,-0.77,0.62,-0.17
186222968,-0.77,0.62,-0.17
186225021,-0.77,0.62,-0.17
186227022,-0.77,0.62,-0.17
186228969,-0.84,0.49,0.04
186230966,-0.84,0.49,0.04
186232966,-0.84,0.49,0.04
186234968,-0.84,0.49,0.04
186236969,-0.84,0.49,0.04
186238966,-0.80,0.57,-0.15
186241072,-0.80,0.57,-0.15
186243019,-0.80,0.57,-0.15
186245006,-0.80,0.57,-0.15
186247018,-0.80,0.57,-0.15
186249016,-0.81,0.54,-0.07
186251026,-0.81,0.54,-0.07
186253006,-0.81,0.54,-0.07
186255003,-0.81,0.54,-0.07
186257017,-0.81,0.54,-0.07
186259033,-0.82,0.54,-0.06
186260994,-0.82,0.54,-0.06
186262971,-0.82,0.54,-0.06
186265065,-0.82,0.54,-0.06
186266973,-0.82,0.54,-0.06
186268979,-0.82,0.54,-0.06
186271016,-0.80,0.56,-0.11
186272972,-0.80,0.56,-0.11
186275006,-0.80,0.56,-0.11
186276967,-0.80,0.56,-0.11
186278967,-0.80,0.56,-0.11
186280967,-0.81,0.53,-0.04
186283035,-0.81,0.53,-0.04
186285011,-0.81,0.53,-0.04
186287006,-0.81,0.53,-0.04
186289035,-0.81,0.53,-0.04
186291126,-0.80,0.56,-0.11
186293019,-0.80,0.56,-0.11
186295017,-0.80,0.56,-0.11
186297011,-0.80,0.56,-0.11
186299040,-0.80,0.56,-0.11
186301018,-0.81,0.54,-0.05
186302975,-0.81,0.54,-0.05
186304968,-0.81,0.54,-0.05
186306972,-0.81,0.54,-0.05
186308969,-0.81,0.54,-0.05
186310970,-0.81,0.56,-0.10
186312958,-0.81,0.56,-0.10
186315063,-0.81,0.56,-0.10
186316975,-0.81,0.56,-0.10
186318987,-0.81,0.56,-0.10
186320995,-0.81,0.54,-0.06
186323050,-0.81,0.54,-0.06
186325043,-0.81,0.54,-0.06
186327013,-0.81,0.54,-0.06
186329009,-0.81,0.54,-0.06
186331013,-0.81,0.55,-0.07
186333031,-0.81,0.55,-0.07
186335021,-0.81,0.55,-0.07
186337009,-0.81,0.55,-0.07
186339005,-0.81,0.55,-0.07
186341075,-0.81,0.55,-0.07
186342970,-0.81,0.55,-0.06
186344970,-0.81,0.55,-0.06
186346966,-0.81,0.55,-0.06
186348971,-0.81,0.55,-0.06
186351006,-0.81,0.55,-0.06
186352968,-0.81,0.55,-0.07
186354977,-0.81,0.55,-0.07
186357075,-0.81,0.55,-0.07
186358996,-0.81,0.55,-0.07
186360970,-0.81,0.55,-0.07
186363021,-0.82,0.55,-0.05
186365112,-0.82,0.55,-0.05
186367014,-0.82,0.55,-0.05
186369013,-0.82,0.55,-0.05
186371010,-0.82,0.55,-0.05
186373006,-0.81,0.55,-0.04
186374968,-0.81,0.55,-0.04
186376998,-0.81,0.55,-0.04
186379042,-0.81,0.55,-0.04
186380992,-0.81,0.55,-0.04
186382958,-0.80,0.55,-0.05
186384975,-0.80,0.55,-0.05
186386966,-0.80,0.55,-0.05
186388967,-0.80,0.55,-0.05
186391075,-0.80,0.55,-0.05
186392978,-0.80,0.55,-0.06
186394993,-0.80,0.55,-0.06
186396967,-0.80,0.55,-0.06
186398966,-0.80,0.55,-0.06
186400959,-0.80,0.55,-0.06
186403019,-0.81,0.55,-0.07
186405009,-0.81,0.55,-0.07
186407007,-0.81,0.55,-0.07
186409008,-0.81,0.55,-0.07
186411007,-0.81,0.55,-0.07
186413008,-0.81,0.55,-0.07
186415046,-0.81,0.55,-0.06
186416986,-0.81,0.55,-0.06
186419043,-0.81,0.55,-0.06
186421000,-0.81,0.55,-0.06
186422971,-0.81,0.55,-0.06
186424968,-0.80,0.55,-0.05
186426969,-0.80,0.55,-0.05
186428959,-0.80,0.55,-0.05
186430959,-0.80,0.55,-0.05
186432959,-0.80,0.55,-0.05
186434967,-0.80,0.55,-0.05
186436966,-0.80,0.55,-0.05
186438968,-0.80,0.55,-0.05
186441071,-0.80,0.55,-0.05
186443020,-0.80,0.55,-0.05
186445007,-0.81,0.55,-0.05
186447050,-0.81,0.55,-0.05
186449037,-0.81,0.55,-0.05
186451029,-0.81,0.55,-0.05
186453015,-0.81,0.55,-0.05
186455008,-0.80,0.56,-0.07
186457045,-0.80,0.56,-0.07
186459028,-0.80,0.56,-0.07
186460999,-0.80,0.56,-0.07
186462968,-0.80,0.56,-0.07
186465066,-0.80,0.56,-0.09
186466986,-0.80,0.56,-0.09
186469045,-0.80,0.56,-0.09
186470997,-0.80,0.56,-0.09
186472966,-0.80,0.56,-0.09
186474969,-0.80,0.57,-0.07
186477000,-0.80,0.57,-0.07
186479017,-0.80,0.57,-0.07
186480967,-0.80,0.57,-0.07
186483029,-0.80,0.57,-0.07
186485012,-0.80,0.56,-0.07
186487008,-0.80,0.56,-0.07
186489011,-0.80,0.56,-0.07
186491113,-0.80,0.56,-0.07
186493041,-0.80,0.56,-0.07
186495036,-0.80,0.56,-0.07
186497011,-0.80,0.56,-0.07
186499001,-0.80,0.56,-0.07
186500970,-0.80,0.56,-0.07
186502967,-0.80,0.56,-0.07
186504969,-0.80,0.56,-0.07
186507108,-0.80,0.57,-0.09
186508994,-0.80,0.57,-0.09
186510967,-0.80,0.57,-0.09
186512965,-0.80,0.57,-0.09
186515061,-0.80,0.57,-0.09
186516984,-0.80,0.57,-0.07
186518969,-0.80,0.57,-0.07
186520970,-0.80,0.57,-0.07
186523022,-0.80,0.57,-0.07
186525012,-0.80,0.57,-0.07
186527009,-0.80,0.57,-0.08
186529011,-0.80,0.57,-0.08
186531009,-0.80,0.57,-0.08
186533008,-0.80,0.57,-0.08
186534968,-0.80,0.57,-0.08
186536971,-0.80,0.56,-0.08
186538969,-0.80,0.56,-0.08
186541050,-0.80,0.56,-0.08
186542969,-0.80,0.56,-0.08
186544967,-0.80,0.56,-0.08
186547046,-0.80,0.56,-0.09
186549010,-0.80,0.56,-0.09
186551007,-0.80,0.56,-0.09
186552969,-0.80,0.56,-0.09
186554969,-0.80,0.56,-0.09
186556970,-0.79,0.56,-0.09
186559040,-0.79,0.56,-0.09
186560971,-0.79,0.56,-0.09
186563029,-0.79,0.56,-0.09
186565117,-0.79,0.56,-0.09
186567016,-0.79,0.56,-0.09
186569016,-0.80,0.56,-0.09
186571044,-0.80,0.56,-0.09
186573023,-0.80,0.56,-0.09
186575015,-0.80,0.56,-0.09
186577012,-0.80,0.56,-0.09
186579001,-0.79,0.57,-0.10
186581029,-0.79,0.57,-0.10
186582970,-0.79,0.57,-0.10
186584967,-0.79,0.57,-0.10
186586984,-0.79,0.57,-0.10
186588966,-0.79,0.58,-0.09
186591139,-0.79,0.58,-0.09
186592995,-0.79,0.58,-0.09
186594988,-0.79,0.58,-0.09
186596967,-0.79,0.58,-0.09
186598999,-0.78,0.57,-0.09
186601018,-0.78,0.57,-0.09
186603033,-0.78,0.57,-0.09
186605012,-0.78,0.57,-0.09
186607009,-0.78,0.57,-0.09
186609007,-0.79,0.57,-0.09
186611014,-0.79,0.57,-0.09
186613035,-0.79,0.57,-0.09
186615119,-0.79,0.57,-0.09
186617012,-0.79,0.57,-0.09
186618968,-0.73,0.68,-0.12
186620979,-0.73,0.68,-0.12
186623048,-0.73,0.68,-0.12
186624997,-0.73,0.68,-0.12
186626966,-0.73,0.68,-0.12
186628958,-0.50,0.93,-0.11
186631015,-0.50,0.93,-0.11
186632968,-0.50,0.93,-0.11
186634967,-0.50,0.93,-0.11
186636966,-0.50,0.93,-0.11
186638968,-0.50,0.93,-0.11
186641076,-0.88,0.45,0.09
186643044,-0.88,0.45,0.09
186645017,-0.88,0.45,0.09
186647013,-0.88,0.45,0.09
186649016,-0.88,0.45,0.09
186651087,-0.57,0.87,-0.20
186653027,-0.57,0.87,-0.20
186655028,-0.57,0.87,-0.20
186657007,-0.57,0.87,-0.20
186659023,-0.57,0.87,-0.20
186661023,-0.84,0.52,-0.10
186662975,-0.84,0.52,-0.10
186665065,-0.84,0.52,-0.10
186666978,-0.84,0.52,-0.10
186668971,-0.84,0.52,-0.10
186670967,-0.72,0.61,-0.05
186672965,-0.72,0.61,-0.05
186674972,-0.72,0.61,-0.05
186677019,-0.72,0.61,-0.05
186678969,-0.72,0.61,-0.05
186680967,-0.82,0.53,-0.08
186683036,-0.82,0.53,-0.08
186685041,-0.82,0.53,-0.08
186687016,-0.82,0.53,-0.08
186689015,-0.82,0.53,-0.08
186691144,-0.76,0.60,-0.18
186693029,-0.76,0.60,-0.18
186695017,-0.76,0.60,-0.18
186697007,-0.76,0.60,-0.18
186699005,-0.76,0.60,-0.18
186700980,-0.76,0.61,-0.14
186703208,-0.76,0.61,-0.14
186705012,-0.76,0.61,-0.14
186706975,-0.76,0.61,-0.14
186708975,-0.76,0.61,-0.14
186710975,-0.75,0.62,-0.14
186712976,-0.75,0.62,-0.14
186715073,-0.75,0.62,-0.14
186716982,-0.75,0.62,-0.14
186719019,-0.75,0.62,-0.14
186720971,-0.75,0.62,-0.14
186723035,-0.74,0.63,-0.15
186725015,-0.74,0.63,-0.15
186727015,-0.74,0.63,-0.15
186729016,-0.74,0.63,-0.15
186731013,-0.74,0.63,-0.15
186733013,-0.73,0.63,-0.14
186735018,-0.73,0.63,-0.14
186737057,-0.73,0.63,-0.14
186738999,-0.73,0.63,-0.14
186741074,-0.73,0.63,-0.14
186742978,-0.73,0.66,-0.16
186744969,-0.73,0.66,-0.16
186746997,-0.73,0.66,-0.16
186749018,-0.73,0.66,-0.16
186750970,-0.73,0.66,-0.16
186752968,-0.73,0.65,-0.14
186755013,-0.73,0.65,-0.14
186756976,-0.73,0.65,-0.14
186758976,-0.73,0.65,-0.14
186760971,-0.73,0.65,-0.14
186763031,-0.72,0.66,-0.14
186765117,-0.72,0.66,-0.14
186767017,-0.72,0.66,-0.14
186769036,-0.72,0.66,-0.14
186771040,-0.72,0.66,-0.14
186773020,-0.71,0.66,-0.14
186775010,-0.71,0.66,-0.14
186777015,-0.71,0.66,-0.14
186779038,-0.71,0.66,-0.14
186781017,-0.71,0.66,-0.14
186782975,-0.71,0.67,-0.13
186784976,-0.71,0.67,-0.13
186786980,-0.71,0.67,-0.13
186788976,-0.71,0.67,-0.13
186791078,-0.71,0.67,-0.13
186792983,-0.71,0.67,-0.13
186795017,-0.71,0.67,-0.14
186797045,-0.71,0.67,-0.14
186799000,-0.71,0.67,-0.14
186800970,-0.71,0.67,-0.14
186803015,-0.71,0.67,-0.14
186805020,-0.70,0.68,-0.14
186807034,-0.70,0.68,-0.14
186809023,-0.70,0.68,-0.14
186811013,-0.70,0.68,-0.14
186813012,-0.70,0.68,-0.14
186815115,-0.69,0.69,-0.15
186817016,-0.69,0.69,-0.15
186819065,-0.69,0.69,-0.15
186821001,-0.69,0.69,-0.15
186822977,-0.69,0.69,-0.15
186824989,-0.70,0.68,-0.14
186826981,-0.70,0.68,-0.14
186829019,-0.70,0.68,-0.14
186830972,-0.70,0.68,-0.14
186832974,-0.70,0.68,-0.14
186834972,-0.70,0.68,-0.13
186836968,-0.70,0.68,-0.13
186838974,-0.70,0.68,-0.13
186841077,-0.70,0.68,-0.13
186843074,-0.70,0.68,-0.13
186845018,-0.70,0.68,-0.12
186847012,-0.70,0.68,-0.12
186849012,-0.70,0.68,-0.12
186851040,-0.70,0.68,-0.12
186853042,-0.70,0.68,-0.12
186855025,-0.70,0.68,-0.14
186857008,-0.70,0.68,-0.14
186859012,-0.70,0.68,-0.14
186861105,-0.70,0.68,-0.14
186862998,-0.70,0.68,-0.14
186865077,-0.70,0.68,-0.14
186866982,-0.70,0.68,-0.14
186868978,-0.70,0.68,-0.14
186871017,-0.70,0.68,-0.14
186872972,-0.70,0.68,-0.14
186874969,-0.70,0.68,-0.14
186876971,-0.69,0.69,-0.16
186878974,-0.69,0.69,-0.16
186880975,-0.69,0.69,-0.16
186883029,-0.69,0.69,-0.16
186885016,-0.69,0.69,-0.16
186887016,-0.69,0.68,-0.15
186889037,-0.69,0.68,-0.15
186891144,-0.69,0.68,-0.15
186893023,-0.69,0.68,-0.15
186895030,-0.69,0.68,-0.15
186897015,-0.68,0.69,-0.16
186899014,-0.68,0.69,-0.16
186901028,-0.68,0.69,-0.16
186903014,-0.68,0.69,-0.16
186904977,-0.68,0.69,-0.16
186907001,-0.68,0.69,-0.15
186909008,-0.68,0.69,-0.15
186910970,-0.68,0.69,-0.15
186912969,-0.68,0.69,-0.15
186915123,-0.68,0.69,-0.15
186917017,-0.68,0.69,-0.15
186918969,-0.68,0.69,-0.15
186920970,-0.68,0.69,-0.15
186923024,-0.68,0.69,-0.15
186925013,-0.68,0.69,-0.15
186927007,-0.68,0.69,-0.16
186929009,-0.68,0.69,-0.16
186931026,-0.68,0.69,-0.16
186933019,-0.68,0.69,-0.16
186935010,-0.68,0.69,-0.16
186937005,-0.68,0.69,-0.17
186938971,-0.68,0.69,-0.17
186941074,-0.68,0.69,-0.17
186942980,-0.68,0.69,-0.17
186945043,-0.68,0.69,-0.17
186946996,-0.68,0.69,-0.17
186948959,-0.68,0.70,-0.16
186950959,-0.68,0.70,-0.16
186953020,-0.68,0.70,-0.16
186955020,-0.68,0.70,-0.16
186956966,-0.68,0.70,-0.16
186958966,-0.68,0.70,-0.15
186960968,-0.68,0.70,-0.15
186963035,-0.68,0.70,-0.15
186965116,-0.68,0.70,-0.15
186967015,-0.68,0.70,-0.15
186969008,-0.68,0.69,-0.14
186971044,-0.68,0.69,-0.14
186973037,-0.68,0.69,-0.14
186975016,-0.68,0.69,-0.14
186977010,-0.68,0.69,-0.14
186978999,-0.68,0.69,-0.15
186980968,-0.68,0.69,-0.15
186982967,-0.68,0.69,-0.15
186984969,-0.68,0.69,-0.15
186986967,-0.68,0.69,-0.15
186988987,-0.67,0.70,-0.17
186991107,-0.67,0.70,-0.17
186992972,-0.67,0.70,-0.17
186994987,-0.67,0.70,-0.17
186996974,-0.67,0.70,-0.17
186998970,-0.66,0.70,-0.16
187000967,-0.66,0.70,-0.16
187003017,-0.66,0.70,-0.16
187005012,-0.66,0.70,-0.16
187007010,-0.66,0.70,-0.16
187009010,-0.67,0.70,-0.15
187011008,-0.67,0.70,-0.15
187013013,-0.67,0.70,-0.15
187015130,-0.67,0.70,-0.15
187017007,-0.67,0.70,-0.15
187018975,-0.67,0.70,-0.15
187020971,-0.67,0.71,-0.16
187022969,-0.67,0.71,-0.16
187024967,-0.67,0.71,-0.16
187026968,-0.67,0.71,-0.16
187028966,-0.67,0.71,-0.16
187030966,-0.67,0.71,-0.16
187032958,-0.67,0.71,-0.16
187034969,-0.67,0.71,-0.16
187036967,-0.67,0.71,-0.16
187038959,-0.67,0.71,-0.16
187041105,-0.66,0.71,-0.16
187043041,-0.66,0.71,-0.16
187045038,-0.66,0.71,-0.16
187047007,-0.66,0.71,-0.16
187049008,-0.66,0.71,-0.16
187051050,-0.66,0.71,-0.16
187053029,-0.66,0.71,-0.16
187055028,-0.66,0.71,-0.16
187057009,-0.66,0.71,-0.16
187059007,-0.66,0.71,-0.16
187060975,-0.66,0.71,-0.16
187062971,-0.66,0.71,-0.16
187065063,-0.66,0.71,-0.16
187066970,-0.66,0.71,-0.16
187069017,-0.66,0.71,-0.16
187071045,-0.66,0.71,-0.17
187072992,-0.66,0.71,-0.17
187074978,-0.66,0.71,-0.17
187076959,-0.66,0.71,-0.17
187079014,-0.66,0.71,-0.17
187081000,-0.66,0.70,-0.15
187083027,-0.66,0.70,-0.15
187085012,-0.66,0.70,-0.15
187087010,-0.66,0.70,-0.15
187089009,-0.66,0.70,-0.15
187091107,-0.65,0.71,-0.16
187093034,-0.65,0.71,-0.16
187095042,-0.65,0.71,-0.16
187097086,-0.65,0.71,-0.16
187099019,-0.65,0.71,-0.16
187100975,-0.65,0.71,-0.16
187102967,-0.66,0.71,-0.15
187104971,-0.66,0.71,-0.15
187106972,-0.66,0.71,-0.15
187109037,-0.66,0.71,-0.15
187111008,-0.66,0.71,-0.15
187112969,-0.64,0.71,-0.16
187115068,-0.64,0.71,-0.16
187117023,-0.64,0.71,-0.16
187119007,-0.64,0.71,-0.16
187120967,-0.64,0.71,-0.16
187123032,-0.64,0.72,-0.16
187125013,-0.64,0.72,-0.16
187127008,-0.64,0.72,-0.16
187129006,-0.64,0.72,-0.16
187131005,-0.64,0.72,-0.16
187133007,-0.55,0.78,-0.20
187135008,-0.55,0.78,-0.20
187136972,-0.55,0.78,-0.20
187138969,-0.55,0.78,-0.20
187141073,-0.55,0.78,-0.20
187142976,-0.63,0.73,-0.22
187145048,-0.63,0.73,-0.22
187147006,-0.63,0.73,-0.22
187148974,-0.63,0.73,-0.22
187150967,-0.63,0.73,-0.22
187152973,-0.64,0.71,-0.11
187155002,-0.64,0.71,-0.11
187157032,-0.64,0.71,-0.11
187158985,-0.64,0.71,-0.11
187160968,-0.64,0.71,-0.11
187163028,-0.62,0.75,-0.21
187165112,-0.62,0.75,-0.21
187167016,-0.62,0.75,-0.21
187169041,-0.62,0.75,-0.21
187171033,-0.62,0.75,-0.21
187173018,-0.62,0.75,-0.21
187175014,-0.61,0.75,-0.18
187177007,-0.61,0.75,-0.18
187179007,-0.61,0.75,-0.18
187181035,-0.61,0.75,-0.18
187182986,-0.61,0.75,-0.18
187184967,-0.61,0.74,-0.18
187186959,-0.61,0.74,-0.18
187188969,-0.61,0.74,-0.18
187191086,-0.61,0.74,-0.18
187193024,-0.61,0.74,-0.18
187195018,-0.62,0.75,-0.21
187196987,-0.62,0.75,-0.21
187198959,-0.62,0.75,-0.21
187200966,-0.62,0.75,-0.21
187203031,-0.62,0.75,-0.21
187205011,-0.56,0.77,-0.19
187207008,-0.56,0.77,-0.19
187209008,-0.56,0.77,-0.19
187211041,-0.56,0.77,-0.19
187213019,-0.56,0.77,-0.19
187215119,-0.60,0.75,-0.19
187217018,-0.60,0.75,-0.19
187219004,-0.60,0.75,-0.19
187221080,-0.60,0.75,-0.19
187222996,-0.60,0.75,-0.19
187224967,-0.57,0.77,-0.22
187226958,-0.57,0.77,-0.22
187229001,-0.57,0.77,-0.22
187231004,-0.57,0.77,-0.22
187232969,-0.57,0.77,-0.22
187234966,-0.55,0.77,-0.21
187236977,-0.55,0.77,-0.21
187238967,-0.55,0.77,-0.21
187241072,-0.55,0.77,-0.21
187243061,-0.55,0.77,-0.21
187245019,-0.55,0.77,-0.21
187247006,-0.54,0.79,-0.24
187249016,-0.54,0.79,-0.24
187251049,-0.54,0.79,-0.24
187253022,-0.54,0.79,-0.24
187255029,-0.54,0.79,-0.24
187257011,-0.52,0.80,-0.20
187259041,-0.52,0.80,-0.20
187261013,-0.52,0.80,-0.20
187262968,-0.52,0.80,-0.20
187265065,-0.52,0.80,-0.20
187266978,-0.54,0.79,-0.22
187268967,-0.54,0.79,-0.22
187270967,-0.54,0.79,-0.22
187273038,-0.54,0.79,-0.22
187274992,-0.54,0.79,-0.22
187276967,-0.54,0.79,-0.24
187278959,-0.54,0.79,-0.24
187280966,-0.54,0.79,-0.24
187283028,-0.54,0.79,-0.24
187285012,-0.54,0.79,-0.24
187287008,-0.53,0.79,-0.20
187289023,-0.53,0.79,-0.20
187291138,-0.53,0.79,-0.20
187293018,-0.53,0.79,-0.20
187295018,-0.53,0.79,-0.20
187297010,-0.50,0.80,-0.28
187298996,-0.50,0.80,-0.28
187300970,-0.50,0.80,-0.28
187302976,-0.50,0.80,-0.28
187305041,-0.50,0.80,-0.28
187307016,-0.54,0.79,-0.22
187308974,-0.54,0.79,-0.22
187310971,-0.54,0.79,-0.22
187312968,-0.54,0.79,-0.22
187315064,-0.54,0.79,-0.22
187316982,-0.54,0.79,-0.22
187319019,-0.56,0.77,-0.22
187320969,-0.56,0.77,-0.22
187323035,-0.56,0.77,-0.22
187325015,-0.56,0.77,-0.22
187327013,-0.56,0.77,-0.22
187329009,-0.49,0.83,-0.28
187331006,-0.49,0.83,-0.28
187333008,-0.49,0.83,-0.28
187335052,-0.49,0.83,-0.28
187337030,-0.49,0.83,-0.28
187338999,-0.50,0.79,-0.23
187341075,-0.50,0.79,-0.23
187342970,-0.50,0.79,-0.23
187344967,-0.50,0.79,-0.23
187346979,-0.50,0.79,-0.23
187349051,-0.49,0.81,-0.28
187350982,-0.49,0.81,-0.28
187352971,-0.49,0.81,-0.28
187355005,-0.49,0.81,-0.28
187357025,-0.49,0.81,-0.28
187358968,-0.48,0.81,-0.28
187360969,-0.48,0.81,-0.28
187363034,-0.48,0.81,-0.28
187365116,-0.48,0.81,-0.28
187367015,-0.48,0.81,-0.28
187369025,-0.46,0.80,-0.27
187371040,-0.46,0.80,-0.27
187373015,-0.46,0.80,-0.27
187375013,-0.46,0.80,-0.27
187377011,-0.46,0.80,-0.27
187379050,-0.55,0.79,-0.32
187380996,-0.55,0.79,-0.32
187382969,-0.55,0.79,-0.32
187384959,-0.55,0.79,-0.32
187386958,-0.55,0.79,-0.32
187388978,-0.50,0.81,-0.25
187391109,-0.50,0.81,-0.25
187392976,-0.50,0.81,-0.25
187394988,-0.50,0.81,-0.25
187396971,-0.50,0.81,-0.25
187398983,-0.50,0.81,-0.25
187401006,-0.30,0.82,-0.27
187403032,-0.30,0.82,-0.27
187405014,-0.30,0.82,-0.27
187407007,-0.30,0.82,-0.27
187409009,-0.30,0.82,-0.27
187411071,-0.47,0.84,-0.31
187413026,-0.47,0.84,-0.31
187415114,-0.47,0.84,-0.31
187417017,-0.47,0.84,-0.31
187419007,-0.47,0.84,-0.31
187420969,-0.51,0.80,-0.27
187422966,-0.51,0.80,-0.27
187425097,-0.51,0.80,-0.27
187427000,-0.51,0.80,-0.27
187428965,-0.51,0.80,-0.27
187430968,-0.52,0.80,-0.34
187432979,-0.52,0.80,-0.34
187434976,-0.52,0.80,-0.34
187436974,-0.52,0.80,-0.34
187438969,-0.52,0.80,-0.34
187441070,-0.48,0.80,-0.22
187443018,-0.48,0.80,-0.22
187445008,-0.48,0.80,-0.22
187447007,-0.48,0.80,-0.22
187449008,-0.48,0.80,-0.22
187451008,-0.34,0.87,-0.35
187453010,-0.34,0.87,-0.35
187455007,-0.34,0.87,-0.35
187456967,-0.34,0.87,-0.35
187458966,-0.34,0.87,-0.35
187460995,-0.50,0.79,-0.23
187463042,-0.50,0.79,-0.23
187465092,-0.50,0.79,-0.23
187466981,-0.50,0.79,-0.23
187468968,-0.50,0.79,-0.23
187470968,-0.50,0.79,-0.23
187472974,-0.43,0.82,-0.28
187475017,-0.43,0.82,-0.28
187476970,-0.43,0.82,-0.28
187478966,-0.43,0.82,-0.28
187480959,-0.43,0.82,-0.28
187483033,-0.36,0.87,-0.42
187485012,-0.36,0.87,-0.42
187487007,-0.36,0.87,-0.42
187489016,-0.36,0.87,-0.42
187491170,-0.36,0.87,-0.42
187493030,-0.34,0.79,-0.15
187495016,-0.34,0.79,-0.15
187497009,-0.34,0.79,-0.15
187499013,-0.34,0.79,-0.15
187501007,-0.34,0.79,-0.15
187503044,-0.34,0.87,-0.39
187505012,-0.34,0.87,-0.39
187506969,-0.34,0.87,-0.39
187508968,-0.34,0.87,-0.39
187510971,-0.34,0.87,-0.39
187512979,-0.32,0.86,-0.29
187515123,-0.32,0.86,-0.29
187516975,-0.32,0.86,-0.29
187518969,-0.32,0.86,-0.29
187520966,-0.32,0.86,-0.29
187523029,-0.44,0.82,-0.30
187525013,-0.44,0.82,-0.30
187527011,-0.44,0.82,-0.30
187529015,-0.44,0.82,-0.30
187531037,-0.44,0.82,-0.30
187533022,-0.36,0.82,-0.32
187535009,-0.36,0.82,-0.32
187537006,-0.36,0.82,-0.32
187538969,-0.36,0.82,-0.32
187541075,-0.36,0.82,-0.32
187542982,-0.36,0.82,-0.32
187545045,-0.45,0.82,-0.30
187546995,-0.45,0.82,-0.30
187548966,-0.45,0.82,-0.30
187550968,-0.45,0.82,-0.30
187552981,-0.45,0.82,-0.30
187555034,-0.48,0.81,-0.27
187556969,-0.48,0.81,-0.27
187558970,-0.48,0.81,-0.27
187560966,-0.48,0.81,-0.27
187563039,-0.48,0.81,-0.27
187565119,-0.37,0.86,-0.40
187567015,-0.37,0.86,-0.40
187569008,-0.37,0.86,-0.40
187571019,-0.37,0.86,-0.40
187573041,-0.37,0.86,-0.40
187575027,-0.37,0.82,-0.29
187577012,-0.37,0.82,-0.29
187579007,-0.37,0.82,-0.29
187580971,-0.37,0.82,-0.29
187583035,-0.37,0.82,-0.29
187584995,-0.54,0.82,-0.27
187586985,-0.54,0.82,-0.27
187588967,-0.54,0.82,-0.27
187591073,-0.54,0.82,-0.27
187592969,-0.54,0.82,-0.27
187594988,-0.52,0.80,-0.24
187596959,-0.52,0.80,-0.24
187598969,-0.52,0.80,-0.24
187600980,-0.52,0.80,-0.24
187603046,-0.52,0.80,-0.24
187605035,-0.33,0.89,-0.48
187607030,-0.33,0.89,-0.48
187609008,-0.33,0.89,-0.48
187611006,-0.33,0.89,-0.48
187613008,-0.33,0.89,-0.48
187615112,-0.61,0.79,-0.22
187617078,-0.61,0.79,-0.22
187619021,-0.61,0.79,-0.22
187621000,-0.61,0.79,-0.22
187622959,-0.61,0.79,-0.22
187624968,-0.61,0.79,-0.22
187626968,-0.42,0.82,-0.23
187628967,-0.42,0.82,-0.23
187630968,-0.42,0.82,-0.23
187632967,-0.42,0.82,-0.23
187634970,-0.42,0.82,-0.23
187636968,-0.30,0.88,-0.47
187638969,-0.30,0.88,-0.47
187641071,-0.30,0.88,-0.47
187643013,-0.30,0.88,-0.47
187645008,-0.30,0.88,-0.47
187647005,-0.47,0.80,-0.21
187649007,-0.47,0.80,-0.21
187651015,-0.47,0.80,-0.21
187653065,-0.47,0.80,-0.21
187655047,-0.47,0.80,-0.21
187657006,-0.35,0.86,-0.36
187658967,-0.35,0.86,-0.36
187660971,-0.35,0.86,-0.36
187662966,-0.35,0.86,-0.36
187665065,-0.35,0.86,-0.36
187666975,-0.37,0.85,-0.37
187668968,-0.37,0.85,-0.37
187670969,-0.37,0.85,-0.37
187672967,-0.37,0.85,-0.37
187674959,-0.37,0.85,-0.37
187676969,-0.45,0.82,-0.29
187678966,-0.45,0.82,-0.29
187680973,-0.45,0.82,-0.29
187683014,-0.45,0.82,-0.29
187685010,-0.45,0.82,-0.29
187687009,-0.39,0.84,-0.33
187689016,-0.39,0.84,-0.33
187691148,-0.39,0.84,-0.33
187693040,-0.39,0.84,-0.33
187695017,-0.39,0.84,-0.33
187697007,-0.39,0.84,-0.33
187698970,-0.40,0.84,-0.32
187700974,-0.40,0.84,-0.32
187702969,-0.40,0.84,-0.32
187705045,-0.40,0.84,-0.32
187707025,-0.40,0.84,-0.32
187708986,-0.36,0.84,-0.32
187710969,-0.36,0.84,-0.32
187712967,-0.36,0.84,-0.32
187715062,-0.36,0.84,-0.32
187716968,-0.36,0.84,-0.32
187718980,-0.36,0.84,-0.35
187721020,-0.36,0.84,-0.35
187723030,-0.36,0.84,-0.35
187725018,-0.36,0.84,-0.35
187727013,-0.36,0.84,-0.35
187729007,-0.40,0.83,-0.32
187731009,-0.40,0.83,-0.32
187733010,-0.40,0.83,-0.32
187735007,-0.40,0.83,-0.32
187736974,-0.40,0.83,-0.32
187738970,-0.38,0.84,-0.33
187741077,-0.38,0.84,-0.33
187742967,-0.38,0.84,-0.33
187745035,-0.38,0.84,-0.33
187747018,-0.38,0.84,-0.33
187748974,-0.37,0.84,-0.33
187750966,-0.37,0.84,-0.33
187752971,-0.37,0.84,-0.33
187755008,-0.37,0.84,-0.33
187756966,-0.37,0.84,-0.33
187758966,-0.38,0.84,-0.32
187760975,-0.38,0.84,-0.32
187763046,-0.38,0.84,-0.32
187765123,-0.38,0.84,-0.32
187767018,-0.38,0.84,-0.32
187769007,-0.38,0.84,-0.32
187771041,-0.35,0.85,-0.33
187773030,-0.35,0.85,-0.33
187775016,-0.35,0.85,-0.33
187777007,-0.35,0.85,-0.33
187779004,-0.35,0.85,-0.33
187780968,-0.34,0.83,-0.32
187782970,-0.34,0.83,-0.32
187784968,-0.34,0.83,-0.32
187786995,-0.34,0.83,-0.32
187789035,-0.34,0.83,-0.32
187791080,-0.34,0.85,-0.35
187792974,-0.34,0.85,-0.35
187794990,-0.34,0.85,-0.35
187797007,-0.34,0.85,-0.35
187799020,-0.34,0.85,-0.35
187800967,-0.36,0.85,-0.30
187803032,-0.36,0.85,-0.30
187805013,-0.36,0.85,-0.30
187807008,-0.36,0.85,-0.30
187809018,-0.36,0.85,-0.30
187811039,-0.41,0.84,-0.31
187813034,-0.41,0.84,-0.31
187815117,-0.41,0.84,-0.31
187817014,-0.41,0.84,-0.31
187819006,-0.41,0.84,-0.31
187821045,-0.33,0.85,-0.36
187823017,-0.33,0.85,-0.36
187824984,-0.33,0.85,-0.36
187826971,-0.33,0.85,-0.36
187828969,-0.33,0.85,-0.36
187831018,-0.37,0.83,-0.30
187832967,-0.37,0.83,-0.30
187834969,-0.37,0.83,-0.30
187836959,-0.37,0.83,-0.30
187838958,-0.37,0.83,-0.30
187841069,-0.37,0.84,-0.34
187843042,-0.37,0.84,-0.34
187845018,-0.37,0.84,-0.34
187847011,-0.37,0.84,-0.34
187849023,-0.37,0.84,-0.34
187851036,-0.37,0.84,-0.34
187853021,-0.34,0.86,-0.35
187855027,-0.34,0.86,-0.35
187857012,-0.34,0.86,-0.35
187859042,-0.34,0.86,-0.35
187861013,-0.34,0.86,-0.35
187862970,-0.37,0.85,-0.31
187865066,-0.37,0.85,-0.31
187866978,-0.37,0.85,-0.31
187868969,-0.37,0.85,-0.31
187870967,-0.37,0.85,-0.31
187873020,-0.37,0.84,-0.31
187874967,-0.37,0.84,-0.31
187876968,-0.37,0.84,-0.31
187878968,-0.37,0.84,-0.31
187880970,-0.37,0.84,-0.31
187883034,-0.38,0.85,-0.38
187885011,-0.38,0.85,-0.38
187887008,-0.38,0.85,-0.38
187889026,-0.38,0.85,-0.38
187891142,-0.38,0.85,-0.38
187893018,-0.38,0.84,-0.32
187895015,-0.38,0.84,-0.32
187897007,-0.38,0.84,-0.32
187899005,-0.38,0.84,-0.32
187900969,-0.38,0.84,-0.32
187902971,-0.37,0.84,-0.33
187905036,-0.37,0.84,-0.33
187907010,-0.37,0.84,-0.33
187908969,-0.37,0.84,-0.33
187910968,-0.37,0.84,-0.33
187913000,-0.37,0.82,-0.30
187915108,-0.37,0.82,-0.30
187917022,-0.37,0.82,-0.30
187918969,-0.37,0.82,-0.30
187920971,-0.37,0.82,-0.30
187923040,-0.37,0.82,-0.30
187925023,-0.34,0.85,-0.39
187927015,-0.34,0.85,-0.39
187929009,-0.34,0.85,-0.39
187931008,-0.34,0.85,-0.39
187933011,-0.34,0.85,-0.39
187935012,-0.36,0.84,-0.32
187937049,-0.36,0.84,-0.32
187938996,-0.36,0.84,-0.32
187941074,-0.36,0.84,-0.32
187942969,-0.36,0.84,-0.32
187944969,-0.33,0.85,-0.36
187946968,-0.33,0.85,-0.36
187948998,-0.33,0.85,-0.36
187951009,-0.33,0.85,-0.36
187952977,-0.33,0.85,-0.36
187955000,-0.32,0.86,-0.37
187956970,-0.32,0.86,-0.37
187958972,-0.32,0.86,-0.37
187960968,-0.32,0.86,-0.37
187963034,-0.32,0.86,-0.37
187965115,-0.42,0.84,-0.30
187967015,-0.42,0.84,-0.30
187969029,-0.42,0.84,-0.30
187971040,-0.42,0.84,-0.30
187973024,-0.42,0.84,-0.30
187975009,-0.26,0.85,-0.32
187977008,-0.26,0.85,-0.32
187979037,-0.26,0.85,-0.32
187981011,-0.26,0.85,-0.32
187982967,-0.26,0.85,-0.32
187984958,-0.29,0.86,-0.46
187986966,-0.29,0.86,-0.46
187988966,-0.29,0.86,-0.46
187991071,-0.29,0.86,-0.46
187992988,-0.29,0.86,-0.46
187995028,-0.41,0.82,-0.27
187996969,-0.41,0.82,-0.27
187998956,-0.41,0.82,-0.27
188000958,-0.41,0.82,-0.27
188003028,-0.41,0.82,-0.27
188005013,-0.41,0.82,-0.27
188007011,-0.32,0.86,-0.40
188009010,-0.32,0.86,-0.40
188011012,-0.32,0.86,-0.40
188013017,-0.32,0.86,-0.40
188015126,-0.32,0.86,-0.40
188017032,-0.41,0.86,-0.34
188019012,-0.41,0.86,-0.34
188020970,-0.41,0.86,-0.34
188022976,-0.41,0.86,-0.34
188024990,-0.41,0.86,-0.34
188027057,-0.39,0.83,-0.25
188028995,-0.39,0.83,-0.25
188030975,-0.39,0.83,-0.25
188032968,-0.39,0.83,-0.25
188034967,-0.39,0.83,-0.25
188036970,-0.35,0.89,-0.47
188038969,-0.35,0.89,-0.47
188041071,-0.35,0.89,-0.47
188043018,-0.35,0.89,-0.47
188045011,-0.35,0.89,-0.47
188047007,-0.24,0.83,-0.31
188049011,-0.24,0.83,-0.31
188051007,-0.24,0.83,-0.31
188053011,-0.24,0.83,-0.31
188055004,-0.24,0.83,-0.31
188056966,-0.32,0.86,-0.42
188058959,-0.32,0.86,-0.42
188060958,-0.32,0.86,-0.42
188062967,-0.32,0.86,-0.42
188065048,-0.32,0.86,-0.42
188066975,-0.32,0.85,-0.38
188068966,-0.32,0.85,-0.38
188070969,-0.32,0.85,-0.38
188073081,-0.32,0.85,-0.38
188074995,-0.32,0.85,-0.38
188076969,-0.32,0.85,-0.38
188078967,-0.39,0.83,-0.31
188080965,-0.39,0.83,-0.31
188083020,-0.39,0.83,-0.31
188085010,-0.39,0.83,-0.31
188087006,-0.39,0.83,-0.31
188089018,-0.36,0.84,-0.36
188091137,-0.36,0.84,-0.36
188093021,-0.36,0.84,-0.36
188095015,-0.36,0.84,-0.36
188097008,-0.36,0.84,-0.36
188098983,-0.34,0.86,-0.39
188101052,-0.34,0.86,-0.39
188102997,-0.34,0.86,-0.39
188104969,-0.34,0.86,-0.39
188106965,-0.34,0.86,-0.39
188108968,-0.32,0.84,-0.31
188110966,-0.32,0.84,-0.31
188112994,-0.32,0.84,-0.31
188115111,-0.32,0.84,-0.31
188117006,-0.32,0.84,-0.31
188118966,-0.33,0.86,-0.41
188120969,-0.33,0.86,-0.41
188123030,-0.33,0.86,-0.41
188125012,-0.33,0.86,-0.41
188127012,-0.33,0.86,-0.41
188129028,-0.34,0.83,-0.29
188131084,-0.34,0.83,-0.29
188133029,-0.34,0.83,-0.29
188135011,-0.34,0.83,-0.29
188137007,-0.34,0.83,-0.29
188138970,-0.32,0.86,-0.39
188141079,-0.32,0.86,-0.39
188142981,-0.32,0.86,-0.39
188145042,-0.32,0.86,-0.39
188146983,-0.32,0.86,-0.39
188148971,-0.32,0.86,-0.39
188150971,-0.33,0.85,-0.34
188152971,-0.33,0.85,-0.34
188155012,-0.33,0.85,-0.34
188156999,-0.33,0.85,-0.34
188159017,-0.33,0.85,-0.34
188160966,-0.33,0.85,-0.35
188163024,-0.33,0.85,-0.35
188165116,-0.33,0.85,-0.35
188167015,-0.33,0.85,-0.35
188169010,-0.33,0.85,-0.35
188171006,-0.33,0.85,-0.36
188173008,-0.33,0.85,-0.36
188175032,-0.33,0.85,-0.36
188177022,-0.33,0.85,-0.36
188178975,-0.33,0.85,-0.36
188180968,-0.33,0.84,-0.33
188182974,-0.33,0.84,-0.33
188184968,-0.33,0.84,-0.33
188186970,-0.33,0.84,-0.33
188189024,-0.33,0.84,-0.33
188191191,-0.33,0.86,-0.36
188193004,-0.33,0.86,-0.36
188194991,-0.33,0.86,-0.36
188196974,-0.33,0.86,-0.36
188199019,-0.33,0.86,-0.36
188200967,-0.34,0.84,-0.33
188203028,-0.34,0.84,-0.33
188205008,-0.34,0.84,-0.33
188207008,-0.34,0.84,-0.33
188209026,-0.34,0.84,-0.33
188211036,-0.33,0.86,-0.34
188213016,-0.33,0.86,-0.34
188215114,-0.33,0.86,-0.34
188217014,-0.33,0.86,-0.34
188218994,-0.33,0.86,-0.34
188221038,-0.34,0.85,-0.32
188223016,-0.34,0.85,-0.32
188224976,-0.34,0.85,-0.32
188226970,-0.34,0.85,-0.32
188228969,-0.34,0.85,-0.32
188230967,-0.34,0.85,-0.32
188232967,-0.34,0.85,-0.33
188235018,-0.34,0.85,-0.33
188236999,-0.34,0.85,-0.33
188238968,-0.34,0.85,-0.33
188241070,-0.34,0.85,-0.33
188243033,-0.34,0.85,-0.34
188245017,-0.34,0.85,-0.34
188247011,-0.34,0.85,-0.34
188249007,-0.34,0.85,-0.34
188251061,-0.34,0.85,-0.34
188253030,-0.34,0.85,-0.31
188255028,-0.34,0.85,-0.31
188257013,-0.34,0.85,-0.31
188259007,-0.34,0.85,-0.31
188260972,-0.34,0.85,-0.31
188262975,-0.34,0.85,-0.33
188265066,-0.34,0.85,-0.33
188267038,-0.34,0.85,-0.33
188269016,-0.34,0.85,-0.33
188270975,-0.34,0.85,-0.33
188272969,-0.35,0.85,-0.30
188274972,-0.35,0.85,-0.30
188276975,-0.35,0.85,-0.30
188278967,-0.35,0.85,-0.30
188280971,-0.35,0.85,-0.30
188283022,-0.35,0.85,-0.32
188285013,-0.35,0.85,-0.32
188287007,-0.35,0.85,-0.32
188289009,-0.35,0.85,-0.32
188291104,-0.35,0.85,-0.32
188293014,-0.35,0.85,-0.32
188294990,-0.35,0.85,-0.32
188296972,-0.35,0.85,-0.32
188298969,-0.35,0.85,-0.32
188300972,-0.35,0.85,-0.32
188302975,-0.35,0.85,-0.32
188304976,-0.34,0.84,-0.33
188307083,-0.34,0.84,-0.33
188308993,-0.34,0.84,-0.33
188310968,-0.34,0.84,-0.33
188312966,-0.34,0.84,-0.33
188314959,-0.35,0.85,-0.32
188316975,-0.35,0.85,-0.32
188318978,-0.35,0.85,-0.32
188320974,-0.35,0.85,-0.32
188323040,-0.35,0.85,-0.32
188325027,-0.34,0.86,-0.33
188327019,-0.34,0.86,-0.33
188329009,-0.34,0.86,-0.33
188331008,-0.34,0.86,-0.33
188333008,-0.34,0.86,-0.33
188335007,-0.34,0.85,-0.32
188337007,-0.34,0.85,-0.32
188338972,-0.34,0.85,-0.32
188341077,-0.34,0.85,-0.32
188342990,-0.34,0.85,-0.32
188345080,-0.34,0.85,-0.32
188346991,-0.34,0.85,-0.32
188348966,-0.34,0.85,-0.32
188350971,-0.34,0.85,-0.32
188352972,-0.34,0.85,-0.32
188355009,-0.34,0.85,-0.34
188357019,-0.34,0.85,-0.34
188358969,-0.34,0.85,-0.34
188360967,-0.34,0.85,-0.34
188363028,-0.34,0.85,-0.34
188365113,-0.34,0.84,-0.33
188367014,-0.34,0.84,-0.33
188369028,-0.34,0.84,-0.33
188371038,-0.34,0.84,-0.33
188373024,-0.34,0.84,-0.33
188375010,-0.34,0.84,-0.33
188377006,-0.34,0.85,-0.33
188379004,-0.34,0.85,-0.33
188380967,-0.34,0.85,-0.33
188383017,-0.34,0.85,-0.33
188385018,-0.34,0.85,-0.33
188386967,-0.34,0.85,-0.33
188388967,-0.34,0.85,-0.33
188391071,-0.34,0.85,-0.33
188392980,-0.34,0.85,-0.33
188395019,-0.34,0.85,-0.33
188396969,-0.34,0.85,-0.34
188398970,-0.34,0.85,-0.34
188400966,-0.34,0.85,-0.34
188403024,-0.34,0.85,-0.34
188405011,-0.34,0.85,-0.34
188407009,-0.34,0.86,-0.35
188409012,-0.34,0.86,-0.35
188411015,-0.34,0.86,-0.35
188413038,-0.34,0.86,-0.35
188415119,-0.34,0.86,-0.35
188417017,-0.34,0.85,-0.32
188418970,-0.34,0.85,-0.32
188420967,-0.34,0.85,-0.32
188422979,-0.34,0.85,-0.32
188425014,-0.34,0.85,-0.32
188427049,-0.33,0.85,-0.34
188428996,-0.33,0.85,-0.34
188430966,-0.33,0.85,-0.34
188432968,-0.33,0.85,-0.34
188434967,-0.33,0.85,-0.34
188436957,-0.33,0.85,-0.36
188438965,-0.33,0.85,-0.36
188441068,-0.33,0.85,-0.36
188443022,-0.33,0.85,-0.36
188445046,-0.33,0.85,-0.36
188447020,-0.33,0.85,-0.35
188449006,-0.33,0.85,-0.35
188451010,-0.33,0.85,-0.35
188453009,-0.33,0.85,-0.35
188455023,-0.33,0.85,-0.35
188457007,-0.33,0.85,-0.35
188458988,-0.32,0.86,-0.35
188461050,-0.32,0.86,-0.35
188462995,-0.32,0.86,-0.35
188464959,-0.32,0.86,-0.35
188466968,-0.32,0.86,-0.35
188468966,-0.32,0.85,-0.35
188470970,-0.32,0.85,-0.35
188472959,-0.32,0.85,-0.35
188474957,-0.32,0.85,-0.35
188476975,-0.32,0.85,-0.35
188479018,-0.33,0.85,-0.34
188480958,-0.33,0.85,-0.34
188483030,-0.33,0.85,-0.34
188485012,-0.33,0.85,-0.34
188487011,-0.33,0.85,-0.34
188489018,-0.32,0.85,-0.35
188491164,-0.32,0.85,-0.35
188493018,-0.32,0.85,-0.35
188495015,-0.32,0.85,-0.35
188497011,-0.32,0.85,-0.35
188499004,-0.32,0.85,-0.36
188500967,-0.32,0.85,-0.36
188502970,-0.32,0.85,-0.36
188505033,-0.32,0.85,-0.36
188507017,-0.32,0.85,-0.36
188508975,-0.32,0.86,-0.36
188510968,-0.32,0.86,-0.36
188512971,-0.32,0.86,-0.36
188515063,-0.32,0.86,-0.36
188516981,-0.32,0.86,-0.36
188518968,-0.32,0.86,-0.35
188520969,-0.32,0.86,-0.35
188523024,-0.32,0.86,-0.35
188525057,-0.32,0.86,-0.35
188527022,-0.32,0.86,-0.35
188529010,-0.32,0.86,-0.35
188531007,-0.32,0.85,-0.35
188533023,-0.32,0.85,-0.35
188535035,-0.32,0.85,-0.35
188537015,-0.32,0.85,-0.35
188539006,-0.32,0.85,-0.35
188541077,-0.32,0.85,-0.35
188542968,-0.32,0.85,-0.35
188544970,-0.32,0.85,-0.35
188547052,-0.32,0.85,-0.35
188549005,-0.32,0.85,-0.35
188550958,-0.32,0.85,-0.35
188552969,-0.32,0.85,-0.35
188554999,-0.32,0.85,-0.35
188557017,-0.32,0.85,-0.35
188558966,-0.32,0.85,-0.35
188560966,-0.30,0.85,-0.35
188563028,-0.30,0.85,-0.35
188565115,-0.30,0.85,-0.35
188567014,-0.30,0.85,-0.35
188569014,-0.30,0.85,-0.35
188571072,-0.31,0.86,-0.36
188573020,-0.31,0.86,-0.36
188575014,-0.31,0.86,-0.36
188577010,-0.31,0.86,-0.36
188579020,-0.31,0.86,-0.36
188581036,-0.31,0.84,-0.35
188582991,-0.31,0.84,-0.35
188584969,-0.31,0.84,-0.35
188586984,-0.31,0.84,-0.35
188588972,-0.31,0.84,-0.35
188591070,-0.30,0.85,-0.36
188592976,-0.30,0.85,-0.36
188594987,-0.30,0.85,-0.36
188597004,-0.30,0.85,-0.36
188599020,-0.30,0.85,-0.36
188600969,-0.30,0.85,-0.36
188603029,-0.29,0.87,-0.38
188605011,-0.29,0.87,-0.38
188607007,-0.29,0.87,-0.38
188609010,-0.29,0.87,-0.38
188611047,-0.29,0.87,-0.38
188613024,-0.27,0.88,-0.41
188615106,-0.27,0.88,-0.41
188617006,-0.27,0.88,-0.41
188618969,-0.27,0.88,-0.41
188620968,-0.27,0.88,-0.41
188622967,-0.30,0.85,-0.29
188624979,-0.30,0.85,-0.29
188627052,-0.30,0.85,-0.29
188628996,-0.30,0.85,-0.29
188630968,-0.30,0.85,-0.29
188632959,-0.30,0.86,-0.38
188634967,-0.30,0.86,-0.38
188636966,-0.30,0.86,-0.38
188638966,-0.30,0.86,-0.38
188641070,-0.30,0.86,-0.38
188643016,-0.36,0.83,-0.38
188645016,-0.36,0.83,-0.38
188647018,-0.36,0.83,-0.38
188649016,-0.36,0.83,-0.38
188651012,-0.36,0.83,-0.38
188653012,-0.26,0.86,-0.36
188655016,-0.26,0.86,-0.36
188656981,-0.26,0.86,-0.36
188659073,-0.26,0.86,-0.36
188660995,-0.26,0.86,-0.36
188662967,-0.32,0.85,-0.40
188664959,-0.32,0.85,-0.40
188666976,-0.32,0.85,-0.40
188668971,-0.32,0.85,-0.40
188670998,-0.32,0.85,-0.40
188673009,-0.30,0.82,-0.32
188674975,-0.30,0.82,-0.32
188676967,-0.30,0.82,-0.32
188678976,-0.30,0.82,-0.32
188680970,-0.30,0.82,-0.32
188683028,-0.30,0.82,-0.32
188685012,-0.27,0.87,-0.41
188687007,-0.27,0.87,-0.41
188689022,-0.27,0.87,-0.41
188691154,-0.27,0.87,-0.41
188693022,-0.27,0.87,-0.41
188695016,-0.32,0.86,-0.32
188697010,-0.32,0.86,-0.32
188699045,-0.32,0.86,-0.32
188701018,-0.32,0.86,-0.32
188703134,-0.32,0.86,-0.32
188704998,-0.30,0.86,-0.43
188706977,-0.30,0.86,-0.43
188708969,-0.30,0.86,-0.43
188710975,-0.30,0.86,-0.43
188712976,-0.30,0.86,-0.43
188715076,-0.28,0.84,-0.33
188716983,-0.28,0.84,-0.33
188719034,-0.28,0.84,-0.33
188721001,-0.28,0.84,-0.33
188723031,-0.28,0.84,-0.33
188725016,-0.15,0.88,-0.37
188727018,-0.15,0.88,-0.37
188729012,-0.15,0.88,-0.37
188731034,-0.15,0.88,-0.37
188733109,-0.15,0.88,-0.37
188735030,-0.29,0.86,-0.39
188737015,-0.29,0.86,-0.39
188739011,-0.29,0.86,-0.39
188741078,-0.29,0.86,-0.39
188742971,-0.29,0.86,-0.39
188744976,-0.30,0.85,-0.35
188747074,-0.30,0.85,-0.35
188748992,-0.30,0.85,-0.35
188750974,-0.30,0.85,-0.35
188752970,-0.30,0.85,-0.35
188755031,-0.30,0.85,-0.35
188756982,-0.23,0.87,-0.39
188758970,-0.23,0.87,-0.39
188760968,-0.23,0.87,-0.39
188763030,-0.23,0.87,-0.39
188765114,-0.23,0.87,-0.39
188767015,-0.28,0.86,-0.40
188769016,-0.28,0.86,-0.40
188771050,-0.28,0.86,-0.40
188773039,-0.28,0.86,-0.40
188775016,-0.28,0.86,-0.40
188777011,-0.29,0.83,-0.31
188779010,-0.29,0.83,-0.31
188781117,-0.29,0.83,-0.31
188782994,-0.29,0.83,-0.31
188784974,-0.29,0.83,-0.31
188786978,-0.32,0.86,-0.43
188789018,-0.32,0.86,-0.43
188791101,-0.32,0.86,-0.43
188792977,-0.32,0.86,-0.43
188794990,-0.32,0.86,-0.43
188796980,-0.30,0.85,-0.36
188798971,-0.30,0.85,-0.36
188800971,-0.30,0.85,-0.36
188803032,-0.30,0.85,-0.36
188805018,-0.30,0.85,-0.36
188807012,-0.32,0.84,-0.38
188809039,-0.32,0.84,-0.38
188811037,-0.32,0.84,-0.38
188813019,-0.32,0.84,-0.38
188815117,-0.32,0.84,-0.38
188817018,-0.29,0.84,-0.34
188819008,-0.29,0.84,-0.34
188820982,-0.29,0.84,-0.34
188823049,-0.29,0.84,-0.34
188825002,-0.29,0.84,-0.34
188826970,-0.29,0.84,-0.34
188828971,-0.31,0.85,-0.42
188830972,-0.31,0.85,-0.42
188832981,-0.31,0.85,-0.42
188835007,-0.31,0.85,-0.42
188836971,-0.31,0.85,-0.42
188839019,-0.28,0.85,-0.34
188841074,-0.28,0.85,-0.34
188843062,-0.28,0.85,-0.34
188845018,-0.28,0.85,-0.34
188847015,-0.28,0.85,-0.34
188849013,-0.20,0.87,-0.42
188851058,-0.20,0.87,-0.42
188853017,-0.20,0.87,-0.42
188855018,-0.20,0.87,-0.42
188857021,-0.20,0.87,-0.42
188859010,-0.24,0.86,-0.38
188860975,-0.24,0.86,-0.38
188863028,-0.24,0.86,-0.38
188865118,-0.24,0.86,-0.38
188866979,-0.24,0.86,-0.38
188868972,-0.32,0.84,-0.36
188870975,-0.32,0.84,-0.36
188872971,-0.32,0.84,-0.36
188874976,-0.32,0.84,-0.36
188876979,-0.32,0.84,-0.36
188878979,-0.27,0.86,-0.39
188880997,-0.27,0.86,-0.39
188883041,-0.27,0.86,-0.39
188885034,-0.27,0.86,-0.39
188887015,-0.27,0.86,-0.39
188889012,-0.27,0.86,-0.38
188891110,-0.27,0.86,-0.38
188893022,-0.27,0.86,-0.38
188895060,-0.27,0.86,-0.38
188897034,-0.27,0.86,-0.38
188899017,-0.27,0.86,-0.41
188900996,-0.27,0.86,-0.41
188902980,-0.27,0.86,-0.41
188904981,-0.27,0.86,-0.41
188907021,-0.27,0.86,-0.41
188909000,-0.27,0.86,-0.41
188910969,-0.26,0.86,-0.39
188912959,-0.26,0.86,-0.39
188915068,-0.26,0.86,-0.39
188916978,-0.26,0.86,-0.39
188918975,-0.26,0.86,-0.39
188920969,-0.25,0.87,-0.40
188923019,-0.25,0.87,-0.40
188925009,-0.25,0.87,-0.40
188927009,-0.25,0.87,-0.40
188929009,-0.25,0.87,-0.40
188931011,-0.26,0.87,-0.39
188933007,-0.26,0.87,-0.39
188934968,-0.26,0.87,-0.39
188936974,-0.26,0.87,-0.39
188938968,-0.26,0.87,-0.39
188941050,-0.26,0.87,-0.39
188942973,-0.26,0.87,-0.39
188944968,-0.26,0.87,-0.39
188946970,-0.26,0.87,-0.39
188948975,-0.26,0.87,-0.39
188950968,-0.27,0.86,-0.37
188952969,-0.27,0.86,-0.37
188954972,-0.27,0.86,-0.37
188957009,-0.27,0.86,-0.37
188959009,-0.27,0.86,-0.37
188961115,-0.27,0.86,-0.37
188963025,-0.27,0.86,-0.37
188965113,-0.27,0.86,-0.37
188967017,-0.27,0.86,-0.37
188969011,-0.27,0.86,-0.37
188971012,-0.28,0.87,-0.37
188973036,-0.28,0.87,-0.37
188975037,-0.28,0.87,-0.37
188977010,-0.28,0.87,-0.37
188978972,-0.28,0.87,-0.37
188980968,-0.28,0.87,-0.37
188982966,-0.28,0.86,-0.35
188984971,-0.28,0.86,-0.35
188986975,-0.28,0.86,-0.35
188989040,-0.28,0.86,-0.35
188991098,-0.28,0.86,-0.35
188992976,-0.28,0.86,-0.34
188994994,-0.28,0.86,-0.34
188997014,-0.28,0.86,-0.34
188998959,-0.28,0.86,-0.34
189000966,-0.28,0.86,-0.34
189003025,-0.28,0.87,-0.35
189005012,-0.28,0.87,-0.35
189007003,-0.28,0.87,-0.35
189009015,-0.28,0.87,-0.35
189011064,-0.28,0.87,-0.35
189013019,-0.28,0.87,-0.34
189015115,-0.28,0.87,-0.34
189017013,-0.28,0.87,-0.34
189019010,-0.28,0.87,-0.34
189021042,-0.28,0.87,-0.34
189022989,-0.29,0.87,-0.34
189024968,-0.29,0.87,-0.34
189026966,-0.29,0.87,-0.34
189029022,-0.29,0.87,-0.34
189030991,-0.29,0.87,-0.34
189032970,-0.39,0.82,-0.31
189034968,-0.39,0.82,-0.31
189036978,-0.39,0.82,-0.31
189039004,-0.39,0.82,-0.31
189041077,-0.39,0.82,-0.31
189043051,-0.43,0.87,-0.36
189045018,-0.43,0.87,-0.36
189047010,-0.43,0.87,-0.36
189049024,-0.43,0.87,-0.36
189051071,-0.43,0.87,-0.36
189053022,-0.43,0.87,-0.36
189055012,-0.32,0.86,-0.34
189057025,-0.32,0.86,-0.34
189059013,-0.32,0.86,-0.34
189061037,-0.32,0.86,-0.34
189062996,-0.32,0.86,-0.34
189065064,-0.23,0.90,-0.30
189066976,-0.23,0.90,-0.30
189068969,-0.23,0.90,-0.30
189070972,-0.23,0.90,-0.30
189072981,-0.23,0.90,-0.30
189075021,-0.38,0.86,-0.32
189076971,-0.38,0.86,-0.32
189078957,-0.38,0.86,-0.32
189080970,-0.38,0.86,-0.32
189083027,-0.38,0.86,-0.32
189085015,-0.32,0.86,-0.33
189087009,-0.32,0.86,-0.33
189089009,-0.32,0.86,-0.33
189091144,-0.32,0.86,-0.33
189093021,-0.32,0.86,-0.33
189095017,-0.30,0.87,-0.33
189097012,-0.30,0.87,-0.33
189098994,-0.30,0.87,-0.33
189100971,-0.30,0.87,-0.33
189103007,-0.30,0.87,-0.33
189105045,-0.32,0.86,-0.30
189106990,-0.32,0.86,-0.30
189108967,-0.32,0.86,-0.30
189110967,-0.32,0.86,-0.30
189112971,-0.32,0.86,-0.30
189115119,-0.31,0.86,-0.33
189116975,-0.31,0.86,-0.33
189118958,-0.31,0.86,-0.33
189120956,-0.31,0.86,-0.33
189123031,-0.31,0.86,-0.33
189125014,-0.31,0.88,-0.30
189127010,-0.31,0.88,-0.30
189129008,-0.31,0.88,-0.30
189131007,-0.31,0.88,-0.30
189133011,-0.31,0.88,-0.30
189135081,-0.31,0.88,-0.30
189137020,-0.34,0.85,-0.30
189138970,-0.34,0.85,-0.30
189141079,-0.34,0.85,-0.30
189143001,-0.34,0.85,-0.30
189145008,-0.34,0.85,-0.30
189147018,-0.34,0.86,-0.32
189149021,-0.34,0.86,-0.32
189150970,-0.34,0.86,-0.32
189152972,-0.34,0.86,-0.32
189154970,-0.34,0.86,-0.32
189157031,-0.31,0.87,-0.32
189158966,-0.31,0.87,-0.32
189160966,-0.31,0.87,-0.32
189163031,-0.31,0.87,-0.32
189165124,-0.31,0.87,-0.32
189167023,-0.35,0.86,-0.30
189169019,-0.35,0.86,-0.30
189171043,-0.35,0.86,-0.30
189173015,-0.35,0.86,-0.30
189175010,-0.35,0.86,-0.30
189177007,-0.33,0.86,-0.31
189179050,-0.33,0.86,-0.31
189181009,-0.33,0.86,-0.31
189182968,-0.33,0.86,-0.31
189184971,-0.33,0.86,-0.31
189186975,-0.31,0.87,-0.31
189188972,-0.31,0.87,-0.31
189191091,-0.31,0.87,-0.31
189192987,-0.31,0.87,-0.31
189195037,-0.31,0.87,-0.31
189196989,-0.33,0.86,-0.30
189198971,-0.33,0.86,-0.30
189201019,-0.33,0.86,-0.30
189203048,-0.33,0.86,-0.30
189205029,-0.33,0.86,-0.30
189207007,-0.33,0.86,-0.30
189209010,-0.29,0.87,-0.29
189211011,-0.29,0.87,-0.29
189213009,-0.29,0.87,-0.29
189215111,-0.29,0.87,-0.29
189217049,-0.29,0.87,-0.29
189219005,-0.31,0.88,-0.32
189220970,-0.31,0.88,-0.32
189222970,-0.31,0.88,-0.32
189224967,-0.31,0.88,-0.32
189226971,-0.31,0.88,-0.32
189228967,-0.33,0.86,-0.28
189230970,-0.33,0.86,-0.28
189232967,-0.33,0.86,-0.28
189234967,-0.33,0.86,-0.28
189236967,-0.33,0.86,-0.28
189238967,-0.33,0.87,-0.30
189241064,-0.33,0.87,-0.30
189243020,-0.33,0.87,-0.30
189245010,-0.33,0.87,-0.30
189247019,-0.33,0.87,-0.30
189249017,-0.32,0.87,-0.31
189251047,-0.32,0.87,-0.31
189253037,-0.32,0.87,-0.31
189255010,-0.32,0.87,-0.31
189257022,-0.32,0.87,-0.31
189258969,-0.25,0.89,-0.36
189260977,-0.25,0.89,-0.36
189263034,-0.25,0.89,-0.36
189265094,-0.25,0.89,-0.36
189266973,-0.25,0.89,-0.36
189268983,-0.24,0.88,-0.32
189271018,-0.24,0.88,-0.32
189272974,-0.24,0.88,-0.32
189274966,-0.24,0.88,-0.32
189276969,-0.24,0.88,-0.32
189278959,-0.24,0.88,-0.32
189280966,-0.29,0.86,-0.30
189283028,-0.29,0.86,-0.30
189285012,-0.29,0.86,-0.30
189287010,-0.29,0.86,-0.30
189289009,-0.29,0.86,-0.30
189291145,-0.30,0.88,-0.32
189293036,-0.30,0.88,-0.32
189295016,-0.30,0.88,-0.32
189297009,-0.30,0.88,-0.32
189299008,-0.30,0.88,-0.32
189301026,-0.35,0.86,-0.30
189303019,-0.35,0.86,-0.30
189304970,-0.35,0.86,-0.30
189306966,-0.35,0.86,-0.30
189308967,-0.35,0.86,-0.30
189310966,-0.39,0.86,-0.31
189312966,-0.39,0.86,-0.31
189315124,-0.39,0.86,-0.31
189316976,-0.39,0.86,-0.31
189318979,-0.39,0.86,-0.31
189320966,-0.36,0.86,-0.33
189323033,-0.36,0.86,-0.33
189325018,-0.36,0.86,-0.33
189327017,-0.36,0.86,-0.33
189329035,-0.36,0.86,-0.33
189331035,-0.36,0.86,-0.31
189333023,-0.36,0.86,-0.31
189335010,-0.36,0.86,-0.31
189337009,-0.36,0.86,-0.31
189338999,-0.36,0.86,-0.31
189341080,-0.38,0.86,-0.31
189342974,-0.38,0.86,-0.31
189344976,-0.38,0.86,-0.31
189347041,-0.38,0.86,-0.31
189349013,-0.38,0.86,-0.31
189350971,-0.38,0.86,-0.31
189352974,-0.34,0.86,-0.31
189354972,-0.34,0.86,-0.31
189357028,-0.34,0.86,-0.31
189358968,-0.34,0.86,-0.31
189360967,-0.34,0.86,-0.31
189363030,-0.32,0.88,-0.34
189365116,-0.32,0.88,-0.34
189367016,-0.32,0.88,-0.34
189369015,-0.32,0.88,-0.34
189371017,-0.32,0.88,-0.34
189373044,-0.30,0.88,-0.33
189375033,-0.30,0.88,-0.33
189377014,-0.30,0.88,-0.33
189379008,-0.30,0.88,-0.33
189380970,-0.30,0.88,-0.33
189382968,-0.30,0.88,-0.34
189385046,-0.30,0.88,-0.34
189386996,-0.30,0.88,-0.34
189388967,-0.30,0.88,-0.34
189391079,-0.30,0.88,-0.34
189393021,-0.30,0.87,-0.31
189394990,-0.30,0.87,-0.31
189396971,-0.30,0.87,-0.31
189398971,-0.30,0.87,-0.31
189400970,-0.30,0.87,-0.31
189403022,-0.30,0.87,-0.32
189405017,-0.30,0.87,-0.32
189407014,-0.30,0.87,-0.32
189409014,-0.30,0.87,-0.32
189411041,-0.30,0.87,-0.32
189413044,-0.30,0.86,-0.32
189415122,-0.30,0.86,-0.32
189417020,-0.30,0.86,-0.32
189419002,-0.30,0.86,-0.32
189420966,-0.30,0.86,-0.32
189422968,-0.30,0.87,-0.30
189424966,-0.30,0.87,-0.30
189426969,-0.30,0.87,-0.30
189428966,-0.30,0.87,-0.30
189430977,-0.30,0.87,-0.30
189433060,-0.30,0.87,-0.30
189434996,-0.31,0.87,-0.31
189436966,-0.31,0.87,-0.31
189438959,-0.31,0.87,-0.31
189441071,-0.31,0.87,-0.31
189443017,-0.31,0.87,-0.31
189445009,-0.30,0.87,-0.31
189447007,-0.30,0.87,-0.31
189449016,-0.30,0.87,-0.31
189451037,-0.30,0.87,-0.31
189453024,-0.30,0.87,-0.31
189455044,-0.30,0.87,-0.32
189457040,-0.30,0.87,-0.32
189459006,-0.30,0.87,-0.32
189460966,-0.30,0.87,-0.32
189462967,-0.30,0.87,-0.32
189465106,-0.30,0.87,-0.32
189467058,-0.30,0.87,-0.32
189468995,-0.30,0.87,-0.32
189470959,-0.30,0.87,-0.32
189472974,-0.30,0.87,-0.32
189475014,-0.29,0.88,-0.34
189476967,-0.29,0.88,-0.34
189478966,-0.29,0.88,-0.34
189480958,-0.29,0.88,-0.34
189483027,-0.29,0.88,-0.34
189485013,-0.30,0.88,-0.33
189487009,-0.30,0.88,-0.33
189489011,-0.30,0.88,-0.33
189491110,-0.30,0.88,-0.33
189493019,-0.30,0.88,-0.33
189495020,-0.30,0.88,-0.33
189497083,-0.30,0.88,-0.33
189499000,-0.30,0.88,-0.33
189500967,-0.30,0.88,-0.33
189502967,-0.30,0.88,-0.33
189504970,-0.30,0.88,-0.33
189506995,-0.30,0.88,-0.34
189509016,-0.30,0.88,-0.34
189510968,-0.30,0.88,-0.34
189512966,-0.30,0.88,-0.34
189515064,-0.30,0.88,-0.34
189516981,-0.30,0.88,-0.34
189518967,-0.30,0.88,-0.34
189520967,-0.30,0.88,-0.34
189523033,-0.30,0.88,-0.34
189525016,-0.30,0.88,-0.34
189527015,-0.30,0.88,-0.33
189529018,-0.30,0.88,-0.33
189531016,-0.30,0.88,-0.33
189533010,-0.30,0.88,-0.33
189535014,-0.30,0.88,-0.33
189536969,-0.31,0.88,-0.31
189538974,-0.31,0.88,-0.31
189541066,-0.31,0.88,-0.31
189542969,-0.31,0.88,-0.31
189544966,-0.31,0.88,-0.31
189546982,-0.35,0.86,-0.29
189549052,-0.35,0.86,-0.29
189551009,-0.35,0.86,-0.29
189552969,-0.35,0.86,-0.29
189554958,-0.35,0.86,-0.29
189557007,-0.31,0.86,-0.27
189558966,-0.31,0.86,-0.27
189561020,-0.31,0.86,-0.27
189563064,-0.31,0.86,-0.27
189565126,-0.31,0.86,-0.27
189567022,-0.33,0.89,-0.34
189569017,-0.33,0.89,-0.34
189571064,-0.33,0.89,-0.34
189573028,-0.33,0.89,-0.34
189575018,-0.33,0.89,-0.34
189577011,-0.33,0.89,-0.34
189579006,-0.30,0.87,-0.26
189580974,-0.30,0.87,-0.26
189583040,-0.30,0.87,-0.26
189584994,-0.30,0.87,-0.26
189586988,-0.30,0.87,-0.26
189588970,-0.31,0.87,-0.28
189591100,-0.31,0.87,-0.28
189593020,-0.31,0.87,-0.28
189594987,-0.31,0.87,-0.28
189596975,-0.31,0.87,-0.28
189598970,-0.30,0.88,-0.30
189600966,-0.30,0.88,-0.30
189603027,-0.30,0.88,-0.30
189605011,-0.30,0.88,-0.30
189607009,-0.30,0.88,-0.30
189609028,-0.32,0.87,-0.27
189611036,-0.32,0.87,-0.27
189613019,-0.32,0.87,-0.27
189615113,-0.32,0.87,-0.27
189617012,-0.32,0.87,-0.27
189619020,-0.32,0.87,-0.27
189621032,-0.32,0.87,-0.27
189622971,-0.32,0.87,-0.27
189624970,-0.32,0.87,-0.27
189626968,-0.32,0.87,-0.27
189629015,-0.32,0.88,-0.29
189630974,-0.32,0.88,-0.29
189632969,-0.32,0.88,-0.29
189634958,-0.32,0.88,-0.29
189636966,-0.32,0.88,-0.29
189638958,-0.32,0.87,-0.28
189641073,-0.32,0.87,-0.28
189643042,-0.32,0.87,-0.28
189645018,-0.32,0.87,-0.28
189647011,-0.32,0.87,-0.28
189649025,-0.32,0.87,-0.29
189651065,-0.32,0.87,-0.29
189653030,-0.32,0.87,-0.29
189655024,-0.32,0.87,-0.29
189657033,-0.32,0.87,-0.29
189659021,-0.32,0.87,-0.29
189661041,-0.31,0.87,-0.29
189663018,-0.31,0.87,-0.29
189665066,-0.31,0.87,-0.29
189666975,-0.31,0.87,-0.29
189668967,-0.31,0.87,-0.29
189670967,-0.31,0.87,-0.30
189673019,-0.31,0.87,-0.30
189675023,-0.31,0.87,-0.30
189676970,-0.31,0.87,-0.30
189678971,-0.31,0.87,-0.30
189680969,-0.32,0.88,-0.30
189683043,-0.32,0.88,-0.30
189685031,-0.32,0.88,-0.30
189687011,-0.32,0.88,-0.30
189689013,-0.32,0.88,-0.30
189691146,-0.32,0.88,-0.30
189693033,-0.32,0.88,-0.30
189695017,-0.32,0.88,-0.30
189697009,-0.32,0.88,-0.30
189699015,-0.32,0.88,-0.30
189700971,-0.31,0.87,-0.30
189702968,-0.31,0.87,-0.30
189704988,-0.31,0.87,-0.30
189707048,-0.31,0.87,-0.30
189708996,-0.31,0.87,-0.30
189710966,-0.31,0.88,-0.31
189712967,-0.31,0.88,-0.31
189715069,-0.31,0.88,-0.31
189716976,-0.31,0.88,-0.31
189719019,-0.31,0.88,-0.31
189720959,-0.30,0.87,-0.29
189723034,-0.30,0.87,-0.29
189725015,-0.30,0.87,-0.29
189727018,-0.30,0.87,-0.29
189729042,-0.30,0.87,-0.29
189731063,-0.30,0.87,-0.29
189733025,-0.32,0.87,-0.33
189735017,-0.32,0.87,-0.33
189737016,-0.32,0.87,-0.33
189739040,-0.32,0.87,-0.33
189741115,-0.32,0.87,-0.33
189742970,-0.33,0.86,-0.29
189744966,-0.33,0.86,-0.29
189746966,-0.33,0.86,-0.29
189749018,-0.33,0.86,-0.29
189750968,-0.33,0.86,-0.29
189752966,-0.30,0.87,-0.30
189754971,-0.30,0.87,-0.30
189757003,-0.30,0.87,-0.30
189758966,-0.30,0.87,-0.30
189760959,-0.30,0.87,-0.30
189763029,-0.30,0.88,-0.33
189765119,-0.30,0.88,-0.33
189767014,-0.30,0.88,-0.33
189769013,-0.30,0.88,-0.33
189771078,-0.30,0.88,-0.33
189773023,-0.29,0.87,-0.30
189775008,-0.29,0.87,-0.30
189777009,-0.29,0.87,-0.30
189779008,-0.29,0.87,-0.30
189781043,-0.29,0.87,-0.30
189782985,-0.28,0.88,-0.32
189784969,-0.28,0.88,-0.32
189786967,-0.28,0.88,-0.32
189788968,-0.28,0.88,-0.32
189791074,-0.28,0.88,-0.32
189792982,-0.30,0.88,-0.32
189794993,-0.30,0.88,-0.32
189797019,-0.30,0.88,-0.32
189798968,-0.30,0.88,-0.32
189800957,-0.30,0.88,-0.32
189803029,-0.30,0.88,-0.32
189805012,-0.30,0.88,-0.32
189807008,-0.30,0.88,-0.32
189809010,-0.30,0.88,-0.32
189811010,-0.30,0.88,-0.32
189813018,-0.30,0.88,-0.32
189815116,-0.28,0.87,-0.33
189816979,-0.28,0.87,-0.33
189818968,-0.28,0.87,-0.33
189820967,-0.28,0.87,-0.33
189822971,-0.28,0.87,-0.33
189825047,-0.28,0.88,-0.32
189827008,-0.28,0.88,-0.32
189828971,-0.28,0.88,-0.32
189830966,-0.28,0.88,-0.32
189832970,-0.28,0.88,-0.32
189834974,-0.31,0.87,-0.33
189836966,-0.31,0.87,-0.33
189838959,-0.31,0.87,-0.33
189841071,-0.31,0.87,-0.33
189843020,-0.31,0.87,-0.33
189845013,-0.32,0.86,-0.30
189847008,-0.32,0.86,-0.30
189849020,-0.32,0.86,-0.30
189851017,-0.32,0.86,-0.30
189853012,-0.32,0.86,-0.30
189854998,-0.29,0.87,-0.34
189857009,-0.29,0.87,-0.34
189858979,-0.29,0.87,-0.34
189861014,-0.29,0.87,-0.34
189862970,-0.29,0.87,-0.34
189865061,-0.28,0.88,-0.34
189866976,-0.28,0.88,-0.34
189868967,-0.28,0.88,-0.34
189870968,-0.28,0.88,-0.34
189873057,-0.28,0.88,-0.34
189875002,-0.33,0.87,-0.31
189876971,-0.33,0.87,-0.31
189878959,-0.33,0.87,-0.31
189880970,-0.33,0.87,-0.31
189883022,-0.33,0.87,-0.31
189885035,-0.33,0.87,-0.31
189887035,-0.30,0.87,-0.30
189889019,-0.30,0.87,-0.30
189891108,-0.30,0.87,-0.30
189893018,-0.30,0.87,-0.30
189895022,-0.30,0.87,-0.30
189897052,-0.27,0.88,-0.34
189899025,-0.27,0.88,-0.34
189900970,-0.27,0.88,-0.34
189902973,-0.27,0.88,-0.34
189904971,-0.27,0.88,-0.34
189907046,-0.29,0.87,-0.34
189909001,-0.29,0.87,-0.34
189910970,-0.29,0.87,-0.34
189912966,-0.29,0.87,-0.34
189915125,-0.29,0.87,-0.34
189916981,-0.33,0.85,-0.29
189918968,-0.33,0.85,-0.29
189920966,-0.33,0.85,-0.29
189923030,-0.33,0.85,-0.29
189925011,-0.33,0.85,-0.29
189927016,-0.26,0.88,-0.37
189929015,-0.26,0.88,-0.37
189931018,-0.26,0.88,-0.37
189933009,-0.26,0.88,-0.37
189935007,-0.26,0.88,-0.37
189936976,-0.30,0.87,-0.32
189938970,-0.30,0.87,-0.32
189941070,-0.30,0.87,-0.32
189942975,-0.30,0.87,-0.32
189944968,-0.30,0.87,-0.32
189946966,-0.29,0.86,-0.31
189948970,-0.29,0.86,-0.31
189950968,-0.29,0.86,-0.31
189953050,-0.29,0.86,-0.31
189955012,-0.29,0.86,-0.31
189957004,-0.29,0.86,-0.31
189958957,-0.28,0.89,-0.36
189960958,-0.28,0.89,-0.36
189963026,-0.28,0.89,-0.36
189965129,-0.28,0.89,-0.36
189967017,-0.28,0.89,-0.36
189969009,-0.29,0.87,-0.30
189971038,-0.29,0.87,-0.30
189973042,-0.29,0.87,-0.30
189975026,-0.29,0.87,-0.30
189977007,-0.29,0.87,-0.30
189978975,-0.28,0.88,-0.35
189980974,-0.28,0.88,-0.35
189982970,-0.28,0.88,-0.35
189984975,-0.28,0.88,-0.35
189987047,-0.28,0.88,-0.35
189988999,-0.29,0.87,-0.32
189991078,-0.29,0.87,-0.32
189992972,-0.29,0.87,-0.32
189994986,-0.29,0.87,-0.32
189996966,-0.29,0.87,-0.32
189998965,-0.29,0.87,-0.32
190000959,-0.29,0.87,-0.32
190003020,-0.29,0.87,-0.32
190005009,-0.29,0.87,-0.32
190007011,-0.29,0.87,-0.32
190009011,-0.28,0.88,-0.33
190011014,-0.28,0.88,-0.33
190013073,-0.28,0.88,-0.33
190015119,-0.28,0.88,-0.33
190017008,-0.28,0.88,-0.33
190018969,-0.29,0.87,-0.32
190020968,-0.29,0.87,-0.32
190023029,-0.29,0.87,-0.32
190025016,-0.29,0.87,-0.32
190026974,-0.29,0.87,-0.32
190028968,-0.29,0.87,-0.32
190030966,-0.28,0.88,-0.34
190032983,-0.28,0.88,-0.34
190035018,-0.28,0.88,-0.34
190036973,-0.28,0.88,-0.34
190038968,-0.28,0.88,-0.34
190041073,-0.29,0.88,-0.32
190043038,-0.29,0.88,-0.32
190045022,-0.29,0.88,-0.32
190047015,-0.29,0.88,-0.32
190049019,-0.29,0.88,-0.32
190051041,-0.29,0.87,-0.31
190053025,-0.29,0.87,-0.31
190055019,-0.29,0.87,-0.31
190057025,-0.29,0.87,-0.31
190059015,-0.29,0.87,-0.31
190060973,-0.29,0.87,-0.30
190063016,-0.29,0.87,-0.30
190065101,-0.29,0.87,-0.30
190067120,-0.29,0.87,-0.30
190068999,-0.29,0.87,-0.30
190070966,-0.29,0.88,-0.32
190072959,-0.29,0.88,-0.32
190075001,-0.29,0.88,-0.32
190077012,-0.29,0.88,-0.32
190078968,-0.29,0.88,-0.32
190080969,-0.29,0.88,-0.33
190083033,-0.29,0.88,-0.33
190085016,-0.29,0.88,-0.33
190087017,-0.29,0.88,-0.33
190089010,-0.29,0.88,-0.33
190091111,-0.29,0.88,-0.32
190093018,-0.29,0.88,-0.32
190095060,-0.29,0.88,-0.32
190097031,-0.29,0.88,-0.32
190099005,-0.29,0.88,-0.32
190100969,-0.29,0.88,-0.31
190102973,-0.29,0.88,-0.31
190104968,-0.29,0.88,-0.31
190107044,-0.29,0.88,-0.31
190109006,-0.29,0.88,-0.31
190110974,-0.29,0.88,-0.31
190112966,-0.29,0.87,-0.31
190115062,-0.29,0.87,-0.31
190116976,-0.29,0.87,-0.31
190118967,-0.29,0.87,-0.31
190121022,-0.29,0.87,-0.31
190123026,-0.30,0.87,-0.32
190125014,-0.30,0.87,-0.32
190127009,-0.30,0.87,-0.32
190129018,-0.30,0.87,-0.32
190131014,-0.30,0.87,-0.32
190133016,-0.30,0.88,-0.33
190135007,-0.30,0.88,-0.33
190136970,-0.30,0.88,-0.33
190138974,-0.30,0.88,-0.33
190141079,-0.30,0.88,-0.33
190142975,-0.29,0.88,-0.32
190144970,-0.29,0.88,-0.32
190146968,-0.29,0.88,-0.32
190149052,-0.29,0.88,-0.32
190151007,-0.29,0.88,-0.32
190152966,-0.29,0.88,-0.32
190154968,-0.29,0.88,-0.32
190157002,-0.29,0.88,-0.32
190158970,-0.29,0.88,-0.32
190160971,-0.29,0.88,-0.32
190163052,-0.30,0.87,-0.31
190165125,-0.30,0.87,-0.31
190167031,-0.30,0.87,-0.31
190169017,-0.30,0.87,-0.31
190171017,-0.30,0.87,-0.31
190173016,-0.30,0.88,-0.31
190175054,-0.30,0.88,-0.31
190177034,-0.30,0.88,-0.31
190179015,-0.30,0.88,-0.31
190181011,-0.30,0.88,-0.31
190182985,-0.30,0.88,-0.31
190185036,-0.29,0.88,-0.32
190186989,-0.29,0.88,-0.32
190188999,-0.29,0.88,-0.32
190191090,-0.29,0.88,-0.32
190192972,-0.29,0.88,-0.32
190194997,-0.29,0.87,-0.32
190196971,-0.29,0.87,-0.32
190198975,-0.29,0.87,-0.32
190200967,-0.29,0.87,-0.32
190203052,-0.29,0.87,-0.32
190205040,-0.30,0.88,-0.31
190207017,-0.30,0.88,-0.31
190209017,-0.30,0.88,-0.31
190211015,-0.30,0.88,-0.31
190213017,-0.30,0.88,-0.31
190215119,-0.29,0.88,-0.32
190217014,-0.29,0.88,-0.32
190218969,-0.29,0.88,-0.32
190220970,-0.29,0.88,-0.32
190222970,-0.29,0.88,-0.32
190224967,-0.29,0.88,-0.31
190226967,-0.29,0.88,-0.31
190228969,-0.29,0.88,-0.31
190230968,-0.29,0.88,-0.31
190232967,-0.29,0.88,-0.31
190234972,-0.29,0.88,-0.31
190236975,-0.29,0.88,-0.31
190238975,-0.29,0.88,-0.31
190241048,-0.29,0.88,-0.31
190243018,-0.29,0.88,-0.31
190245018,-0.29,0.88,-0.33
190247015,-0.29,0.88,-0.33
190249017,-0.29,0.88,-0.33
190251025,-0.29,0.88,-0.33
190253014,-0.29,0.88,-0.33
190254995,-0.29,0.88,-0.33
190257005,-0.29,0.88,-0.33
190258969,-0.29,0.88,-0.33
190260970,-0.29,0.88,-0.33
190262958,-0.29,0.88,-0.33
190264957,-0.29,0.88,-0.33
190266976,-0.28,0.88,-0.32
190268993,-0.28,0.88,-0.32
190271116,-0.28,0.88,-0.32
190272997,-0.28,0.88,-0.32
190274974,-0.28,0.88,-0.32
190276967,-0.29,0.88,-0.31
190278969,-0.29,0.88,-0.31
190280970,-0.29,0.88,-0.31
190283024,-0.29,0.88,-0.31
190285014,-0.29,0.88,-0.31
190287039,-0.29,0.88,-0.32
190289016,-0.29,0.88,-0.32
190291110,-0.29,0.88,-0.32
190293024,-0.29,0.88,-0.32
190295061,-0.29,0.88,-0.32
190297029,-0.29,0.88,-0.32
190299015,-0.29,0.88,-0.32
190301015,-0.29,0.88,-0.32
190302981,-0.29,0.88,-0.32
190305048,-0.29,0.88,-0.32
190306982,-0.29,0.88,-0.30
190308971,-0.29,0.88,-0.30
190310967,-0.29,0.88,-0.30
190313014,-0.29,0.88,-0.30
190315063,-0.29,0.88,-0.30
190316981,-0.29,0.88,-0.33
190318979,-0.29,0.88,-0.33
190320968,-0.29,0.88,-0.33
190323033,-0.29,0.88,-0.33
190325023,-0.29,0.88,-0.33
190327007,-0.28,0.88,-0.32
190329014,-0.28,0.88,-0.32
190331013,-0.28,0.88,-0.32
190333016,-0.28,0.88,-0.32
190335043,-0.28,0.88,-0.32
190337026,-0.28,0.88,-0.32
190339017,-0.29,0.88,-0.31
190341078,-0.29,0.88,-0.31
190342973,-0.29,0.88,-0.31
190344968,-0.29,0.88,-0.31
190347061,-0.29,0.88,-0.31
190348995,-0.29,0.88,-0.31
190350969,-0.29,0.88,-0.31
190352977,-0.29,0.88,-0.31
190355017,-0.29,0.88,-0.31
190357002,-0.29,0.88,-0.31
190358966,-0.28,0.88,-0.33
190360967,-0.28,0.88,-0.33
190363035,-0.28,0.88,-0.33
190365120,-0.28,0.88,-0.33
190367021,-0.28,0.88,-0.33
190369018,-0.29,0.88,-0.33
190371036,-0.29,0.88,-0.33
190373036,-0.29,0.88,-0.33
190375036,-0.29,0.88,-0.33
190377018,-0.29,0.88,-0.33
190379005,-0.29,0.88,-0.32
190381007,-0.29,0.88,-0.32
190382976,-0.29,0.88,-0.32
190384970,-0.29,0.88,-0.32
190386966,-0.29,0.88,-0.32
190389042,-0.29,0.88,-0.31
190391095,-0.29,0.88,-0.31
190392973,-0.29,0.88,-0.31
190394987,-0.29,0.88,-0.31
190397033,-0.29,0.88,-0.31
190399001,-0.30,0.88,-0.31
190400969,-0.30,0.88,-0.31
190403030,-0.30,0.88,-0.31
190405010,-0.30,0.88,-0.31
190407006,-0.30,0.88,-0.31
190409011,-0.30,0.88,-0.31
190411008,-0.30,0.87,-0.31
190413014,-0.30,0.87,-0.31
190415114,-0.30,0.87,-0.31
190416978,-0.30,0.87,-0.31
190418968,-0.30,0.87,-0.31
190420970,-0.29,0.89,-0.33
190422974,-0.29,0.89,-0.33
190424979,-0.29,0.89,-0.33
190427034,-0.29,0.89,-0.33
190429018,-0.29,0.89,-0.33
190430972,-0.31,0.88,-0.30
190432967,-0.31,0.88,-0.30
190434970,-0.31,0.88,-0.30
190436966,-0.31,0.88,-0.30
190438965,-0.31,0.88,-0.30
190441073,-0.28,0.88,-0.31
190443028,-0.28,0.88,-0.31
190445015,-0.28,0.88,-0.31
190447011,-0.28,0.88,-0.31
190449012,-0.28,0.88,-0.31
190451013,-0.29,0.88,-0.30
190453010,-0.29,0.88,-0.30
190454999,-0.29,0.88,-0.30
190457006,-0.29,0.88,-0.30
190458958,-0.29,0.88,-0.30
190461053,-0.29,0.87,-0.30
190463000,-0.29,0.87,-0.30
190465065,-0.29,0.87,-0.30
190466981,-0.29,0.87,-0.30
190468967,-0.29,0.87,-0.30
190470966,-0.29,0.88,-0.31
190473006,-0.29,0.88,-0.31
190474966,-0.29,0.88,-0.31
190477019,-0.29,0.88,-0.31
190478969,-0.29,0.88,-0.31
190480968,-0.29,0.88,-0.31
190483026,-0.29,0.88,-0.30
190485010,-0.29,0.88,-0.30
190487017,-0.29,0.88,-0.30
190489018,-0.29,0.88,-0.30
190491183,-0.29,0.88,-0.30
190493024,-0.29,0.88,-0.31
190495016,-0.29,0.88,-0.31
190497009,-0.29,0.88,-0.31
190499036,-0.29,0.88,-0.31
190501020,-0.29,0.88,-0.31
190502973,-0.29,0.88,-0.30
190504972,-0.29,0.88,-0.30
190506969,-0.29,0.88,-0.30
190508971,-0.29,0.88,-0.30
190510971,-0.29,0.88,-0.30
190512979,-0.29,0.88,-0.29
190515125,-0.29,0.88,-0.29
190516971,-0.29,0.88,-0.29
190518966,-0.29,0.88,-0.29
190520966,-0.29,0.88,-0.29
190523028,-0.29,0.88,-0.31
190525016,-0.29,0.88,-0.31
190527018,-0.29,0.88,-0.31
190529026,-0.29,0.88,-0.31
190531037,-0.29,0.88,-0.31
190533017,-0.30,0.88,-0.30
190535012,-0.30,0.88,-0.30
190537010,-0.30,0.88,-0.30
190538991,-0.30,0.88,-0.30
190541077,-0.30,0.88,-0.30
190543102,-0.29,0.88,-0.30
190544993,-0.29,0.88,-0.30
190546968,-0.29,0.88,-0.30
190548969,-0.29,0.88,-0.30
190551007,-0.29,0.88,-0.30
190553013,-0.29,0.88,-0.30
190554959,-0.29,0.88,-0.30
190557002,-0.29,0.88,-0.30
190558958,-0.29,0.88,-0.30
190560969,-0.29,0.88,-0.30
190563032,-0.29,0.88,-0.30
190565115,-0.30,0.88,-0.30
190567014,-0.30,0.88,-0.30
190569009,-0.30,0.88,-0.30
190571028,-0.30,0.88,-0.30
190573052,-0.30,0.88,-0.30
190575039,-0.29,0.88,-0.30
190577019,-0.29,0.88,-0.30
190579017,-0.29,0.88,-0.30
190580974,-0.29,0.88,-0.30
190583025,-0.29,0.88,-0.30
190585020,-0.30,0.88,-0.30
190586986,-0.30,0.88,-0.30
190588968,-0.30,0.88,-0.30
190591102,-0.30,0.88,-0.30
190593021,-0.30,0.88,-0.30
190594987,-0.29,0.88,-0.30
190596966,-0.29,0.88,-0.30
190598958,-0.29,0.88,-0.30
190600968,-0.29,0.88,-0.30
190603030,-0.29,0.88,-0.30
190605014,-0.29,0.88,-0.31
190607019,-0.29,0.88,-0.31
190609026,-0.29,0.88,-0.31
190611043,-0.29,0.88,-0.31
190613025,-0.29,0.88,-0.31
190615121,-0.25,0.90,-0.34
190617016,-0.25,0.90,-0.34
190619035,-0.25,0.90,-0.34
190621034,-0.25,0.90,-0.34
190622990,-0.25,0.90,-0.34
190624970,-0.29,0.89,-0.31
190626966,-0.29,0.89,-0.31
190628966,-0.29,0.89,-0.31
190630971,-0.29,0.89,-0.31
190632969,-0.29,0.89,-0.31
190634968,-0.29,0.89,-0.31
190636966,-0.34,0.88,-0.30
190638980,-0.34,0.88,-0.30
190641143,-0.34,0.88,-0.30
190643026,-0.34,0.88,-0.30
190645018,-0.34,0.88,-0.30
190647009,-0.28,0.87,-0.32
190649014,-0.28,0.87,-0.32
190651035,-0.28,0.87,-0.32
190653015,-0.28,0.87,-0.32
190655017,-0.28,0.87,-0.32
190657033,-0.25,0.89,-0.34
190658974,-0.25,0.89,-0.34
190660969,-0.25,0.89,-0.34
190662968,-0.25,0.89,-0.34
190665064,-0.25,0.89,-0.34
190666975,-0.31,0.87,-0.27
190669042,-0.31,0.87,-0.27
190671011,-0.31,0.87,-0.27
190672970,-0.31,0.87,-0.27
190674970,-0.31,0.87,-0.27
190676975,-0.27,0.89,-0.36
190679005,-0.27,0.89,-0.36
190680971,-0.27,0.89,-0.36
190683026,-0.27,0.89,-0.36
190685009,-0.27,0.89,-0.36
190687005,-0.26,0.89,-0.33
190689039,-0.26,0.89,-0.33
190691160,-0.26,0.89,-0.33
190693030,-0.26,0.89,-0.33
190695017,-0.26,0.89,-0.33
190697007,-0.30,0.88,-0.30
190698967,-0.30,0.88,-0.30
190700968,-0.30,0.88,-0.30
190703140,-0.30,0.88,-0.30
190705000,-0.30,0.88,-0.30
190706979,-0.30,0.88,-0.30
190708982,-0.29,0.88,-0.31
190711029,-0.29,0.88,-0.31
190712997,-0.29,0.88,-0.31
190715077,-0.29,0.88,-0.31
190716981,-0.29,0.88,-0.31
190718981,-0.29,0.88,-0.31
190721024,-0.29,0.88,-0.31
190723029,-0.29,0.88,-0.31
190725018,-0.29,0.88,-0.31
190727014,-0.29,0.88,-0.31
190729018,-0.29,0.88,-0.31
190731021,-0.29,0.88,-0.31
190733014,-0.29,0.88,-0.31
190735014,-0.29,0.88,-0.31
190736972,-0.29,0.88,-0.31
190738970,-0.29,0.88,-0.32
190741076,-0.29,0.88,-0.32
190742972,-0.29,0.88,-0.32
190744980,-0.29,0.88,-0.32
190747049,-0.29,0.88,-0.32
190749012,-0.29,0.88,-0.31
190750974,-0.29,0.88,-0.31
190752975,-0.29,0.88,-0.31
190754979,-0.29,0.88,-0.31
190757008,-0.29,0.88,-0.31
190758977,-0.29,0.88,-0.30
190760983,-0.29,0.88,-0.30
190763052,-0.29,0.88,-0.30
190765132,-0.29,0.88,-0.30
190767024,-0.29,0.88,-0.30
190769015,-0.29,0.88,-0.31
190771040,-0.29,0.88,-0.31
190773026,-0.29,0.88,-0.31
190775021,-0.29,0.88,-0.31
190777017,-0.29,0.88,-0.31
190779016,-0.29,0.88,-0.31
190781039,-0.29,0.88,-0.31
190782995,-0.29,0.88,-0.31
190785035,-0.29,0.88,-0.31
190786994,-0.29,0.88,-0.31
190788975,-0.29,0.88,-0.31
190791080,-0.29,0.88,-0.30
190792988,-0.29,0.88,-0.30
190795026,-0.29,0.88,-0.30
190796974,-0.29,0.88,-0.30
190798972,-0.29,0.88,-0.30
190800968,-0.29,0.88,-0.31
190803035,-0.29,0.88,-0.31
190805015,-0.29,0.88,-0.31
190807016,-0.29,0.88,-0.31
190809015,-0.29,0.88,-0.31
190811011,-0.29,0.88,-0.32
190813026,-0.29,0.88,-0.32
190815131,-0.29,0.88,-0.32
190817033,-0.29,0.88,-0.32
190819019,-0.29,0.88,-0.32
190820976,-0.28,0.88,-0.32
190822978,-0.28,0.88,-0.32
190825045,-0.28,0.88,-0.32
190827016,-0.28,0.88,-0.32
190828978,-0.28,0.88,-0.32
190830976,-0.29,0.86,-0.29
190832990,-0.29,0.86,-0.29
190835020,-0.29,0.86,-0.29
190836980,-0.29,0.86,-0.29
190838970,-0.29,0.86,-0.29
190841085,-0.29,0.87,-0.32
190843077,-0.29,0.87,-0.32
190845026,-0.29,0.87,-0.32
190847017,-0.29,0.87,-0.32
190849015,-0.29,0.87,-0.32
190851014,-0.30,0.88,-0.30
190853021,-0.30,0.88,-0.30
190855075,-0.30,0.88,-0.30
190857032,-0.30,0.88,-0.30
190859014,-0.30,0.88,-0.30
190860974,-0.30,0.88,-0.30
190862976,-0.30,0.88,-0.30
190865070,-0.30,0.88,-0.30
190867050,-0.30,0.88,-0.30
190868999,-0.30,0.88,-0.30
190870976,-0.30,0.88,-0.30
190872975,-0.29,0.88,-0.33
190875017,-0.29,0.88,-0.33
190877003,-0.29,0.88,-0.33
190878976,-0.29,0.88,-0.33
190880982,-0.29,0.88,-0.33
190883048,-0.29,0.88,-0.30
190885037,-0.29,0.88,-0.30
190887018,-0.29,0.88,-0.30
190889018,-0.29,0.88,-0.30
190891146,-0.29,0.88,-0.30
190893029,-0.29,0.89,-0.32
190895035,-0.29,0.89,-0.32
190897015,-0.29,0.89,-0.32
190899012,-0.29,0.89,-0.32
190901010,-0.29,0.89,-0.32
190902998,-0.29,0.88,-0.30
190905038,-0.29,0.88,-0.30
190907019,-0.29,0.88,-0.30
190908999,-0.29,0.88,-0.30
190910970,-0.29,0.88,-0.30
190912975,-0.29,0.88,-0.31
190915072,-0.29,0.88,-0.31
190916983,-0.29,0.88,-0.31
190919022,-0.29,0.88,-0.31
190920971,-0.29,0.88,-0.31
190923033,-0.29,0.87,-0.32
190925016,-0.29,0.87,-0.32
190927015,-0.29,0.87,-0.32
190929013,-0.29,0.87,-0.32
190931017,-0.29,0.87,-0.32
190933015,-0.29,0.87,-0.32
190935014,-0.29,0.88,-0.31
190936967,-0.29,0.88,-0.31
190938998,-0.29,0.88,-0.31
190941187,-0.29,0.88,-0.31
190942991,-0.29,0.88,-0.31
190944958,-0.28,0.88,-0.33
190946958,-0.28,0.88,-0.33
190948959,-0.28,0.88,-0.33
190950957,-0.28,0.88,-0.33
190952968,-0.28,0.88,-0.33
190954968,-0.29,0.88,-0.30
190957008,-0.29,0.88,-0.30
190958972,-0.29,0.88,-0.30
190960967,-0.29,0.88,-0.30
190963044,-0.29,0.88,-0.30
190965127,-0.28,0.88,-0.32
190967019,-0.28,0.88,-0.32
190969018,-0.28,0.88,-0.32
190971047,-0.28,0.88,-0.32
190973028,-0.28,0.88,-0.32
190975024,-0.27,0.88,-0.31
190977006,-0.27,0.88,-0.31
190979013,-0.27,0.88,-0.31
190981012,-0.27,0.88,-0.31
190982980,-0.27,0.88,-0.31
190985006,-0.26,0.88,-0.33
190987040,-0.26,0.88,-0.33
190989008,-0.26,0.88,-0.33
190991076,-0.26,0.88,-0.33
190992970,-0.26,0.88,-0.33
190994983,-0.27,0.88,-0.34
190996970,-0.27,0.88,-0.34
190998969,-0.27,0.88,-0.34
191001017,-0.27,0.88,-0.34
191003039,-0.27,0.88,-0.34
191005018,-0.30,0.87,-0.30
191007010,-0.30,0.87,-0.30
191009007,-0.30,0.87,-0.30
191011057,-0.30,0.87,-0.30
191013031,-0.30,0.87,-0.30
191015110,-0.30,0.87,-0.30
191017012,-0.29,0.88,-0.34
191019007,-0.29,0.88,-0.34
191020969,-0.29,0.88,-0.34
191022988,-0.29,0.88,-0.34
191025049,-0.29,0.88,-0.34
191026986,-0.24,0.88,-0.33
191028968,-0.24,0.88,-0.33
191030967,-0.24,0.88,-0.33
191032968,-0.24,0.88,-0.33
191034969,-0.24,0.88,-0.33
191036971,-0.30,0.87,-0.32
191038972,-0.30,0.87,-0.32
191041069,-0.30,0.87,-0.32
191043018,-0.30,0.87,-0.32
191045008,-0.30,0.87,-0.32
191047014,-0.31,0.87,-0.31
191049014,-0.31,0.87,-0.31
191051009,-0.31,0.87,-0.31
191053010,-0.31,0.87,-0.31
191054969,-0.31,0.87,-0.31
191057002,-0.27,0.88,-0.37
191058958,-0.27,0.88,-0.37
191060971,-0.27,0.88,-0.37
191063006,-0.27,0.88,-0.37
191065131,-0.27,0.88,-0.37
191066999,-0.26,0.88,-0.31
191068969,-0.26,0.88,-0.31
191070968,-0.26,0.88,-0.31
191072972,-0.26,0.88,-0.31
191074980,-0.26,0.88,-0.31
191077020,-0.28,0.88,-0.34
191078967,-0.28,0.88,-0.34
191080967,-0.28,0.88,-0.34
191083027,-0.28,0.88,-0.34
191085019,-0.28,0.88,-0.34
191087033,-0.28,0.88,-0.34
191089010,-0.26,0.87,-0.33
191091136,-0.26,0.87,-0.33
191093054,-0.26,0.87,-0.33
191095034,-0.26,0.87,-0.33
191097017,-0.26,0.87,-0.33
191099017,-0.28,0.88,-0.35
191101011,-0.28,0.88,-0.35
191103039,-0.28,0.88,-0.35
191105006,-0.28,0.88,-0.35
191106967,-0.28,0.88,-0.35
191108967,-0.28,0.87,-0.30
191110959,-0.28,0.87,-0.30
191113019,-0.28,0.87,-0.30
191114959,-0.28,0.87,-0.30
191116975,-0.28,0.87,-0.30
191118969,-0.27,0.88,-0.34
191120970,-0.27,0.88,-0.34
191123034,-0.27,0.88,-0.34
191125017,-0.27,0.88,-0.34
191127012,-0.27,0.88,-0.34
191129027,-0.27,0.87,-0.31
191131042,-0.27,0.87,-0.31
191133022,-0.27,0.87,-0.31
191135008,-0.27,0.87,-0.31
191137007,-0.27,0.87,-0.31
191139006,-0.27,0.87,-0.33
191141077,-0.27,0.87,-0.33
191142984,-0.27,0.87,-0.33
191145042,-0.27,0.87,-0.33
191146987,-0.27,0.87,-0.33
191148969,-0.28,0.87,-0.32
191150970,-0.28,0.87,-0.32
191153017,-0.28,0.87,-0.32
191155015,-0.28,0.87,-0.32
191157003,-0.28,0.87,-0.32
191158966,-0.28,0.87,-0.32
191160969,-0.27,0.88,-0.32
191163031,-0.27,0.88,-0.32
191165119,-0.27,0.88,-0.32
191167015,-0.27,0.88,-0.32
191169014,-0.27,0.88,-0.32
191171039,-0.27,0.88,-0.33
191173026,-0.27,0.88,-0.33
191175009,-0.27,0.88,-0.33
191177005,-0.27,0.88,-0.33
191178975,-0.27,0.88,-0.33
191180978,-0.25,0.88,-0.33
191183051,-0.25,0.88,-0.33
191184993,-0.25,0.88,-0.33
191186970,-0.25,0.88,-0.33
191188985,-0.25,0.88,-0.33
191191105,-0.26,0.88,-0.34
191193017,-0.26,0.88,-0.34
191195011,-0.26,0.88,-0.34
191196969,-0.26,0.88,-0.34
191198959,-0.26,0.88,-0.34
191200969,-0.28,0.88,-0.32
191203030,-0.28,0.88,-0.32
191205012,-0.28,0.88,-0.32
191207015,-0.28,0.88,-0.32
191209016,-0.28,0.88,-0.32
191211012,-0.27,0.88,-0.34
191213015,-0.27,0.88,-0.34
191215113,-0.27,0.88,-0.34
191216986,-0.27,0.88,-0.34
191219088,-0.27,0.88,-0.34
191220995,-0.26,0.87,-0.34
191222969,-0.26,0.87,-0.34
191224969,-0.26,0.87,-0.34
191226959,-0.26,0.87,-0.34
191228967,-0.26,0.87,-0.34
191230959,-0.26,0.87,-0.34
191232969,-0.26,0.88,-0.35
191234992,-0.26,0.88,-0.35
191237016,-0.26,0.88,-0.35
191238968,-0.26,0.88,-0.35
191241069,-0.26,0.88,-0.35
191243039,-0.26,0.88,-0.35
191245023,-0.26,0.88,-0.35
191247015,-0.26,0.88,-0.35
191249015,-0.26,0.88,-0.35
191251082,-0.26,0.88,-0.35
191253023,-0.26,0.88,-0.34
191255012,-0.26,0.88,-0.34
191257022,-0.26,0.88,-0.34
191259009,-0.26,0.88,-0.34
191260966,-0.26,0.88,-0.34
191262969,-0.26,0.88,-0.34
191264959,-0.26,0.88,-0.34
191267016,-0.26,0.88,-0.34
191269028,-0.26,0.88,-0.34
191270976,-0.26,0.88,-0.34
191272975,-0.25,0.88,-0.34
191274975,-0.25,0.88,-0.34
191277019,-0.25,0.88,-0.34
191279003,-0.25,0.88,-0.34
191280969,-0.25,0.88,-0.34
191283031,-0.26,0.88,-0.35
191285018,-0.26,0.88,-0.35
191287016,-0.26,0.88,-0.35
191289016,-0.26,0.88,-0.35
191291133,-0.26,0.88,-0.35
191293024,-0.27,0.88,-0.33
191295018,-0.27,0.88,-0.33
191297011,-0.27,0.88,-0.33
191298994,-0.27,0.88,-0.33
191301054,-0.27,0.88,-0.33
191303000,-0.26,0.87,-0.34
191304966,-0.26,0.87,-0.34
191306967,-0.26,0.87,-0.34
191308970,-0.26,0.87,-0.34
191310975,-0.26,0.87,-0.34
191313014,-0.26,0.87,-0.34
191315063,-0.26,0.87,-0.34
191316976,-0.26,0.87,-0.34
191318980,-0.26,0.87,-0.34
191320969,-0.26,0.87,-0.34
191323035,-0.26,0.87,-0.34
191325013,-0.26,0.88,-0.34
191327018,-0.26,0.88,-0.34
191329015,-0.26,0.88,-0.34
191331010,-0.26,0.88,-0.34
191333006,-0.26,0.88,-0.34
191335010,-0.26,0.88,-0.34
191336968,-0.26,0.88,-0.34
191338967,-0.26,0.88,-0.34
191341071,-0.26,0.88,-0.34
191342969,-0.26,0.88,-0.34
191344968,-0.26,0.88,-0.34
191347037,-0.26,0.88,-0.34
191349017,-0.26,0.88,-0.34
191350968,-0.26,0.88,-0.34
191352966,-0.26,0.88,-0.34
191354974,-0.26,0.88,-0.35
191357003,-0.26,0.88,-0.35
191359018,-0.26,0.88,-0.35
191360968,-0.26,0.88,-0.35
191363030,-0.26,0.88,-0.35
191365118,-0.25,0.88,-0.35
191367018,-0.25,0.88,-0.35
191369016,-0.25,0.88,-0.35
191371050,-0.25,0.88,-0.35
191373042,-0.25,0.88,-0.35
191375007,-0.25,0.88,-0.35
191377014,-0.25,0.88,-0.35
191379013,-0.25,0.88,-0.35
191380968,-0.25,0.88,-0.35
191382967,-0.25,0.88,-0.35
191385047,-0.25,0.88,-0.35
191386993,-0.25,0.88,-0.34
191388967,-0.25,0.88,-0.34
191391075,-0.25,0.88,-0.34
191392975,-0.25,0.88,-0.34
191395008,-0.25,0.88,-0.34
191397021,-0.25,0.88,-0.36
191398968,-0.25,0.88,-0.36
191400959,-0.25,0.88,-0.36
191403031,-0.25,0.88,-0.36
191405013,-0.25,0.88,-0.36
191407009,-0.25,0.89,-0.36
191409009,-0.25,0.89,-0.36
191411044,-0.25,0.89,-0.36
191413026,-0.25,0.89,-0.36
191415119,-0.25,0.89,-0.36
191417020,-0.26,0.88,-0.34
191419013,-0.26,0.88,-0.34
191421051,-0.26,0.88,-0.34
191422997,-0.26,0.88,-0.34
191424971,-0.26,0.88,-0.34
191426969,-0.26,0.88,-0.34
191429016,-0.26,0.88,-0.34
191431007,-0.26,0.88,-0.34
191432979,-0.26,0.88,-0.34
191434966,-0.26,0.88,-0.34
191436966,-0.26,0.88,-0.33
191438958,-0.26,0.88,-0.33
191441073,-0.26,0.88,-0.33
191443027,-0.26,0.88,-0.33
191445014,-0.26,0.88,-0.33
191447014,-0.26,0.88,-0.32
191449009,-0.26,0.88,-0.32
191451014,-0.26,0.88,-0.32
191453054,-0.26,0.88,-0.32
191455035,-0.26,0.88,-0.32
191457030,-0.26,0.88,-0.32
191459010,-0.26,0.88,-0.32
191460969,-0.26,0.88,-0.32
191462966,-0.26,0.88,-0.32
191465069,-0.26,0.88,-0.32
191466981,-0.26,0.88,-0.32
191468971,-0.27,0.88,-0.32
191470966,-0.27,0.88,-0.32
191472972,-0.27,0.88,-0.32
191474971,-0.27,0.88,-0.32
191476974,-0.27,0.88,-0.32
191478968,-0.25,0.88,-0.34
191480968,-0.25,0.88,-0.34
191483015,-0.25,0.88,-0.34
191485012,-0.25,0.88,-0.34
191487010,-0.25,0.88,-0.34
191489019,-0.26,0.88,-0.34
191491095,-0.26,0.88,-0.34
191493063,-0.26,0.88,-0.34
191495036,-0.26,0.88,-0.34
191497011,-0.26,0.88,-0.34
191498974,-0.25,0.88,-0.33
191500978,-0.25,0.88,-0.33
191502970,-0.25,0.88,-0.33
191504971,-0.25,0.88,-0.33
191506979,-0.25,0.88,-0.33
191509044,-0.25,0.88,-0.34
191510979,-0.25,0.88,-0.34
191512966,-0.25,0.88,-0.34
191515064,-0.25,0.88,-0.34
191517022,-0.25,0.88,-0.34
191518968,-0.26,0.88,-0.34
191520966,-0.26,0.88,-0.34
191523030,-0.26,0.88,-0.34
191525012,-0.26,0.88,-0.34
191527007,-0.26,0.88,-0.34
191529009,-0.26,0.88,-0.33
191531016,-0.26,0.88,-0.33
191533055,-0.26,0.88,-0.33
191535016,-0.26,0.88,-0.33
191537007,-0.26,0.88,-0.33
191538969,-0.26,0.88,-0.33
191541072,-0.25,0.88,-0.33
191543032,-0.25,0.88,-0.33
191545018,-0.25,0.88,-0.33
191546978,-0.25,0.88,-0.33
191548967,-0.25,0.88,-0.33
191550968,-0.25,0.88,-0.34
191553036,-0.25,0.88,-0.34
191554973,-0.25,0.88,-0.34
191556999,-0.25,0.88,-0.34
191558958,-0.25,0.88,-0.34
191560958,-0.25,0.88,-0.34
191563029,-0.25,0.88,-0.34
191565116,-0.25,0.88,-0.34
191567014,-0.25,0.88,-0.34
191569015,-0.25,0.88,-0.34
191571078,-0.25,0.88,-0.34
191573026,-0.25,0.88,-0.34
191575015,-0.25,0.88,-0.34
191577017,-0.25,0.88,-0.34
191579012,-0.25,0.88,-0.34
191580971,-0.25,0.88,-0.38
191582973,-0.25,0.88,-0.38
191584975,-0.25,0.88,-0.38
191587015,-0.25,0.88,-0.38
191589035,-0.25,0.88,-0.38
191591089,-0.26,0.87,-0.32
191592971,-0.26,0.87,-0.32
191594984,-0.26,0.87,-0.32
191596974,-0.26,0.87,-0.32
191599013,-0.26,0.87,-0.32
191601022,-0.23,0.87,-0.36
191603054,-0.23,0.87,-0.36
191605022,-0.23,0.87,-0.36
191607017,-0.23,0.87,-0.36
191609022,-0.23,0.87,-0.36
191611037,-0.23,0.87,-0.36
191613025,-0.25,0.87,-0.32
191615118,-0.25,0.87,-0.32
191617015,-0.25,0.87,-0.32
191619008,-0.25,0.87,-0.32
191620969,-0.25,0.87,-0.32
191622981,-0.27,0.89,-0.37
191625072,-0.27,0.89,-0.37
191626996,-0.27,0.89,-0.37
191628968,-0.27,0.89,-0.37
191630958,-0.27,0.89,-0.37
191632967,-0.25,0.88,-0.32
191634958,-0.25,0.88,-0.32
191636959,-0.25,0.88,-0.32
191638968,-0.25,0.88,-0.32
191641068,-0.25,0.88,-0.32
191643019,-0.22,0.90,-0.39
191645011,-0.22,0.90,-0.39
191647006,-0.22,0.90,-0.39
191649012,-0.22,0.90,-0.39
191651014,-0.22,0.90,-0.39
191653027,-0.24,0.87,-0.32
191655079,-0.24,0.87,-0.32
191657009,-0.24,0.87,-0.32
191658958,-0.24,0.87,-0.32
191660966,-0.24,0.87,-0.32
191662957,-0.27,0.88,-0.38
191665066,-0.27,0.88,-0.38
191666974,-0.27,0.88,-0.38
191668968,-0.27,0.88,-0.38
191670967,-0.27,0.88,-0.38
191672969,-0.30,0.87,-0.33
191674970,-0.30,0.87,-0.33
191676959,-0.30,0.87,-0.33
191678967,-0.30,0.87,-0.33
191680959,-0.30,0.87,-0.33
191683026,-0.29,0.87,-0.33
191685010,-0.29,0.87,-0.33
191687044,-0.29,0.87,-0.33
191689029,-0.29,0.87,-0.33
191691118,-0.29,0.87,-0.33
191693020,-0.29,0.87,-0.33
191695042,-0.25,0.88,-0.37
191697035,-0.25,0.88,-0.37
191699022,-0.25,0.88,-0.37
191700999,-0.25,0.88,-0.37
191702977,-0.25,0.88,-0.37
191705012,-0.25,0.88,-0.36
191706982,-0.25,0.88,-0.36
191709037,-0.25,0.88,-0.36
191710991,-0.25,0.88,-0.36
191712968,-0.25,0.88,-0.36
191715086,-0.25,0.88,-0.34
191717018,-0.25,0.88,-0.34
191718966,-0.25,0.88,-0.34
191720966,-0.25,0.88,-0.34
191723029,-0.25,0.88,-0.34
191725010,-0.25,0.88,-0.36
191727007,-0.25,0.88,-0.36
191729026,-0.25,0.88,-0.36
191731040,-0.25,0.88,-0.36
191733014,-0.25,0.88,-0.36
191735013,-0.25,0.87,-0.34
191737005,-0.25,0.87,-0.34
191738975,-0.25,0.87,-0.34
191741076,-0.25,0.87,-0.34
191743034,-0.25,0.87,-0.34
191745018,-0.25,0.88,-0.34
191746969,-0.25,0.88,-0.34
191748968,-0.25,0.88,-0.34
191750967,-0.25,0.88,-0.34
191752970,-0.25,0.88,-0.34
191754974,-0.25,0.88,-0.35
191756999,-0.25,0.88,-0.35
191759023,-0.25,0.88,-0.35
191760969,-0.25,0.88,-0.35
191763029,-0.25,0.88,-0.35
191765114,-0.25,0.88,-0.35
191767016,-0.25,0.87,-0.34
191769008,-0.25,0.87,-0.34
191771034,-0.25,0.87,-0.34
191773072,-0.25,0.87,-0.34
191775040,-0.25,0.87,-0.34
191777015,-0.25,0.88,-0.34
191779014,-0.25,0.88,-0.34
191780983,-0.25,0.88,-0.34
191783043,-0.25,0.88,-0.34
191784983,-0.25,0.88,-0.34
191786974,-0.25,0.88,-0.34
191788984,-0.25,0.88,-0.34
191791113,-0.25,0.88,-0.34
191792969,-0.25,0.88,-0.34
191794987,-0.25,0.88,-0.34
191796970,-0.25,0.88,-0.35
191798968,-0.25,0.88,-0.35
191800967,-0.25,0.88,-0.35
191803054,-0.25,0.88,-0.35
191805034,-0.25,0.88,-0.35
191807011,-0.25,0.88,-0.34
191809013,-0.25,0.88,-0.34
191811037,-0.25,0.88,-0.34
191813036,-0.25,0.88,-0.34
191815118,-0.25,0.88,-0.34
191817018,-0.25,0.88,-0.35
191819018,-0.25,0.88,-0.35
191821052,-0.25,0.88,-0.35
191823020,-0.25,0.88,-0.35
191824988,-0.25,0.88,-0.35
191826967,-0.25,0.88,-0.34
191828966,-0.25,0.88,-0.34
191830970,-0.25,0.88,-0.34
191832970,-0.25,0.88,-0.34
191835085,-0.25,0.88,-0.34
191836993,-0.25,0.88,-0.34
191838967,-0.26,0.88,-0.32
191841096,-0.26,0.88,-0.32
191843045,-0.26,0.88,-0.32
191845033,-0.26,0.88,-0.32
191847012,-0.26,0.88,-0.32
191849010,-0.25,0.88,-0.34
191851038,-0.25,0.88,-0.34
191853034,-0.25,0.88,-0.34
191855015,-0.25,0.88,-0.34
191857022,-0.25,0.88,-0.34
191859009,-0.25,0.88,-0.34
191860969,-0.25,0.88,-0.34
191862975,-0.25,0.88,-0.34
191865128,-0.25,0.88,-0.34
191867006,-0.25,0.88,-0.34
191868975,-0.25,0.88,-0.34
191870967,-0.25,0.88,-0.34
191872971,-0.25,0.88,-0.34
191874983,-0.25,0.88,-0.34
191877016,-0.25,0.88,-0.34
191878966,-0.26,0.88,-0.32
191880966,-0.26,0.88,-0.32
191883034,-0.26,0.88,-0.32
191885015,-0.26,0.88,-0.32
191887017,-0.26,0.88,-0.32
191889014,-0.25,0.88,-0.34
191891110,-0.25,0.88,-0.34
191893017,-0.25,0.88,-0.34
191895041,-0.25,0.88,-0.34
191897034,-0.25,0.88,-0.34
191899006,-0.26,0.88,-0.32
191900969,-0.26,0.88,-0.32
191902967,-0.26,0.88,-0.32
191904983,-0.26,0.88,-0.32
191907012,-0.26,0.88,-0.32
191908966,-0.27,0.88,-0.34
191910966,-0.27,0.88,-0.34
191913032,-0.27,0.88,-0.34
191915117,-0.27,0.88,-0.34
191916978,-0.27,0.88,-0.34
191918975,-0.27,0.88,-0.34
191920968,-0.25,0.88,-0.32
191923020,-0.25,0.88,-0.32
191925009,-0.25,0.88,-0.32
191927015,-0.25,0.88,-0.32
191929017,-0.25,0.88,-0.32
191931009,-0.26,0.88,-0.33
191933007,-0.26,0.88,-0.33
191934966,-0.26,0.88,-0.33
191936971,-0.26,0.88,-0.33
191938966,-0.26,0.88,-0.33
191941049,-0.26,0.88,-0.33
191942967,-0.26,0.88,-0.33
191944969,-0.26,0.88,-0.33
191946971,-0.26,0.88,-0.33
191948970,-0.26,0.88,-0.33
191950970,-0.25,0.88,-0.33
191952975,-0.25,0.88,-0.33
191954994,-0.25,0.88,-0.33
191957088,-0.25,0.88,-0.33
191958999,-0.25,0.88,-0.33
191961008,-0.25,0.88,-0.34
191963023,-0.25,0.88,-0.34
191965110,-0.25,0.88,-0.34
191967017,-0.25,0.88,-0.34
191969012,-0.25,0.88,-0.34
191971017,-0.26,0.88,-0.32
191973016,-0.26,0.88,-0.32
191974999,-0.26,0.88,-0.32
191976973,-0.26,0.88,-0.32
191978970,-0.26,0.88,-0.32
191980970,-0.26,0.89,-0.34
191982968,-0.26,0.89,-0.34
191984971,-0.26,0.89,-0.34
191986978,-0.26,0.89,-0.34
191989074,-0.26,0.89,-0.34
191991093,-0.26,0.89,-0.34
191992981,-0.26,0.88,-0.32
191994985,-0.26,0.88,-0.32
191996969,-0.26,0.88,-0.32
191998966,-0.26,0.88,-0.32
192000957,-0.26,0.88,-0.32
192003023,-0.26,0.88,-0.33
192005008,-0.26,0.88,-0.33
192007008,-0.26,0.88,-0.33
192009013,-0.26,0.88,-0.33
192011042,-0.26,0.88,-0.33
192013034,-0.26,0.88,-0.33
192015120,-0.26,0.88,-0.33
192017017,-0.26,0.88,-0.33
192018971,-0.26,0.88,-0.33
192020984,-0.26,0.88,-0.33
192023039,-0.26,0.88,-0.32
192024985,-0.26,0.88,-0.32
192026971,-0.26,0.88,-0.32
192028967,-0.26,0.88,-0.32
192030966,-0.26,0.88,-0.32
192033018,-0.26,0.88,-0.34
192035010,-0.26,0.88,-0.34
192036967,-0.26,0.88,-0.34
192038965,-0.26,0.88,-0.34
192041074,-0.26,0.88,-0.34
192043026,-0.25,0.88,-0.33
192045019,-0.25,0.88,-0.33
192047011,-0.25,0.88,-0.33
192049031,-0.25,0.88,-0.33
192051043,-0.25,0.88,-0.33
192053017,-0.25,0.88,-0.34
192055009,-0.25,0.88,-0.34
192057006,-0.25,0.88,-0.34
192059040,-0.25,0.88,-0.34
192061024,-0.25,0.88,-0.34
192062970,-0.25,0.88,-0.34
192065061,-0.25,0.88,-0.33
192066972,-0.25,0.88,-0.33
192068969,-0.25,0.88,-0.33
192070970,-0.25,0.88,-0.33
192072980,-0.25,0.88,-0.33
192075017,-0.25,0.88,-0.34
192076968,-0.25,0.88,-0.34
192078966,-0.25,0.88,-0.34
192080965,-0.25,0.88,-0.34
192083029,-0.25,0.88,-0.34
192085015,-0.25,0.88,-0.36
192087018,-0.25,0.88,-0.36
192089033,-0.25,0.88,-0.36
192091177,-0.25,0.88,-0.36
192093024,-0.25,0.88,-0.36
192095017,-0.25,0.89,-0.34
192097010,-0.25,0.89,-0.34
192099010,-0.25,0.89,-0.34
192100969,-0.25,0.89,-0.34
192102967,-0.25,0.89,-0.34
192104971,-0.25,0.89,-0.35
192106971,-0.25,0.89,-0.35
192109045,-0.25,0.89,-0.35
192111001,-0.25,0.89,-0.35
192112969,-0.25,0.89,-0.35
192115062,-0.25,0.88,-0.35
192116971,-0.25,0.88,-0.35
192118974,-0.25,0.88,-0.35
192121000,-0.25,0.88,-0.35
192123049,-0.25,0.88,-0.35
192125033,-0.25,0.88,-0.36
192127012,-0.25,0.88,-0.36
192129013,-0.25,0.88,-0.36
192131012,-0.25,0.88,-0.36
192133010,-0.25,0.88,-0.36
192135013,-0.25,0.88,-0.35
192137035,-0.25,0.88,-0.35
192139015,-0.25,0.88,-0.35
192141073,-0.25,0.88,-0.35
192142978,-0.25,0.88,-0.35
192144970,-0.25,0.88,-0.35
192147037,-0.25,0.88,-0.34
192149014,-0.25,0.88,-0.34
192150966,-0.25,0.88,-0.34
192152975,-0.25,0.88,-0.34
192155020,-0.25,0.88,-0.34
192156971,-0.25,0.88,-0.35
192158968,-0.25,0.88,-0.35
192160996,-0.25,0.88,-0.35
192163028,-0.25,0.88,-0.35
192165117,-0.25,0.88,-0.35
192167017,-0.25,0.88,-0.34
192169028,-0.25,0.88,-0.34
192171043,-0.25,0.88,-0.34
192173022,-0.25,0.88,-0.34
192175009,-0.25,0.88,-0.34
192177007,-0.25,0.88,-0.35
192179033,-0.25,0.88,-0.35
192181019,-0.25,0.88,-0.35
192182974,-0.25,0.88,-0.35
192184969,-0.25,0.88,-0.35
192186968,-0.25,0.88,-0.34
192188996,-0.25,0.88,-0.34
192191087,-0.25,0.88,-0.34
192192970,-0.25,0.88,-0.34
192195024,-0.25,0.88,-0.34
192197011,-0.25,0.88,-0.34
192198968,-0.25,0.88,-0.34
192200958,-0.25,0.88,-0.34
192203029,-0.25,0.88,-0.34
192205015,-0.25,0.88,-0.34
192207018,-0.26,0.88,-0.34
192209036,-0.26,0.88,-0.34
192211038,-0.26,0.88,-0.34
192213042,-0.26,0.88,-0.34
192215119,-0.26,0.88,-0.34
192217016,-0.25,0.88,-0.33
192219012,-0.25,0.88,-0.33
192220972,-0.25,0.88,-0.33
192222967,-0.25,0.88,-0.33
192224980,-0.25,0.88,-0.33
192227071,-0.25,0.88,-0.33
192228998,-0.25,0.88,-0.34
192230959,-0.25,0.88,-0.34
192232969,-0.25,0.88,-0.34
192234967,-0.25,0.88,-0.34
192236966,-0.25,0.88,-0.34
192238967,-0.25,0.88,-0.34
192241072,-0.25,0.88,-0.34
192243029,-0.25,0.88,-0.34
192245007,-0.25,0.88,-0.34
192247018,-0.25,0.88,-0.34
192249016,-0.26,0.88,-0.33
192251018,-0.26,0.88,-0.33
192253040,-0.26,0.88,-0.33
192255032,-0.26,0.88,-0.33
192257030,-0.26,0.88,-0.33
192258981,-0.26,0.88,-0.32
192261003,-0.26,0.88,-0.32
192262969,-0.26,0.88,-0.32
192265119,-0.26,0.88,-0.32
192267018,-0.26,0.88,-0.32
192268967,-0.26,0.88,-0.34
192270966,-0.26,0.88,-0.34
192273019,-0.26,0.88,-0.34
192275003,-0.26,0.88,-0.34
192276966,-0.26,0.88,-0.34
192278958,-0.25,0.88,-0.35
192280958,-0.25,0.88,-0.35
192283034,-0.25,0.88,-0.35
192285017,-0.25,0.88,-0.35
192287018,-0.25,0.88,-0.35
192289022,-0.25,0.88,-0.34
192291143,-0.25,0.88,-0.34
192293037,-0.25,0.88,-0.34
192295020,-0.25,0.88,-0.34
192297010,-0.25,0.88,-0.34
192299036,-0.25,0.88,-0.34
192301019,-0.25,0.88,-0.34
192302968,-0.25,0.88,-0.34
192304966,-0.25,0.88,-0.34
192306969,-0.25,0.88,-0.34
192308967,-0.25,0.88,-0.34
192310968,-0.25,0.88,-0.33
192312967,-0.25,0.88,-0.33
192315119,-0.25,0.88,-0.33
192317031,-0.25,0.88,-0.33
192318978,-0.25,0.88,-0.33
192320966,-0.25,0.88,-0.35
192323036,-0.25,0.88,-0.35
192325018,-0.25,0.88,-0.35
192327012,-0.25,0.88,-0.35
192329009,-0.25,0.88,-0.35
192331043,-0.25,0.88,-0.34
192333019,-0.25,0.88,-0.34
192335008,-0.25,0.88,-0.34
192337008,-0.25,0.88,-0.34
192338971,-0.25,0.88,-0.34
192341079,-0.25,0.88,-0.34
192343129,-0.25,0.88,-0.34
192344996,-0.25,0.88,-0.34
192346966,-0.25,0.88,-0.34
192348974,-0.25,0.88,-0.34
192350996,-0.25,0.88,-0.36
192353017,-0.25,0.88,-0.36
192354971,-0.25,0.88,-0.36
192356968,-0.25,0.88,-0.36
192358968,-0.25,0.88,-0.36
192361006,-0.25,0.87,-0.34
192363030,-0.25,0.87,-0.34
192365114,-0.25,0.87,-0.34
192367019,-0.25,0.87,-0.34
192369009,-0.25,0.87,-0.34
192371102,-0.25,0.88,-0.34
192373022,-0.25,0.88,-0.34
192375015,-0.25,0.88,-0.34
192377016,-0.25,0.88,-0.34
192379017,-0.25,0.88,-0.34
192381034,-0.25,0.88,-0.34
192382992,-0.25,0.88,-0.34
192384966,-0.25,0.88,-0.34
192386966,-0.25,0.88,-0.34
192388995,-0.25,0.88,-0.34
192391108,-0.25,0.88,-0.34
192392971,-0.25,0.88,-0.34
192394984,-0.25,0.88,-0.34
192396966,-0.25,0.88,-0.34
192398970,-0.25,0.88,-0.34
192400970,-0.25,0.88,-0.34
192403031,-0.25,0.88,-0.35
192405013,-0.25,0.88,-0.35
192407007,-0.25,0.88,-0.35
192409030,-0.25,0.88,-0.35
192411046,-0.25,0.88,-0.35
192413022,-0.25,0.88,-0.36
192415116,-0.25,0.88,-0.36
192417019,-0.25,0.88,-0.36
192419039,-0.25,0.88,-0.36
192421011,-0.25,0.88,-0.36
192422971,-0.25,0.88,-0.36
192424965,-0.25,0.88,-0.36
192426968,-0.25,0.88,-0.36
192429038,-0.25,0.88,-0.36
192431014,-0.25,0.88,-0.36
192432972,-0.25,0.88,-0.35
192434968,-0.25,0.88,-0.35
192436965,-0.25,0.88,-0.35
192438978,-0.25,0.88,-0.35
192441126,-0.25,0.88,-0.35
192443032,-0.25,0.88,-0.35
192445016,-0.25,0.88,-0.35
192447007,-0.25,0.88,-0.35
192449013,-0.25,0.88,-0.35
192451036,-0.25,0.88,-0.35
192453024,-0.25,0.88,-0.35
192455010,-0.25,0.87,-0.34
192457007,-0.25,0.87,-0.34
192458973,-0.25,0.87,-0.34
192461006,-0.25,0.87,-0.34
192463026,-0.25,0.87,-0.34
192465120,-0.25,0.88,-0.34
192466977,-0.25,0.88,-0.34
192468966,-0.25,0.88,-0.34
192470965,-0.25,0.88,-0.34
192472977,-0.25,0.88,-0.34
192475019,-0.26,0.88,-0.34
192476973,-0.26,0.88,-0.34
192478966,-0.26,0.88,-0.34
192480968,-0.26,0.88,-0.34
192483030,-0.26,0.88,-0.34
192485018,-0.25,0.88,-0.34
192487014,-0.25,0.88,-0.34
192489007,-0.25,0.88,-0.34
192491123,-0.25,0.88,-0.34
192493061,-0.25,0.88,-0.34
192495039,-0.25,0.88,-0.33
192497020,-0.25,0.88,-0.33
192499012,-0.25,0.88,-0.33
192500971,-0.25,0.88,-0.33
192502967,-0.25,0.88,-0.33
192505005,-0.26,0.88,-0.34
192507018,-0.26,0.88,-0.34
192508968,-0.26,0.88,-0.34
192510966,-0.26,0.88,-0.34
192512969,-0.26,0.88,-0.34
192515065,-0.21,0.90,-0.31
192516988,-0.21,0.90,-0.31
192519038,-0.21,0.90,-0.31
192521004,-0.21,0.90,-0.31
192523039,-0.21,0.90,-0.31
192525022,-0.25,0.89,-0.37
192527015,-0.25,0.89,-0.37
192529012,-0.25,0.89,-0.37
192531016,-0.25,0.89,-0.37
192533015,-0.25,0.89,-0.37
192535006,-0.25,0.89,-0.37
192536970,-0.27,0.85,-0.32
192538969,-0.27,0.85,-0.32
192541078,-0.27,0.85,-0.32
192542970,-0.27,0.85,-0.32
192544975,-0.27,0.85,-0.32
192547044,-0.26,0.88,-0.36
192549009,-0.26,0.88,-0.36
192550970,-0.26,0.88,-0.36
192552969,-0.26,0.88,-0.36
192554966,-0.26,0.88,-0.36
192556969,-0.24,0.88,-0.34
192559017,-0.24,0.88,-0.34
192561003,-0.24,0.88,-0.34
192563029,-0.24,0.88,-0.34
192565114,-0.24,0.88,-0.34
192567015,-0.23,0.89,-0.32
192569030,-0.23,0.89,-0.32
192571044,-0.23,0.89,-0.32
192573023,-0.23,0.89,-0.32
192575016,-0.23,0.89,-0.32
192577008,-0.24,0.89,-0.36
192579004,-0.24,0.89,-0.36
192580968,-0.24,0.89,-0.36
192582967,-0.24,0.89,-0.36
192584973,-0.24,0.89,-0.36
192587039,-0.25,0.87,-0.33
192588993,-0.25,0.87,-0.33
192591078,-0.25,0.87,-0.33
192592971,-0.25,0.87,-0.33
192595018,-0.25,0.87,-0.33
192597023,-0.25,0.88,-0.36
192598970,-0.25,0.88,-0.36
192600970,-0.25,0.88,-0.36
192603031,-0.25,0.88,-0.36
192605013,-0.25,0.88,-0.36
192607008,-0.25,0.88,-0.36
192609011,-0.25,0.88,-0.34
192611068,-0.25,0.88,-0.34
192613033,-0.25,0.88,-0.34
192615110,-0.25,0.88,-0.34
192617013,-0.25,0.88,-0.34
192618995,-0.25,0.88,-0.35
192620982,-0.25,0.88,-0.35
192623015,-0.25,0.88,-0.35
192625055,-0.25,0.88,-0.35
192626997,-0.25,0.88,-0.35
192628967,-0.25,0.88,-0.36
192630966,-0.25,0.88,-0.36
192633013,-0.25,0.88,-0.36
192634970,-0.25,0.88,-0.36
192636965,-0.25,0.88,-0.36
192638965,-0.25,0.88,-0.35
192641072,-0.25,0.88,-0.35
192643038,-0.25,0.88,-0.35
192645024,-0.25,0.88,-0.35
192647018,-0.25,0.88,-0.35
192649022,-0.25,0.88,-0.36
192651064,-0.25,0.88,-0.36
192653033,-0.25,0.88,-0.36
192655016,-0.25,0.88,-0.36
192657008,-0.25,0.88,-0.36
192659053,-0.25,0.87,-0.34
192661030,-0.25,0.87,-0.34
192663017,-0.25,0.87,-0.34
192665068,-0.25,0.87,-0.34
192666975,-0.25,0.87,-0.34
192668968,-0.25,0.88,-0.35
192670967,-0.25,0.88,-0.35
192673045,-0.25,0.88,-0.35
192675010,-0.25,0.88,-0.35
192676978,-0.25,0.88,-0.35
192678969,-0.25,0.88,-0.35
192681019,-0.25,0.88,-0.36
192683048,-0.25,0.88,-0.36
192685021,-0.25,0.88,-0.36
192687011,-0.25,0.88,-0.36
192689025,-0.25,0.88,-0.36
192691136,-0.25,0.88,-0.36
192693021,-0.25,0.88,-0.36
192695018,-0.25,0.88,-0.36
192697016,-0.25,0.88,-0.36
192699013,-0.25,0.88,-0.36
192700971,-0.25,0.88,-0.36
192703192,-0.25,0.88,-0.36
192705011,-0.25,0.88,-0.36
192706975,-0.25,0.88,-0.36
192708976,-0.25,0.88,-0.36
192710976,-0.25,0.88,-0.36
192712974,-0.25,0.88,-0.36
192715068,-0.25,0.88,-0.36
192716979,-0.25,0.88,-0.36
192718971,-0.25,0.88,-0.36
192720969,-0.25,0.88,-0.35
192723030,-0.25,0.88,-0.35
192725041,-0.25,0.88,-0.35
192727017,-0.25,0.88,-0.35
192729017,-0.25,0.88,-0.35
192731043,-0.25,0.87,-0.34
192733103,-0.25,0.87,-0.34
192735028,-0.25,0.87,-0.34
192737015,-0.25,0.87,-0.34
192739018,-0.25,0.87,-0.34
192741078,-0.25,0.88,-0.36
192743054,-0.25,0.88,-0.36
192745002,-0.25,0.88,-0.36
192746977,-0.25,0.88,-0.36
192748974,-0.25,0.88,-0.36
192751018,-0.25,0.86,-0.35
192752974,-0.25,0.86,-0.35
192754969,-0.25,0.86,-0.35
192756968,-0.25,0.86,-0.35
192758970,-0.25,0.86,-0.35
192761012,-0.25,0.86,-0.35
192763058,-0.25,0.88,-0.36
192765117,-0.25,0.88,-0.36
192767023,-0.25,0.88,-0.36
192769017,-0.25,0.88,-0.36
192771016,-0.25,0.88,-0.36
192773017,-0.25,0.88,-0.36
192775012,-0.25,0.88,-0.36
192777007,-0.25,0.88,-0.36
192779051,-0.25,0.88,-0.36
192781012,-0.25,0.88,-0.36
192782975,-0.25,0.87,-0.36
192784972,-0.25,0.87,-0.36
192786972,-0.25,0.87,-0.36
192788972,-0.25,0.87,-0.36
192791074,-0.25,0.87,-0.36
192792980,-0.25,0.87,-0.36
192794993,-0.25,0.87,-0.36
192796975,-0.25,0.87,-0.36
192798975,-0.25,0.87,-0.36
192800972,-0.25,0.87,-0.36
192803029,-0.25,0.88,-0.37
192805016,-0.25,0.88,-0.37
192807018,-0.25,0.88,-0.37
192809014,-0.25,0.88,-0.37
192811049,-0.25,0.88,-0.37
192813036,-0.25,0.88,-0.38
192815115,-0.25,0.88,-0.38
192817017,-0.25,0.88,-0.38
192818976,-0.25,0.88,-0.38
192820972,-0.25,0.88,-0.38
192822973,-0.25,0.87,-0.37
192824985,-0.25,0.87,-0.37
192826989,-0.25,0.87,-0.37
192829044,-0.25,0.87,-0.37
192831017,-0.25,0.87,-0.37
192832975,-0.25,0.87,-0.35
192834979,-0.25,0.87,-0.35
192836974,-0.25,0.87,-0.35
192838970,-0.25,0.87,-0.35
192841076,-0.25,0.87,-0.35
192843024,-0.25,0.87,-0.35
192845015,-0.25,0.88,-0.36
192847010,-0.25,0.88,-0.36
192849015,-0.25,0.88,-0.36
192851011,-0.25,0.88,-0.36
192853011,-0.25,0.88,-0.36
192854976,-0.25,0.87,-0.36
192856972,-0.25,0.87,-0.36
192858976,-0.25,0.87,-0.36
192861009,-0.25,0.87,-0.36
192862970,-0.25,0.87,-0.36
192865054,-0.25,0.87,-0.35
192866986,-0.25,0.87,-0.35
192869075,-0.25,0.87,-0.35
192870998,-0.25,0.87,-0.35
192872982,-0.25,0.87,-0.35
192874975,-0.25,0.87,-0.35
192876972,-0.25,0.87,-0.35
192878975,-0.25,0.87,-0.35
192880977,-0.25,0.87,-0.35
192883027,-0.25,0.87,-0.35
192885021,-0.25,0.88,-0.36
192887039,-0.25,0.88,-0.36
192889027,-0.25,0.88,-0.36
192891110,-0.25,0.88,-0.36
192893025,-0.25,0.88,-0.36
192895066,-0.25,0.87,-0.35
192897037,-0.25,0.87,-0.35
192899011,-0.25,0.87,-0.35
192901010,-0.25,0.87,-0.35
192903001,-0.25,0.87,-0.35
192905042,-0.25,0.87,-0.36
192907020,-0.25,0.87,-0.36
192909001,-0.25,0.87,-0.36
192910997,-0.25,0.87,-0.36
192913021,-0.25,0.87,-0.36
192915068,-0.25,0.87,-0.36
192916979,-0.25,0.87,-0.38
192918970,-0.25,0.87,-0.38
192920959,-0.25,0.87,-0.38
192923030,-0.25,0.87,-0.38
192925014,-0.25,0.87,-0.38
192927014,-0.25,0.87,-0.35
192929014,-0.25,0.87,-0.35
192931035,-0.25,0.87,-0.35
192933012,-0.25,0.87,-0.35
192935016,-0.25,0.87,-0.35
192937048,-0.25,0.87,-0.36
192939022,-0.25,0.87,-0.36
192941072,-0.25,0.87,-0.36
192942969,-0.25,0.87,-0.36
192944959,-0.25,0.87,-0.36
192946967,-0.25,0.87,-0.37
192949026,-0.25,0.87,-0.37
192950970,-0.25,0.87,-0.37
192952969,-0.25,0.87,-0.37
192954968,-0.25,0.87,-0.37
192956967,-0.25,0.87,-0.36
192958971,-0.25,0.87,-0.36
192961009,-0.25,0.87,-0.36
192963049,-0.25,0.87,-0.36
192965118,-0.25,0.87,-0.36
192967018,-0.25,0.87,-0.36
192969008,-0.25,0.87,-0.36
192971043,-0.25,0.87,-0.36
192973021,-0.25,0.87,-0.36
192975020,-0.25,0.87,-0.36
192977008,-0.25,0.87,-0.36
192979006,-0.25,0.87,-0.36
192981034,-0.25,0.87,-0.36
192983008,-0.25,0.87,-0.36
192984967,-0.25,0.87,-0.36
192986969,-0.25,0.87,-0.36
192988999,-0.25,0.87,-0.36
192991113,-0.25,0.87,-0.36
192992971,-0.25,0.87,-0.36
192994982,-0.25,0.87,-0.36
192996968,-0.25,0.87,-0.36
192998967,-0.25,0.87,-0.36
193000968,-0.25,0.87,-0.36
193003029,-0.25,0.87,-0.36
193005013,-0.25,0.87,-0.36
193007008,-0.25,0.87,-0.36
193009016,-0.25,0.87,-0.37
193011065,-0.25,0.87,-0.37
193013025,-0.25,0.87,-0.37
193015109,-0.25,0.87,-0.37
193017012,-0.25,0.87,-0.37
193019000,-0.25,0.87,-0.36
193020979,-0.25,0.87,-0.36
193023043,-0.25,0.87,-0.36
193024988,-0.25,0.87,-0.36
193026971,-0.25,0.87,-0.36
193028975,-0.25,0.87,-0.38
193030969,-0.25,0.87,-0.38
193032971,-0.25,0.87,-0.38
193035002,-0.25,0.87,-0.38
193037019,-0.25,0.87,-0.38
193038970,-0.25,0.86,-0.36
193041071,-0.25,0.86,-0.36
193043057,-0.25,0.86,-0.36
193045017,-0.25,0.86,-0.36
193047009,-0.25,0.86,-0.36
193049009,-0.25,0.87,-0.37
193051048,-0.25,0.87,-0.37
193053018,-0.25,0.87,-0.37
193055009,-0.25,0.87,-0.37
193057007,-0.25,0.87,-0.37
193058967,-0.25,0.87,-0.36
193061009,-0.25,0.87,-0.36
193063049,-0.25,0.87,-0.36
193065108,-0.25,0.87,-0.36
193066970,-0.25,0.87,-0.36
193068966,-0.25,0.87,-0.36
193070972,-0.24,0.87,-0.37
193073023,-0.24,0.87,-0.37
193074971,-0.24,0.87,-0.37
193076969,-0.24,0.87,-0.37
193078967,-0.24,0.87,-0.37
193080959,-0.24,0.88,-0.39
193083027,-0.24,0.88,-0.39
193085013,-0.24,0.88,-0.39
193087008,-0.24,0.88,-0.39
193089011,-0.24,0.88,-0.39
193091110,-0.24,0.88,-0.37
193093139,-0.24,0.88,-0.37
193095027,-0.24,0.88,-0.37
193097009,-0.24,0.88,-0.37
193099003,-0.24,0.88,-0.37
193100970,-0.25,0.88,-0.38
193103035,-0.25,0.88,-0.38
193105004,-0.25,0.88,-0.38
193106968,-0.25,0.88,-0.38
193108970,-0.25,0.88,-0.38
193110967,-0.24,0.87,-0.37
193112969,-0.24,0.87,-0.37
193115125,-0.24,0.87,-0.37
193117003,-0.24,0.87,-0.37
193118969,-0.24,0.87,-0.37
193120969,-0.25,0.87,-0.37
193123028,-0.25,0.87,-0.37
193125012,-0.25,0.87,-0.37
193127016,-0.25,0.87,-0.37
193129017,-0.25,0.87,-0.37
193131017,-0.25,0.88,-0.38
193133011,-0.25,0.88,-0.38
193135013,-0.25,0.88,-0.38
193136977,-0.25,0.88,-0.38
193138969,-0.25,0.88,-0.38
193141071,-0.25,0.87,-0.37
193142984,-0.25,0.87,-0.37
193145077,-0.25,0.87,-0.37
193146997,-0.25,0.87,-0.37
193148967,-0.25,0.87,-0.37
193150958,-0.25,0.87,-0.37
193152969,-0.25,0.87,-0.36
193154972,-0.25,0.87,-0.36
193157014,-0.25,0.87,-0.36
193158967,-0.25,0.87,-0.36
193161008,-0.25,0.87,-0.36
193163031,-0.25,0.87,-0.36
193165114,-0.25,0.87,-0.36
193167023,-0.25,0.87,-0.36
193169024,-0.25,0.87,-0.36
193171037,-0.25,0.87,-0.36
193173021,-0.25,0.87,-0.35
193175011,-0.25,0.87,-0.35
193177010,-0.25,0.87,-0.35
193179009,-0.25,0.87,-0.35
193180983,-0.25,0.87,-0.35
193183041,-0.25,0.87,-0.36
193184982,-0.25,0.87,-0.36
193186968,-0.25,0.87,-0.36
193188969,-0.25,0.87,-0.36
193191089,-0.25,0.87,-0.36
193193021,-0.25,0.87,-0.35
193194990,-0.25,0.87,-0.35
193196966,-0.25,0.87,-0.35
193198966,-0.25,0.87,-0.35
193200972,-0.25,0.87,-0.35
193203029,-0.25,0.87,-0.35
193205014,-0.25,0.87,-0.35
193207008,-0.25,0.87,-0.35
193209012,-0.25,0.87,-0.35
193211028,-0.25,0.87,-0.35
193213021,-0.25,0.88,-0.36
193215112,-0.25,0.88,-0.36
193217010,-0.25,0.88,-0.36
193219018,-0.25,0.88,-0.36
193221044,-0.25,0.88,-0.36
193222975,-0.25,0.88,-0.36
193224970,-0.26,0.87,-0.35
193226959,-0.26,0.87,-0.35
193229032,-0.26,0.87,-0.35
193230969,-0.26,0.87,-0.35
193232966,-0.26,0.87,-0.35
193234959,-0.25,0.87,-0.35
193236967,-0.25,0.87,-0.35
193238967,-0.25,0.87,-0.35
193241075,-0.25,0.87,-0.35
193243030,-0.25,0.87,-0.35
193245018,-0.25,0.87,-0.36
193247016,-0.25,0.87,-0.36
193249019,-0.25,0.87,-0.36
193251079,-0.25,0.87,-0.36
193253035,-0.25,0.87,-0.36
193255013,-0.25,0.88,-0.36
193257007,-0.25,0.88,-0.36
193259018,-0.25,0.88,-0.36
193261035,-0.25,0.88,-0.36
193263003,-0.25,0.88,-0.36
193265064,-0.25,0.87,-0.36
193266979,-0.25,0.87,-0.36
193268966,-0.25,0.87,-0.36
193270957,-0.25,0.87,-0.36
193273001,-0.25,0.87,-0.36
193275021,-0.25,0.87,-0.36
193276970,-0.25,0.87,-0.36
193278968,-0.25,0.87,-0.36
193280967,-0.25,0.87,-0.36
193283031,-0.25,0.87,-0.36
193285014,-0.25,0.88,-0.37
193287016,-0.25,0.88,-0.37
193289021,-0.25,0.88,-0.37
193291138,-0.25,0.88,-0.37
193293028,-0.25,0.88,-0.37
193295017,-0.25,0.87,-0.36
193297008,-0.25,0.87,-0.36
193299003,-0.25,0.87,-0.36
193300969,-0.25,0.87,-0.36
193303055,-0.25,0.87,-0.36
193305006,-0.25,0.87,-0.36
193306958,-0.25,0.87,-0.36
193308971,-0.25,0.87,-0.36
193310958,-0.25,0.87,-0.36
193313031,-0.25,0.87,-0.36
193315087,-0.25,0.87,-0.36
193316979,-0.25,0.87,-0.36
193318985,-0.25,0.87,-0.36
193320970,-0.25,0.87,-0.36
193323039,-0.25,0.87,-0.36
193325022,-0.25,0.87,-0.36
193327016,-0.25,0.87,-0.35
193329011,-0.25,0.87,-0.35
193331033,-0.25,0.87,-0.35
193333036,-0.25,0.87,-0.35
193335020,-0.25,0.87,-0.35
193337006,-0.25,0.87,-0.35
193339007,-0.25,0.87,-0.35
193341082,-0.25,0.87,-0.35
193343011,-0.25,0.87,-0.35
193344968,-0.25,0.87,-0.35
193346968,-0.25,0.87,-0.36
193348995,-0.25,0.87,-0.36
193351044,-0.25,0.87,-0.36
193352987,-0.25,0.87,-0.36
193354968,-0.25,0.87,-0.36
193356967,-0.25,0.87,-0.36
193358968,-0.25,0.87,-0.36
193360967,-0.25,0.87,-0.36
193363052,-0.25,0.87,-0.36
193365123,-0.25,0.87,-0.36
193367027,-0.25,0.87,-0.37
193369010,-0.25,0.87,-0.37
193371009,-0.25,0.87,-0.37
193373036,-0.25,0.87,-0.37
193375038,-0.25,0.87,-0.37
193377012,-0.25,0.87,-0.37
193379006,-0.25,0.87,-0.36
193381004,-0.25,0.87,-0.36
193383034,-0.25,0.87,-0.36
193385010,-0.25,0.87,-0.36
193386967,-0.25,0.87,-0.36
193388968,-0.25,0.87,-0.36
193391072,-0.25,0.87,-0.36
193392970,-0.25,0.87,-0.36
193395030,-0.25,0.87,-0.36
193396978,-0.25,0.87,-0.36
193398967,-0.25,0.87,-0.37
193400967,-0.25,0.87,-0.37
193403033,-0.25,0.87,-0.37
193405011,-0.25,0.87,-0.37
193407010,-0.25,0.87,-0.37
193409016,-0.25,0.87,-0.38
193411037,-0.25,0.87,-0.38
193413018,-0.25,0.87,-0.38
193415111,-0.25,0.87,-0.38
193417011,-0.25,0.87,-0.38
193418969,-0.25,0.87,-0.37
193420971,-0.25,0.87,-0.37
193422969,-0.25,0.87,-0.37
193424996,-0.25,0.87,-0.37
193427076,-0.25,0.87,-0.37
193428996,-0.25,0.87,-0.38
193430965,-0.25,0.87,-0.38
193432968,-0.25,0.87,-0.38
193434959,-0.25,0.87,-0.38
193436968,-0.25,0.87,-0.38
193438967,-0.25,0.87,-0.38
193441069,-0.25,0.87,-0.38
193443019,-0.25,0.87,-0.38
193445020,-0.25,0.87,-0.38
193447017,-0.25,0.87,-0.38
193449009,-0.25,0.87,-0.37
193451014,-0.25,0.87,-0.37
193453016,-0.25,0.87,-0.37
193455001,-0.25,0.87,-0.37
193456969,-0.25,0.87,-0.37
193458967,-0.25,0.87,-0.37
193460971,-0.25,0.87,-0.37
193463017,-0.25,0.87,-0.37
193465063,-0.25,0.87,-0.37
193467065,-0.25,0.87,-0.37
193469004,-0.25,0.87,-0.37
193470969,-0.25,0.87,-0.36
193472969,-0.25,0.87,-0.36
193474966,-0.25,0.87,-0.36
193476968,-0.25,0.87,-0.36
193478968,-0.25,0.87,-0.36
193480967,-0.25,0.87,-0.37
193483021,-0.25,0.87,-0.37
193485009,-0.25,0.87,-0.37
193487007,-0.25,0.87,-0.37
193489009,-0.25,0.87,-0.37
193491107,-0.25,0.87,-0.38
193493010,-0.25,0.87,-0.38
193494994,-0.25,0.87,-0.38
193496970,-0.25,0.87,-0.38
193498968,-0.25,0.87,-0.38
193500969,-0.25,0.86,-0.36
193502970,-0.25,0.86,-0.36
193504973,-0.25,0.86,-0.36
193506968,-0.25,0.86,-0.36
193508967,-0.25,0.86,-0.36
193510968,-0.25,0.87,-0.37
193512968,-0.25,0.87,-0.37
193515044,-0.25,0.87,-0.37
193516971,-0.25,0.87,-0.37
193518976,-0.25,0.87,-0.37
193520968,-0.25,0.87,-0.38
193523011,-0.25,0.87,-0.38
193525016,-0.25,0.87,-0.38
193527018,-0.25,0.87,-0.38
193529014,-0.25,0.87,-0.38
193531111,-0.25,0.87,-0.36
193533027,-0.25,0.87,-0.36
193535009,-0.25,0.87,-0.36
193537015,-0.25,0.87,-0.36
193538972,-0.25,0.87,-0.36
193541075,-0.25,0.87,-0.36
193542975,-0.25,0.87,-0.36
193545009,-0.25,0.87,-0.36
193546969,-0.25,0.87,-0.36
193548966,-0.25,0.87,-0.36
193550969,-0.25,0.87,-0.36
193552974,-0.25,0.87,-0.36
193554966,-0.25,0.87,-0.36
193556966,-0.25,0.87,-0.36
193558968,-0.25,0.87,-0.36
193560974,-0.25,0.87,-0.36
193563059,-0.25,0.87,-0.37
193565122,-0.25,0.87,-0.37
193567036,-0.25,0.87,-0.37
193569017,-0.25,0.87,-0.37
193571005,-0.25,0.87,-0.37
193573043,-0.25,0.87,-0.38
193575031,-0.25,0.87,-0.38
193577010,-0.25,0.87,-0.38
193579005,-0.25,0.87,-0.38
193581008,-0.25,0.87,-0.38
193583033,-0.25,0.88,-0.37
193585010,-0.25,0.88,-0.37
193586991,-0.25,0.88,-0.37
193588970,-0.25,0.88,-0.37
193591075,-0.25,0.88,-0.37
193593041,-0.24,0.87,-0.37
193594990,-0.24,0.87,-0.37
193596974,-0.24,0.87,-0.37
193598970,-0.24,0.87,-0.37
193600973,-0.24,0.87,-0.37
193603030,-0.25,0.87,-0.37
193605012,-0.25,0.87,-0.37
193607020,-0.25,0.87,-0.37
193609017,-0.25,0.87,-0.37
193611015,-0.25,0.87,-0.37
193613048,-0.25,0.87,-0.37
193615126,-0.25,0.87,-0.37
193617015,-0.25,0.87,-0.37
193619007,-0.25,0.87,-0.37
193620971,-0.25,0.87,-0.37
193622969,-0.25,0.87,-0.37
193624967,-0.25,0.87,-0.37
193627042,-0.25,0.87,-0.37
193629009,-0.25,0.87,-0.37
193630971,-0.25,0.87,-0.37
193632966,-0.25,0.87,-0.37
193634978,-0.25,0.87,-0.36
193637020,-0.25,0.87,-0.36
193638971,-0.25,0.87,-0.36
193641074,-0.25,0.87,-0.36
193643035,-0.25,0.87,-0.36
193645041,-0.25,0.87,-0.37
193647038,-0.25,0.87,-0.37
193649008,-0.25,0.87,-0.37
193651012,-0.25,0.87,-0.37
193653015,-0.25,0.87,-0.37
193655062,-0.25,0.86,-0.38
193657027,-0.25,0.86,-0.38
193659008,-0.25,0.86,-0.38
193660972,-0.25,0.86,-0.38
193663035,-0.25,0.86,-0.38
193665127,-0.24,0.86,-0.37
193666999,-0.24,0.86,-0.37
193668970,-0.24,0.86,-0.37
193670965,-0.24,0.86,-0.37
193673013,-0.24,0.86,-0.37
193675009,-0.24,0.86,-0.38
193676969,-0.24,0.86,-0.38
193678968,-0.24,0.86,-0.38
193680968,-0.24,0.86,-0.38
193683029,-0.24,0.86,-0.38
193685011,-0.24,0.86,-0.38
193687016,-0.25,0.86,-0.37
193689032,-0.25,0.86,-0.37
193691228,-0.25,0.86,-0.37
193693035,-0.25,0.86,-0.37
193695016,-0.25,0.86,-0.37
193697018,-0.24,0.88,-0.38
193699017,-0.24,0.88,-0.38
193701033,-0.24,0.88,-0.38
193702989,-0.24,0.88,-0.38
193704974,-0.24,0.88,-0.38
193706970,-0.23,0.87,-0.37
193708979,-0.23,0.87,-0.37
193711015,-0.23,0.87,-0.37
193712966,-0.23,0.87,-0.37
193715066,-0.23,0.87,-0.37
193716974,-0.24,0.87,-0.38
193718966,-0.24,0.87,-0.38
193720959,-0.24,0.87,-0.38
193723036,-0.24,0.87,-0.38
193725019,-0.24,0.87,-0.38
193727013,-0.24,0.87,-0.38
193729017,-0.24,0.87,-0.38
193731018,-0.24,0.87,-0.38
193733015,-0.24,0.87,-0.38
193735007,-0.24,0.87,-0.38
193736975,-0.24,0.87,-0.38
193738969,-0.24,0.87,-0.38
193741067,-0.24,0.87,-0.38
193742969,-0.24,0.87,-0.38
193744969,-0.24,0.87,-0.38
193746971,-0.25,0.86,-0.37
193749014,-0.25,0.86,-0.37
193751015,-0.25,0.86,-0.37
193753034,-0.25,0.86,-0.37
193754978,-0.25,0.86,-0.37
193756967,-0.22,0.86,-0.38
193758967,-0.22,0.86,-0.38
193760970,-0.22,0.86,-0.38
193763056,-0.22,0.86,-0.38
193765121,-0.22,0.86,-0.38
193767020,-0.22,0.86,-0.38
193769007,-0.30,0.89,-0.42
193771040,-0.30,0.89,-0.42
193773046,-0.30,0.89,-0.42
193775017,-0.30,0.89,-0.42
193777009,-0.30,0.89,-0.42
193779006,-0.33,0.86,-0.31
193781005,-0.33,0.86,-0.31
193782970,-0.33,0.86,-0.31
193785100,-0.33,0.86,-0.31
193786999,-0.33,0.86,-0.31
193788969,-0.27,0.88,-0.39
193791077,-0.27,0.88,-0.39
193792980,-0.27,0.88,-0.39
193795021,-0.27,0.88,-0.39
193796968,-0.27,0.88,-0.39
193798966,-0.16,0.86,-0.41
193800966,-0.16,0.86,-0.41
193803038,-0.16,0.86,-0.41
193805012,-0.16,0.86,-0.41
193807009,-0.16,0.86,-0.41
193809036,-0.24,0.86,-0.34
193811080,-0.24,0.86,-0.34
193813030,-0.24,0.86,-0.34
193815111,-0.24,0.86,-0.34
193817012,-0.24,0.86,-0.34
193819018,-0.22,0.87,-0.39
193821041,-0.22,0.87,-0.39
193822985,-0.22,0.87,-0.39
193824975,-0.22,0.87,-0.39
193826968,-0.22,0.87,-0.39
193829026,-0.24,0.88,-0.38
193830981,-0.24,0.88,-0.38
193832965,-0.24,0.88,-0.38
193834968,-0.24,0.88,-0.38
193836967,-0.24,0.88,-0.38
193838967,-0.24,0.88,-0.38
193841073,-0.23,0.86,-0.36
193843041,-0.23,0.86,-0.36
193845017,-0.23,0.86,-0.36
193847012,-0.23,0.86,-0.36
193849007,-0.23,0.86,-0.36
193851037,-0.25,0.88,-0.41
193853049,-0.25,0.88,-0.41
193855047,-0.25,0.88,-0.41
193857014,-0.25,0.88,-0.41
193859011,-0.25,0.88,-0.41
193860973,-0.25,0.86,-0.33
193863039,-0.25,0.86,-0.33
193865116,-0.25,0.86,-0.33
193866977,-0.25,0.86,-0.33
193868972,-0.25,0.86,-0.33
193870968,-0.23,0.88,-0.41
193872996,-0.23,0.88,-0.41
193875020,-0.23,0.88,-0.41
193876966,-0.23,0.88,-0.41
193878965,-0.23,0.88,-0.41
193880967,-0.24,0.86,-0.36
193883026,-0.24,0.86,-0.36
193885011,-0.24,0.86,-0.36
193887008,-0.24,0.86,-0.36
193889036,-0.24,0.86,-0.36
193891139,-0.24,0.87,-0.38
193893020,-0.24,0.87,-0.38
193895017,-0.24,0.87,-0.38
193897011,-0.24,0.87,-0.38
193898999,-0.24,0.87,-0.38
193900970,-0.24,0.87,-0.38
193903083,-0.24,0.87,-0.38
193904996,-0.24,0.87,-0.38
193906966,-0.24,0.87,-0.38
193908971,-0.24,0.87,-0.38
193910966,-0.25,0.86,-0.37
193912974,-0.25,0.86,-0.37
193915117,-0.25,0.86,-0.37
193916981,-0.25,0.86,-0.37
193918971,-0.25,0.86,-0.37
193920969,-0.25,0.86,-0.37
193923033,-0.24,0.87,-0.39
193925012,-0.24,0.87,-0.39
193927011,-0.24,0.87,-0.39
193929010,-0.24,0.87,-0.39
193931038,-0.24,0.87,-0.39
193933038,-0.24,0.86,-0.36
193935015,-0.24,0.86,-0.36
193937007,-0.24,0.86,-0.36
193938969,-0.24,0.86,-0.36
193941070,-0.24,0.86,-0.36
193942966,-0.24,0.87,-0.38
193945024,-0.24,0.87,-0.38
193947017,-0.24,0.87,-0.38
193948974,-0.24,0.87,-0.38
193950971,-0.24,0.87,-0.38
193952977,-0.24,0.87,-0.36
193955004,-0.24,0.87,-0.36
193957024,-0.24,0.87,-0.36
193958968,-0.24,0.87,-0.36
193960971,-0.24,0.87,-0.36
193963007,-0.24,0.86,-0.39
193965124,-0.24,0.86,-0.39
193967022,-0.24,0.86,-0.39
193968952,-0.24,0.86,-0.39
193971029,-0.24,0.86,-0.39
193973028,-0.24,0.87,-0.38
193975020,-0.24,0.87,-0.38
193976953,-0.24,0.87,-0.38
193979023,-0.24,0.87,-0.38
193981075,-0.24,0.87,-0.38
193982993,-0.24,0.86,-0.37
193985030,-0.24,0.86,-0.37
193986959,-0.24,0.86,-0.37
193989009,-0.24,0.86,-0.37
193991071,-0.24,0.86,-0.37
193993045,-0.24,0.87,-0.39
193995023,-0.24,0.87,-0.39
193996953,-0.24,0.87,-0.39
193998999,-0.24,0.87,-0.39
194000970,-0.24,0.87,-0.39
194003040,-0.24,0.87,-0.39
194005025,-0.24,0.86,-0.38
194006953,-0.24,0.86,-0.38
194009018,-0.24,0.86,-0.38
194011037,-0.24,0.86,-0.38
194012978,-0.24,0.86,-0.38
194015116,-0.24,0.87,-0.39
194016966,-0.24,0.87,-0.39
194019024,-0.24,0.87,-0.39
194021044,-0.24,0.87,-0.39
194022989,-0.24,0.87,-0.39
194025018,-0.24,0.87,-0.39
194026956,-0.24,0.87,-0.39
194029010,-0.24,0.87,-0.39
194030968,-0.24,0.87,-0.39
194033007,-0.24,0.87,-0.39
194034959,-0.23,0.88,-0.40
194036968,-0.23,0.88,-0.40
194038965,-0.23,0.88,-0.40
194041074,-0.23,0.88,-0.40
194042959,-0.23,0.88,-0.40
194045014,-0.23,0.87,-0.40
194046959,-0.23,0.87,-0.40
194049009,-0.23,0.87,-0.40
194050957,-0.23,0.87,-0.40
194053018,-0.23,0.87,-0.40
194054966,-0.23,0.87,-0.39
194057012,-0.23,0.87,-0.39
194058958,-0.23,0.87,-0.39
194061018,-0.23,0.87,-0.39
194062967,-0.23,0.87,-0.39
194065100,-0.23,0.87,-0.38
194067059,-0.23,0.87,-0.38
194069007,-0.23,0.87,-0.38
194070970,-0.23,0.87,-0.38
194072987,-0.23,0.87,-0.38
194074980,-0.23,0.87,-0.38
194076973,-0.24,0.87,-0.38
194078969,-0.24,0.87,-0.38
194080967,-0.24,0.87,-0.38
194082967,-0.24,0.87,-0.38
194085017,-0.24,0.87,-0.38
194087010,-0.24,0.86,-0.37
194089047,-0.24,0.86,-0.37
194091135,-0.24,0.86,-0.37
194093017,-0.24,0.86,-0.37
194095019,-0.24,0.86,-0.37
194097035,-0.23,0.87,-0.38
194099038,-0.23,0.87,-0.38
194101021,-0.23,0.87,-0.38
194102995,-0.23,0.87,-0.38
194104967,-0.23,0.87,-0.38
194107019,-0.24,0.87,-0.38
194109019,-0.24,0.87,-0.38
194110974,-0.24,0.87,-0.38
194112971,-0.24,0.87,-0.38
194115095,-0.24,0.87,-0.38
194117020,-0.23,0.87,-0.39
194118979,-0.23,0.87,-0.39
194120966,-0.23,0.87,-0.39
194122966,-0.23,0.87,-0.39
194125034,-0.23,0.87,-0.39
194127010,-0.23,0.87,-0.39
194129006,-0.23,0.87,-0.39
194131015,-0.23,0.87,-0.39
194133020,-0.23,0.87,-0.39
194135052,-0.23,0.87,-0.39
194137041,-0.24,0.87,-0.38
194139006,-0.24,0.87,-0.38
194141100,-0.24,0.87,-0.38
194142969,-0.24,0.87,-0.38
194145009,-0.24,0.87,-0.38
194147077,-0.23,0.87,-0.39
194148993,-0.23,0.87,-0.39
194150970,-0.23,0.87,-0.39
194152959,-0.23,0.87,-0.39
194154968,-0.23,0.87,-0.39
194156979,-0.23,0.87,-0.39
194159022,-0.23,0.87,-0.38
194161015,-0.23,0.87,-0.38
194162966,-0.23,0.87,-0.38
194165122,-0.23,0.87,-0.38
194167014,-0.23,0.87,-0.38
194169010,-0.23,0.87,-0.38
194171035,-0.23,0.87,-0.38
194173038,-0.23,0.87,-0.38
194175044,-0.23,0.87,-0.38
194177008,-0.23,0.87,-0.38
194179015,-0.24,0.87,-0.38
194181034,-0.24,0.87,-0.38
194183026,-0.24,0.87,-0.38
194184977,-0.24,0.87,-0.38
194186968,-0.24,0.87,-0.38
194189038,-0.25,0.86,-0.38
194191112,-0.25,0.86,-0.38
194192978,-0.25,0.86,-0.38
194194988,-0.25,0.86,-0.38
194197021,-0.25,0.86,-0.38
194199016,-0.18,0.90,-0.38
194200969,-0.18,0.90,-0.38
194202969,-0.18,0.90,-0.38
194205030,-0.18,0.90,-0.38
194207013,-0.18,0.90,-0.38
194209009,-0.23,0.87,-0.36
194211023,-0.23,0.87,-0.36
194213039,-0.23,0.87,-0.36
194215123,-0.23,0.87,-0.36
194217013,-0.23,0.87,-0.36
194219008,-0.27,0.85,-0.39
194220981,-0.27,0.85,-0.39
194223050,-0.27,0.85,-0.39
194224996,-0.27,0.85,-0.39
194226967,-0.27,0.85,-0.39
194228957,-0.27,0.85,-0.39
194230968,-0.26,0.84,-0.38
194232967,-0.26,0.84,-0.38
194234967,-0.26,0.84,-0.38
194236969,-0.26,0.84,-0.38
194238957,-0.26,0.84,-0.38
194241069,-0.25,0.86,-0.37
194242970,-0.25,0.86,-0.37
194245021,-0.25,0.86,-0.37
194247007,-0.25,0.86,-0.37
194249015,-0.25,0.86,-0.37
194251009,-0.19,0.90,-0.36
194253009,-0.19,0.90,-0.36
194255073,-0.19,0.90,-0.36
194257025,-0.19,0.90,-0.36
194259007,-0.19,0.90,-0.36
194260970,-0.30,0.82,-0.37
194262996,-0.30,0.82,-0.37
194265111,-0.30,0.82,-0.37
194267025,-0.30,0.82,-0.37
194269022,-0.30,0.82,-0.37
194270968,-0.25,0.86,-0.36
194272958,-0.25,0.86,-0.36
194275009,-0.25,0.86,-0.36
194277021,-0.25,0.86,-0.36
194278967,-0.25,0.86,-0.36
194280959,-0.21,0.89,-0.38
194282966,-0.21,0.89,-0.38
194285030,-0.21,0.89,-0.38
194287013,-0.21,0.89,-0.38
194289008,-0.21,0.89,-0.38
194291108,-0.22,0.89,-0.35
194293034,-0.22,0.89,-0.35
194295078,-0.22,0.89,-0.35
194297017,-0.22,0.89,-0.35
194299008,-0.22,0.89,-0.35
194301002,-0.24,0.88,-0.38
194302981,-0.24,0.88,-0.38
194305048,-0.24,0.88,-0.38
194306998,-0.24,0.88,-0.38
194308967,-0.24,0.88,-0.38
194310958,-0.24,0.88,-0.38
194312959,-0.25,0.87,-0.38
194315087,-0.25,0.87,-0.38
194317011,-0.25,0.87,-0.38
194319010,-0.25,0.87,-0.38
194320966,-0.25,0.87,-0.38
194322959,-0.27,0.86,-0.36
194325034,-0.27,0.86,-0.36
194327016,-0.27,0.86,-0.36
194329011,-0.27,0.86,-0.36
194331007,-0.27,0.86,-0.36
194333011,-0.24,0.88,-0.39
194335014,-0.24,0.88,-0.39
194337006,-0.24,0.88,-0.39
194338974,-0.24,0.88,-0.39
194341075,-0.24,0.88,-0.39
194342971,-0.24,0.88,-0.36
194344968,-0.24,0.88,-0.36
194346979,-0.24,0.88,-0.36
194349080,-0.24,0.88,-0.36
194350990,-0.24,0.88,-0.36
194352959,-0.19,0.91,-0.38
194354967,-0.19,0.91,-0.38
194356968,-0.19,0.91,-0.38
194358967,-0.19,0.91,-0.38
194360966,-0.19,0.91,-0.38
194363016,-0.34,0.79,-0.38
194365118,-0.34,0.79,-0.38
194367135,-0.34,0.79,-0.38
194369030,-0.34,0.79,-0.38
194371008,-0.34,0.79,-0.38
194373020,-0.23,0.87,-0.38
194375084,-0.23,0.87,-0.38
194377038,-0.23,0.87,-0.38
194379014,-0.23,0.87,-0.38
194381013,-0.23,0.87,-0.38
194383049,-0.23,0.87,-0.38
194385045,-0.22,0.88,-0.36
194387007,-0.22,0.88,-0.36
194388970,-0.22,0.88,-0.36
194391071,-0.22,0.88,-0.36
194393048,-0.22,0.88,-0.36
194394990,-0.26,0.86,-0.37
194396968,-0.26,0.86,-0.37
194398971,-0.26,0.86,-0.37
194401017,-0.26,0.86,-0.37
194402969,-0.26,0.86,-0.37
194405027,-0.22,0.89,-0.37
194407012,-0.22,0.89,-0.37
194409017,-0.22,0.89,-0.37
194411031,-0.22,0.89,-0.37
194413047,-0.22,0.89,-0.37
194415118,-0.24,0.87,-0.36
194417018,-0.24,0.87,-0.36
194419008,-0.24,0.87,-0.36
194421077,-0.24,0.87,-0.36
194423020,-0.24,0.87,-0.36
194424970,-0.24,0.87,-0.37
194426969,-0.24,0.87,-0.37
194429004,-0.24,0.87,-0.37
194431051,-0.24,0.87,-0.37
194432992,-0.24,0.87,-0.37
194434966,-0.24,0.87,-0.38
194436958,-0.24,0.87,-0.38
194438974,-0.24,0.87,-0.38
194441110,-0.24,0.87,-0.38
194442971,-0.24,0.87,-0.38
194445029,-0.24,0.88,-0.37
194447011,-0.24,0.88,-0.37
194449009,-0.24,0.88,-0.37
194451011,-0.24,0.88,-0.37
194453061,-0.24,0.88,-0.37
194455023,-0.23,0.88,-0.39
194457015,-0.23,0.88,-0.39
194459017,-0.23,0.88,-0.39
194461016,-0.23,0.88,-0.39
194463043,-0.23,0.88,-0.39
194465092,-0.23,0.88,-0.39
194466975,-0.24,0.88,-0.38
194468970,-0.24,0.88,-0.38
194470971,-0.24,0.88,-0.38
194473026,-0.24,0.88,-0.38
194474992,-0.24,0.88,-0.38
194477009,-0.23,0.88,-0.38
194478969,-0.23,0.88,-0.38
194480969,-0.23,0.88,-0.38
194482956,-0.23,0.88,-0.38
194485033,-0.23,0.88,-0.38
194487016,-0.23,0.88,-0.38
194489016,-0.23,0.88,-0.38
194491138,-0.23,0.88,-0.38
194493062,-0.23,0.88,-0.38
194495040,-0.23,0.88,-0.38
194497015,-0.24,0.87,-0.38
194499015,-0.24,0.87,-0.38
194501016,-0.24,0.87,-0.38
194502975,-0.24,0.87,-0.38
194505013,-0.24,0.87,-0.38
194507021,-0.24,0.87,-0.38
194508970,-0.24,0.87,-0.38
194510972,-0.24,0.87,-0.38
194512968,-0.24,0.87,-0.38
194515117,-0.24,0.87,-0.38
194517019,-0.24,0.87,-0.38
194518967,-0.24,0.87,-0.38
194520966,-0.24,0.87,-0.38
194522959,-0.24,0.87,-0.38
194525027,-0.24,0.87,-0.38
194527014,-0.24,0.87,-0.38
194529017,-0.24,0.87,-0.38
194531032,-0.24,0.87,-0.38
194533037,-0.24,0.87,-0.38
194535021,-0.24,0.87,-0.38
194537011,-0.24,0.87,-0.38
194539014,-0.24,0.87,-0.38
194541159,-0.24,0.87,-0.38
194543039,-0.24,0.87,-0.38
194544994,-0.24,0.87,-0.38
194546970,-0.24,0.87,-0.38
194548971,-0.25,0.87,-0.36
194551105,-0.25,0.87,-0.36
194552995,-0.25,0.87,-0.36
194554958,-0.25,0.87,-0.36
194556983,-0.25,0.87,-0.36
194559013,-0.25,0.87,-0.36
194560969,-0.25,0.87,-0.36
194562970,-0.25,0.87,-0.36
194565120,-0.25,0.87,-0.36
194567019,-0.25,0.87,-0.36
194569017,-0.25,0.87,-0.37
194571042,-0.25,0.87,-0.37
194573052,-0.25,0.87,-0.37
194575033,-0.25,0.87,-0.37
194577046,-0.25,0.87,-0.37
194579015,-0.25,0.87,-0.37
194581008,-0.25,0.87,-0.37
194583053,-0.25,0.87,-0.37
194585032,-0.25,0.87,-0.37
194587003,-0.25,0.87,-0.37
194588971,-0.25,0.88,-0.37
194591076,-0.25,0.88,-0.37
194592981,-0.25,0.88,-0.37
194594989,-0.25,0.88,-0.37
194596981,-0.25,0.88,-0.37
194599055,-0.24,0.87,-0.38
194600994,-0.24,0.87,-0.38
194602967,-0.24,0.87,-0.38
194605020,-0.24,0.87,-0.38
194607039,-0.24,0.87,-0.38
194609017,-0.24,0.86,-0.37
194611008,-0.24,0.86,-0.37
194613020,-0.24,0.86,-0.37
194615131,-0.24,0.86,-0.37
194617030,-0.24,0.86,-0.37
194619014,-0.24,0.86,-0.37
194621049,-0.23,0.87,-0.38
194623041,-0.23,0.87,-0.38
194625018,-0.23,0.87,-0.38
194626968,-0.23,0.87,-0.38
194628968,-0.23,0.87,-0.38
194630977,-0.24,0.87,-0.39
194632974,-0.24,0.87,-0.39
194634971,-0.24,0.87,-0.39
194636967,-0.24,0.87,-0.39
194638970,-0.24,0.87,-0.39
194641072,-0.25,0.87,-0.38
194642969,-0.25,0.87,-0.38
194645028,-0.25,0.87,-0.38
194647007,-0.25,0.87,-0.38
194649009,-0.25,0.87,-0.38
194651027,-0.24,0.87,-0.38
194653076,-0.24,0.87,-0.38
194655029,-0.24,0.87,-0.38
194657008,-0.24,0.87,-0.38
194659007,-0.24,0.87,-0.38
194660991,-0.24,0.86,-0.37
194663042,-0.24,0.86,-0.37
194665081,-0.24,0.86,-0.37
194666968,-0.24,0.86,-0.37
194668965,-0.24,0.86,-0.37
194671008,-0.24,0.87,-0.38
194672972,-0.24,0.87,-0.38
194674978,-0.24,0.87,-0.38
194677020,-0.24,0.87,-0.38
194679019,-0.24,0.87,-0.38
194680978,-0.24,0.87,-0.38
194682967,-0.24,0.87,-0.38
194685026,-0.24,0.87,-0.38
194687011,-0.24,0.87,-0.38
194689009,-0.24,0.87,-0.38
194691137,-0.24,0.86,-0.38
194693028,-0.24,0.86,-0.38
194695024,-0.24,0.86,-0.38
194697008,-0.24,0.86,-0.38
194699011,-0.24,0.86,-0.38
194701041,-0.24,0.86,-0.38
194703167,-0.24,0.87,-0.38
194704999,-0.24,0.87,-0.38
194706970,-0.24,0.87,-0.38
194708982,-0.24,0.87,-0.38
194710989,-0.24,0.87,-0.38
194712980,-0.24,0.86,-0.37
194715071,-0.24,0.86,-0.37
194717027,-0.24,0.86,-0.37
194718980,-0.24,0.86,-0.37
194720979,-0.24,0.86,-0.37
194722969,-0.24,0.87,-0.38
194725032,-0.24,0.87,-0.38
194727017,-0.24,0.87,-0.38
194729016,-0.24,0.87,-0.38
194731030,-0.24,0.87,-0.38
194733061,-0.24,0.87,-0.38
194735025,-0.24,0.87,-0.38
194737014,-0.24,0.87,-0.38
194739012,-0.24,0.87,-0.38
194741110,-0.24,0.87,-0.38
194742976,-0.24,0.87,-0.38
194745031,-0.24,0.87,-0.38
194747016,-0.24,0.87,-0.38
194748979,-0.24,0.87,-0.38
194750983,-0.24,0.87,-0.38
194752975,-0.24,0.86,-0.38
194755033,-0.24,0.86,-0.38
194757003,-0.24,0.86,-0.38
194758979,-0.24,0.86,-0.38
194760977,-0.24,0.86,-0.38
194762971,-0.25,0.86,-0.36
194765128,-0.25,0.86,-0.36
194767015,-0.25,0.86,-0.36
194769019,-0.25,0.86,-0.36
194771024,-0.25,0.86,-0.36
194773060,-0.25,0.86,-0.36
194775021,-0.24,0.86,-0.37
194777036,-0.24,0.86,-0.37
194779053,-0.24,0.86,-0.37
194781044,-0.24,0.86,-0.37
194783014,-0.24,0.86,-0.37
194784974,-0.24,0.87,-0.38
194786971,-0.24,0.87,-0.38
194789001,-0.24,0.87,-0.38
194791148,-0.24,0.87,-0.38
194792988,-0.24,0.87,-0.38
194794986,-0.24,0.87,-0.38
194797001,-0.24,0.87,-0.38
194799018,-0.24,0.87,-0.38
194800979,-0.24,0.87,-0.38
194802972,-0.24,0.87,-0.38
194805027,-0.24,0.87,-0.38
194807013,-0.24,0.87,-0.38
194809012,-0.24,0.87,-0.38
194811021,-0.24,0.87,-0.38
194813016,-0.24,0.87,-0.38
194815128,-0.24,0.86,-0.38
194817029,-0.24,0.86,-0.38
194819010,-0.24,0.86,-0.38
194821014,-0.24,0.86,-0.38
194822979,-0.24,0.86,-0.38
194824980,-0.24,0.87,-0.38
194826970,-0.24,0.87,-0.38
194828980,-0.24,0.87,-0.38
194831044,-0.24,0.87,-0.38
194832993,-0.24,0.87,-0.38
194834971,-0.23,0.87,-0.38
194836982,-0.23,0.87,-0.38
194839026,-0.23,0.87,-0.38
194841081,-0.23,0.87,-0.38
194842980,-0.23,0.87,-0.38
194805027,-0.24,0.87,-0.38
194807013,-0.24,0.87,-0.38
194809012,-0.24,0.87,-0.38
194811021,-0.24,0.87,-0.38
194813016,-0.24,0.87,-0.38
194815128,-0.24,0.86,-0.38
194817029,-0.24,0.86,-0.38
194819010,-0.24,0.86,-0.38
